Report ID,Report Version,Reporting Entity,Report Type,Report Month,Report Year,Report Submission Date,VIN,VIN - Unknown,Serial Number,Make,Model,Model - Unknown,Model Year,Model Year - Unknown,Same Vehicle ID,Mileage,Mileage - Unknown,Driver / Operator Type,ADAS/ADS System Version,ADAS/ADS System Version - Unk,ADAS/ADS System Version CBI,ADAS/ADS Hardware Version,ADAS/ADS Hardware Version - Unk,ADAS/ADS Hardware Version CBI,ADAS/ADS Software Version,ADAS/ADS Software Version - Unk,ADAS/ADS Software Version CBI,Other Reporting Entities?,Other Reporting Entities? - Unk,Other Reporting Entities? - NA,Federal Regulatory Exemption?,Other Federal Reg. Exemption,Federal Reg. Exemption - Unk,Federal Reg. Exemption - No,State or Local Permit?,State or Local Permit,ADS Equipped?,Automation System Engaged?,Operating Entity,Operating Entity - Unknown,Source - Complaint/Claim,Source - Telematics,Source - Law Enforcement,Source - Field Report,Source - Testing,Source - Media,Source - Other,Source - Other Text,Incident Date,Incident Date - Unknown,Notice Received Date,Incident Time (24:00),Incident Time - Unknown,Same Incident ID,Latitude,Latitude - Unknown,Longitude,Longitude - Unknown,Address,Address - Unknown,City,City - Unknown,State,Zip Code,Zip Code - Unknown,Roadway Type,Roadway Surface,Roadway Description,Posted Speed Limit (MPH),Posted Speed Limit - Unknown,Lighting,Weather - Clear,Weather - Snow,Weather - Cloudy,Weather - Fog/Smoke,Weather - Rain,Weather - Severe Wind,Weather - Unknown,Weather - Other,Weather - Other Text,Crash With,Highest Injury Severity Alleged,Property Damage?,CP Pre-Crash Movement,CP Any Air Bags Deployed?,CP Was Vehicle Towed?,CP Contact Area - Rear Left,CP Contact Area - Left,CP Contact Area - Front Left,CP Contact Area - Rear,CP Contact Area - Top,CP Contact Area - Front,CP Contact Area - Rear Right,CP Contact Area - Right,CP Contact Area - Front Right,CP Contact Area - Bottom,CP Contact Area - Unknown,SV Pre-Crash Movement,SV Any Air Bags Deployed?,SV Was Vehicle Towed?,SV Were All Passengers Belted?,SV Precrash Speed (MPH),SV Pre-crash Speed - Unknown,SV Contact Area - Rear Left,SV Contact Area - Left,SV Contact Area - Front Left,SV Contact Area - Rear,SV Contact Area - Top,SV Contact Area - Front,SV Contact Area - Rear Right,SV Contact Area - Right,SV Contact Area - Front Right,SV Contact Area - Bottom,SV Contact Area - Unknown,Data Availability - EDR,Data Availability - Police Rpt,Data Availability - Telematics,Data Availability - Complaints,Data Availability - Video,Data Availability - Other,Data Availability - No Data,Data Availability - Unknown,Law Enforcement Investigating?,Investigating Agency,Investigating Agency - Unknown,Rep Ent Or Mfr Investigating?,Investigating Officer Name,Inv. Officer Name - Unknown,Investigating Officer Phone,Inv. Officer Phone - Unknown,Investigating Officer Email,Inv. Officer Email - Unknown,Within ODD?,Within ODD? - CBI,Narrative,Narrative - CBI?,hub_delta_v_less_than_1mph,hub_zip_code,hub_location,hub_crash_type,hub_is_police_reported,hub_is_any_injury_reported,data_period,VIN Decoded,Make - Unknown,Automation Feature Version,Automation Feature Version CBI,Engagement Status,Source - Internal Process Review,Source - NHTSA VOQ,Source - Other - See Narrative,Source - Other Entity,Source - State or Other Agency,Roadway-Degraded Surface,Roadway-Missing/Degraded Marking,Roadway-No Unusual Conditions,Roadway-Other-See Narrative,Roadway-Traffic Incident,Roadway-Unknown,Roadway-Wet Surface Condition,Roadway-Work Zone,Weather - Partly Cloudy,Weather - Fog/Smoke/Haze,Weather - Dust Storm,Weather - Severe Hurricane,Weather - Structure-Indoor,Weather - Unk - See Narrative,Any Air Bags Deployed?,Was Any Vehicle Towed?,Were All Passengers Belted?
30270-11569,1,Waymo LLC,Monthly,8.0,2025.0,SEP-2025,SADHW2S18R1,,,JAGUAR,I-PACE, ,2024.0, ,5a6fef52a42e563,,,,,,,,,,,,,,,,,,,,,,,ADS,Waymo LLC, , ,Y, , , , ,,,AUG-2025, ,,06:12, ,e8787d98d3f284c,[MAY CONTAIN PERSONALLY IDENTIFIABLE INFORMATION], ,[MAY CONTAIN PERSONALLY IDENTIFIABLE INFORMATION], ,, ,Atlanta, ,GA,, ,Parking Lot,,,,,,Y, , ,, , ,,,,Passenger Car,Property Damage. No Injured Reported,,Stopped,,,Y, , , , , , , , , , ,Proceeding Straight,,,,5.0, , ,Y, , , , , , , , , , , ,Y, ,Y, , , ,,, ,,,,,,,,Yes, ,"On August [XXX], 2025 at 6:12 AM ET a Waymo Autonomous Vehicle (""Waymo AV"") operating in Atlanta, Georgia was in a collision involving a passenger car in a parking lot at [XXX]. 
The Waymo AV was traveling westbound in a parking lot at [XXX] when it made a left turn and approached a passenger car that was stopped facing south within the travel lane. While the Waymo AV was maneuvering around the passenger car on the right, a passenger in the passenger car opened the rear right side door and the door made contact with the left side of the Waymo AV. At the time of the impact, the Waymo AV's Level 4 ADS was engaged in autonomous mode. Both vehicles sustained damage.
Waymo is reporting this crash under Request No. 2 of Standing General Order 2021-01. Waymo may supplement or correct its reporting with additional information as it may become available.", ,True, ,ATLANTA,All Others,False,False,post_june16,Y, ,"5th Generation ADS, Version 10", ,Verified Engaged, , , , , , , ,Y, , , , , , , , , , , ,"No Subject Vehicle, No Crash Partner","No Subject Vehicle, No Crash Partner",Subject Vehicle - No Passenger In Vehicle
30270-11571,1,Waymo LLC,5-Day,,,AUG-2025,SADHW2S13R1,,,JAGUAR,I-PACE, ,2024.0, ,850b9cf3b01cf8d,,,,,,,,,,,,,,,,,,,,,,,ADS,Waymo LLC, , ,Y, , , , ,,,AUG-2025, ,,22:48, ,ab57365228d9299,[MAY CONTAIN PERSONALLY IDENTIFIABLE INFORMATION], ,[MAY CONTAIN PERSONALLY IDENTIFIABLE INFORMATION], ,, ,Phoenix, ,AZ,, ,Street,,,,,, , , ,,Y, ,,,,"Other, see Narrative",Property Damage. No Injured Reported,,"Other, see Narrative",,, , , , , , , , , , ,Y,Proceeding Straight,,,,9.0, , , , , , , ,Y, ,Y,Y, , , ,Y, ,Y, , , ,,, ,,,,,,,,Yes, ,"On August [XXX], 2025 at 10:48 PM MT a Waymo Autonomous Vehicle (""Waymo AV"") operating in Phoenix, Arizona traveled through standing water on [XXX] near [XXX]. 
The Waymo AV was traveling southbound on [XXX] when it approached standing water in the Waymo AV's lane of travel. As the Waymo AV traveled through the standing water, the front, rear, and bottom of the Waymo AV made contact with the standing water. At the time of the impact, the Waymo AV's Level 4 ADS was engaged in autonomous mode. The Waymo AV sustained damage.
Waymo is reporting this crash under Request No. 1 of Standing General Order 2021-01 because a vehicle involved was towed away. Waymo may supplement or correct its reporting with additional information as it may become available.", ,True, ,PHOENIX,All Others,False,False,post_june16,Y, ,"5th Generation ADS, Version 10", ,Verified Engaged, , , , , , , , , , , ,Y, , , , , , , ,"No Subject Vehicle, No Crash Partner","Yes Subject Vehicle, No Crash Partner",Subject Vehicle - No Passenger In Vehicle
30270-11673,1,Waymo LLC,Monthly,8.0,2025.0,SEP-2025,SADHW2S17R1,,,JAGUAR,I-PACE, ,2024.0, ,3a591fe755ab2be,,,,,,,,,,,,,,,,,,,,,,,ADS,Waymo LLC, , ,Y, , , , ,,,AUG-2025, ,,15:05, ,a18be595695791f,[MAY CONTAIN PERSONALLY IDENTIFIABLE INFORMATION], ,[MAY CONTAIN PERSONALLY IDENTIFIABLE INFORMATION], ,, ,Scottsdale, ,AZ,, ,Street,,,,,,Y, , ,, , ,,,,SUV,Property Damage. No Injured Reported,,Proceeding Straight,,, , , , , , , , ,Y, , ,Stopped,,,,0.0, , , , , , , ,Y, , , , , , ,Y, ,Y, , , ,,Scottsdale Police Department, ,,,,,,,,Yes, ,"On August [XXX], 2025 at 3:05 PM MT a Waymo Autonomous Vehicle (""Waymo AV"") operating in Scottsdale, Arizona was in a collision involving an SUV on [XXX] at [XXX]. 
The Waymo AV was stopped facing south on [XXX] in the right turn lane behind a passenger car waiting to turn right at a stop sign at the intersection with [XXX]. An SUV initially stopped behind the Waymo AV began to proceed forward and the front of the SUV made contact with the rear of the stationary Waymo AV. At the time of the impact, the Waymo AV's Level 4 ADS was engaged in autonomous mode. The Waymo AV sustained damage.
Waymo is reporting this crash under Request No. 2 of Standing General Order 2021-01. Waymo may supplement or correct its reporting with additional information as it may become available.", ,True, ,PHOENIX,V2V F2R,True,False,post_june16,Y, ,"5th Generation ADS, Version 10", ,Verified Engaged, , , , , , , ,Y, , , , , , , , , , , ,"No Subject Vehicle, No Crash Partner","No Subject Vehicle, No Crash Partner",Subject Vehicle - No Passenger In Vehicle
30270-11611,1,Waymo LLC,Monthly,8.0,2025.0,SEP-2025,SADHW2S1XR1,,,JAGUAR,I-PACE, ,2024.0, ,00913b2756064ea,,,,,,,,,,,,,,,,,,,,,,,ADS,Waymo LLC, , ,Y, , , , ,,,AUG-2025, ,,12:15, ,1f6a25a981ec43b,[MAY CONTAIN PERSONALLY IDENTIFIABLE INFORMATION], ,[MAY CONTAIN PERSONALLY IDENTIFIABLE INFORMATION], ,, ,Phoenix, ,AZ,, ,Street,,,,,,Y, , ,, , ,,,,Pickup Truck,Property Damage. No Injured Reported,,Proceeding Straight,,, , , , , , , , ,Y, , ,Changing Lanes,,,,2.0, ,Y, , , , , , , , , , , , ,Y, ,Y, , , ,,, ,,,,,,,,Yes, ,"On August [XXX], 2025 at 12:15 PM MT a Waymo Autonomous Vehicle (""Waymo AV"") operating in Phoenix, Arizona was in a collision involving a pickup truck on [XXX] near [XXX]. 
The Waymo AV was traveling northbound on [XXX] in the second from the right lane when it began to change lanes to the rightmost lane. As the Waymo AV was completing the lane change maneuver, a pickup truck that was stopped in the rightmost lane facing north behind and to the right of the Waymo AV proceeded forward, and the front of the pickup truck made contact with the rear right side of the Waymo AV. At the time of the impact, the Waymo AV's Level 4 ADS was engaged in autonomous mode. Both vehicles sustained damage.
Waymo is reporting this crash under Request No. 2 of Standing General Order 2021-01. Waymo may supplement or correct its reporting with additional information as it may become available.", ,False, ,PHOENIX,V2V Lateral,False,False,post_june16,Y, ,"5th Generation ADS, Version 10", ,Verified Engaged, , , , , , , ,Y, , , , , , , , , , , ,"No Subject Vehicle, No Crash Partner","No Subject Vehicle, No Crash Partner",Subject Vehicle - No Passenger In Vehicle
30270-11621,1,Waymo LLC,Monthly,8.0,2025.0,SEP-2025,SADHW2S16R1,,,JAGUAR,I-PACE, ,2024.0, ,4344243e551758a,,,,,,,,,,,,,,,,,,,,,,,ADS,Waymo LLC, , ,Y, , , , ,,,AUG-2025, ,,21:21, ,6cae2a7397f4f92,[MAY CONTAIN PERSONALLY IDENTIFIABLE INFORMATION], ,[MAY CONTAIN PERSONALLY IDENTIFIABLE INFORMATION], ,, ,Phoenix, ,AZ,, ,Intersection,,,,,,Y, , ,, , ,,,,Passenger Car,Property Damage. No Injured Reported,,Changing Lanes,,, , , , , ,Y, , , , , ,Proceeding Straight,,,,32.0, , , , , , , , ,Y, , , , , ,Y, ,Y, , , ,,Phoenix Police Department, ,,,,,,,,Yes, ,"On August [XXX], 2025 at 9:21 PM MT a Waymo Autonomous Vehicle (""Waymo AV"") operating in Phoenix, Arizona was in a collision involving a passenger car on [XXX] at [XXX]. 
The Waymo AV was traveling southbound on [XXX] in the leftmost lane. As the Waymo AV continued to proceed straight as it approached a green light at the intersection at [XXX], a passenger car traveling southbound in the adjacent, second to the leftmost lane, attempted to turn left and entered into the Waymo AV's lane of travel. The front left side of the passenger car made contact with the right side of the Waymo AV. At the time of the impact, the Waymo AV's Level 4 ADS was engaged in autonomous mode. Both vehicles sustained damage.
Waymo is reporting this crash under Request No. 2 of Standing General Order 2021-01. Waymo may supplement or correct its reporting with additional information as it may become available.", ,False, ,PHOENIX,V2V Intersection,True,False,post_june16,Y, ,"5th Generation ADS, Version 10", ,Verified Engaged, , , , , , , ,Y, , , , , , , , , , , ,"No Subject Vehicle, No Crash Partner","No Subject Vehicle, No Crash Partner",Subject Vehicle - No Passenger In Vehicle
30270-11594,1,Waymo LLC,Monthly,8.0,2025.0,SEP-2025,SADHW2S16R1,,,JAGUAR,I-PACE, ,2024.0, ,1cfded7638df02b,,,,,,,,,,,,,,,,,,,,,,,ADS,Waymo LLC, , ,Y, , , , ,,,AUG-2025, ,,13:32, ,30e47111d000eb5,[MAY CONTAIN PERSONALLY IDENTIFIABLE INFORMATION], ,[MAY CONTAIN PERSONALLY IDENTIFIABLE INFORMATION], ,, ,Paradise Valley, ,AZ,, ,Street,,,,,,Y, , ,, , ,,,,Other Fixed Object,Property Damage. No Injured Reported,,,,,,,,,,,,,,,,Proceeding Straight,,,,2.0, , , , , , , , , ,Y, , , , ,Y, ,Y, , , ,,, ,,,,,,,,Yes, ,"On August [XXX], 2025 at 1:32 PM MT a Waymo Autonomous Vehicle (""Waymo AV"") operating in Paradise Valley, Arizona was in a collision involving an automated flagger assistance device on [XXX] near [XXX]. 
The Waymo AV was traveling northbound on [XXX] when it came to a stop to yield to an automated flagger assistance device that was positioned near the east curb of [XXX]. The arm of the automated flagger assistance device lowered onto the front of the Waymo AV and then the Waymo AV proceeded forward, making further contact with the arm of the automated flagger assistance device. At the time of the impact, the Waymo AV's Level 4 ADS was engaged in autonomous mode. The automated flagger assistance device sustained damage.
Waymo is reporting this crash under Request No. 2 of Standing General Order 2021-01. Waymo may supplement or correct its reporting with additional information as it may become available.", ,True, ,PHOENIX,Single Vehicle,False,False,post_june16,Y, ,"5th Generation ADS, Version 10", ,Verified Engaged, , , , , , , , , , , , ,Y, , , , , , ,"No Subject Vehicle, No Crash Partner","No Subject Vehicle, No Crash Partner",Subject Vehicle - All Belted
30270-11498,1,Waymo LLC,Monthly,8.0,2025.0,SEP-2025,SADHW2S11R1,,,JAGUAR,I-PACE, ,2024.0, ,c71544630634005,,,,,,,,,,,,,,,,,,,,,,,ADS,Waymo LLC, , ,Y, , , , ,,,AUG-2025, ,,12:38, ,e8aa41fded38ec7,[MAY CONTAIN PERSONALLY IDENTIFIABLE INFORMATION], ,[MAY CONTAIN PERSONALLY IDENTIFIABLE INFORMATION], ,, ,Mesa, ,AZ,, ,Parking Lot,,,,,,Y, , ,, , ,,,,Passenger Car,Property Damage. No Injured Reported,,Backing,,, , , ,Y, , , , , , , ,Parked,,,,0.0, ,Y, , , , , , , , , , , , ,Y, ,Y, , , ,,, ,,,,,,,,Yes, ,"On August [XXX], 2025 at 12:38 PM MT a Waymo Autonomous Vehicle (""Waymo AV"") operating in Mesa, Arizona was in a collision involving a passenger car in a parking lot at [XXX]. 
The Waymo AV was parked with its hazard lights activated for a passenger pick-up facing west in a parking lot at [XXX]. A passenger car parked in a parking stall behind and to the right of the Waymo AV reversed out of the parking stall, and the rear left side of the passenger car made contact with the rear right side of the stationary Waymo AV.  At the time of the impact, the Waymo AV's Level 4 ADS was engaged in autonomous mode. Both vehicles sustained damage.
Waymo is reporting this crash under Request No. 2 of Standing General Order 2021-01. Waymo may supplement or correct its reporting with additional information as it may become available.", ,True, ,PHOENIX,V2V Backing,False,False,post_june16,Y, ,"5th Generation ADS, Version 10", ,Verified Engaged, , , , , , , ,Y, , , , , , , , , , , ,"No Subject Vehicle, No Crash Partner","No Subject Vehicle, No Crash Partner",Subject Vehicle - No Passenger In Vehicle
30270-11499,1,Waymo LLC,5-Day,,,AUG-2025,SADHW2S15M1,,,JAGUAR,I-PACE, ,2021.0, ,c4c1d30bed93b05,,,In-Vehicle (Commercial / Test),,,,,,,,,,,,,,,,,,,,ADS,Waymo LLC, , ,Y, , , , ,,,AUG-2025, ,,11:16, ,0444203bbe1ac87,[MAY CONTAIN PERSONALLY IDENTIFIABLE INFORMATION], ,[MAY CONTAIN PERSONALLY IDENTIFIABLE INFORMATION], ,, ,Houston, ,TX,, ,Intersection,,,,,, , ,Y,, , ,,,,Other Fixed Object,Property Damage. No Injured Reported,,,,,,,,,,,,,,,,Proceeding Straight,,,,12.0, , , , , , , , ,Y, , , , , ,Y, ,Y, , , ,,, ,,,,,,,,Yes, ,"On August [XXX], 2025 at 11:16 AM CT a Waymo Autonomous Vehicle (""Waymo AV"") operating in Houston, Texas was in a collision involving a roadside curb on [XXX] at [XXX]. 
The Waymo AV was traveling westbound on [XXX] when a passenger car that was traveling northbound on [XXX]  made a left turn onto westbound [XXX] into the Waymo AV's lane of travel. As the passenger car approached the left of the Waymo AV, the test driver transitioned to manual mode and manually maneuvered the Waymo AV to the right, and the front right and rear right tires of the Waymo AV made contact with the curb. At the time of the impact, the Waymo AV's Level 4 ADS was not engaged and a test driver was operating the Waymo AV in manual mode. The Waymo AV sustained damage.
Waymo is reporting this crash under Request No. 1 of Standing General Order 2021-01 because a vehicle involved was towed away. Waymo may supplement or correct its reporting with additional information as it may become available.", ,,,,,,,post_june16,Y, ,"5th Generation ADS, Version 10", ,Verified Not Engaged, , , , , , , ,Y, , , , , , , , , , , ,"No Subject Vehicle, No Crash Partner","Yes Subject Vehicle, No Crash Partner",Subject Vehicle - All Belted
30270-11500,1,Waymo LLC,5-Day,,,AUG-2025,SADHW2S15R1,,,JAGUAR,I-PACE, ,2024.0, ,feeb9235b719c75,,,,,,,,,,,,,,,,,,,,,,,ADS,Waymo LLC, , ,Y, , , , ,,,AUG-2025, ,,12:42, ,563dda883ac7ccc,[MAY CONTAIN PERSONALLY IDENTIFIABLE INFORMATION], ,[MAY CONTAIN PERSONALLY IDENTIFIABLE INFORMATION], ,, ,Phoenix, ,AZ,, ,Street,,,,,,Y, , ,, , ,,,,"Other, see Narrative",Property Damage. No Injured Reported,,"Other, see Narrative",,, , , , , , , , , , ,Y,Proceeding Straight,,,,13.0, , , , , , ,Y, , , , , , , ,Y, ,Y, , , ,,, ,,,,,,,,Yes, ,"On August [XXX], 2025 at 12:42 PM MT a Waymo Autonomous Vehicle (""Waymo AV"") operating in Phoenix, Arizona was in a collision involving a section of removed pavement on [XXX] near [XXX]. 
The Waymo AV was traveling southbound through a construction zone on [XXX] in the rightmost lane delineated by a line of temporary orange pylons when it approached a parked construction truck in its lane of travel with a mounted arrow board displaying a flashing left arrow. The Waymo AV changed lanes to continue traveling southbound on [XXX] to the left of the line of pylons. As the Waymo AV continued to follow the path delineated by the pylons, it encountered a section of the pavement that had been removed creating a drop in the lane surface, and the front left wheel proceeded over the section of removed pavement.. At the time of the impact, the Waymo AV's Level 4 ADS was engaged in autonomous mode. The Waymo AV sustained damage.
Waymo is reporting this crash under Request No. 1 of Standing General Order 2021-01 because a vehicle involved was towed away. Waymo may supplement or correct its reporting with additional information as it may become available.", ,False, ,PHOENIX,Single Vehicle,False,False,post_june16,Y, ,"5th Generation ADS, Version 10", ,Verified Engaged, , , , , , , , , , , , ,Y, , , , , , ,"No Subject Vehicle, No Crash Partner","Yes Subject Vehicle, No Crash Partner",Subject Vehicle - No Passenger In Vehicle
30270-11502,1,Waymo LLC,Monthly,8.0,2025.0,SEP-2025,SADHW2S17M1,,,JAGUAR,I-PACE, ,2021.0, ,8d461142a6059de,,,,,,,,,,,,,,,,,,,,,,,ADS,Waymo LLC, , ,Y, , , , ,,,AUG-2025, ,,01:47, ,ace9343897148f7,[MAY CONTAIN PERSONALLY IDENTIFIABLE INFORMATION], ,[MAY CONTAIN PERSONALLY IDENTIFIABLE INFORMATION], ,, ,Phoenix, ,AZ,, ,Parking Lot,,,,,,Y, , ,, , ,,,,Passenger Car,Property Damage. No Injured Reported,,Proceeding Straight,,, , , , , , , , ,Y, , ,Parked,,,,0.0, , , , , , , ,Y, , , , , , ,Y, ,Y, , , ,,, ,,,,,,,,Yes, ,"On August [XXX], 2025 at 1:47 AM MT a Waymo Autonomous Vehicle (""Waymo AV"") operating in Phoenix, Arizona was in a collision involving a passenger car in the West Parking Lot off of [XXX] at the [XXX]. 
The Waymo AV was parked facing south in a parking stall in the West Parking Lot off of [XXX]. While the Waymo AV remained parked, a passenger car that was parked in a separate row of parking stalls behind the Waymo AV proceeded forward to exit the parking stall and the front of the passenger car made contact with the rear left of the stationary Waymo AV.  At the time of the impact, the Waymo AV's Level 4 ADS was engaged in autonomous mode. Both vehicles sustained damage.
Waymo is reporting this crash under Request No. 2 of Standing General Order 2021-01. Waymo may supplement or correct its reporting with additional information as it may become available.", ,False, ,PHOENIX,V2V F2R,False,False,post_june16,Y, ,"5th Generation ADS, Version 10", ,Verified Not Engaged, , , , , , , ,Y, , , , , , , , , , , ,"No Subject Vehicle, No Crash Partner","No Subject Vehicle, No Crash Partner",Subject Vehicle - No Passenger In Vehicle
30270-11545,1,Waymo LLC,5-Day,,,AUG-2025,SADHW2S19R1,,,JAGUAR,I-PACE, ,2024.0, ,5071b1e30878c2e,,,,,,,,,,,,,,,,,,,,,,,ADS,Waymo LLC, , ,Y, , , , ,,,AUG-2025, ,,17:11, ,0e6365006633bea,[MAY CONTAIN PERSONALLY IDENTIFIABLE INFORMATION], ,[MAY CONTAIN PERSONALLY IDENTIFIABLE INFORMATION], ,, ,Phoenix, ,AZ,, ,Intersection,,,,,,Y, , ,, , ,,,,Passenger Car,Property Damage. No Injured Reported,,Proceeding Straight,,, ,Y, , , , , , , , , ,Proceeding Straight,,,,15.0, , , , , , , , , ,Y, , , , ,Y, ,Y, , , ,,Phoenix Police Department, ,,,,,,,,Yes, ,"On August [XXX], 2025 at 5:11 PM MT a Waymo Autonomous Vehicle (""Waymo AV"") operating in Phoenix, Arizona was in a collision involving a passenger car on [XXX] at the frontage road following the off-ramp exit of Interstate [XXX]. 
The Waymo AV was traveling westbound on [XXX] and proceeding into the intersection with the frontage road off-ramp of Interstate [XXX] on a green light. As the Waymo AV began to enter the intersection, a passenger car traveling southbound on the frontage road off-ramp of Interstate [XXX] proceeded through the intersection without stopping at the red light. The Waymo AV applied hard braking and the front of the Waymo AV made contact with the left side of the passenger car. At the time of the impact, the Waymo AV's Level 4 ADS was engaged in autonomous mode. Both vehicles sustained damage.
Waymo is reporting this crash under Request No. 1 of Standing General Order 2021-01 because a vehicle involved was towed away. Waymo may supplement or correct its reporting with additional information as it may become available.", ,False, ,PHOENIX,V2V Intersection,True,False,post_june16,Y, ,"5th Generation ADS, Version 10", ,Verified Engaged, , , , , , , ,Y, , , , , , , , , , , ,"No Subject Vehicle, No Crash Partner","Yes Subject Vehicle, No Crash Partner",Subject Vehicle - All Belted
30270-11525,1,Waymo LLC,5-Day,,,AUG-2025,SADHW2S10R1,,,JAGUAR,I-PACE, ,2024.0, ,c07483f5a991e23,,,,,,,,,,,,,,,,,,,,,,,ADS,Waymo LLC, , ,Y, , , , ,,,AUG-2025, ,,02:53, ,9a5142ef6a080a0,[MAY CONTAIN PERSONALLY IDENTIFIABLE INFORMATION], ,[MAY CONTAIN PERSONALLY IDENTIFIABLE INFORMATION], ,, ,Phoenix, ,AZ,, ,Street,,,,,,Y, , ,, , ,,,,Heavy Truck,Property Damage. No Injured Reported,,Making Right Turn,,, , , , , , , ,Y, , , ,Stopped,,,,0.0, , ,Y, , , , , , , , , , , ,Y, ,Y, , , ,,, ,,,,,,,,Yes, ,"On August [XXX], 2025 at 2:53 AM MT a Waymo Autonomous Vehicle (""Waymo AV"") operating in Phoenix, Arizona was in a collision involving a heavy truck at the entrance of a parking lot located at [XXX]. 
The Waymo AV was traveling eastbound on [XXX] in the right lane preparing for a right turn into a parking lot at [XXX], and a heavy truck was traveling eastbound in the left adjacent lane. As the vehicles were traveling side-by-side and approaching the parking lot entrance, the heavy truck activated its right turn signal and then the Waymo AV activated its right turn signal. As the heavy truck proceeded to make a right turn into the parking lot from the left lane and crossed into the Waymo AV's lane of travel, the Waymo AV slowed to a stop to yield to the heavy truck. The heavy truck continued to turn right into the parking lot and the right side of the heavy truck made contact with the left side of the stationary Waymo AV. At the time of the impact, the Waymo AV's Level 4 ADS was engaged in autonomous mode. The Waymo AV sustained damage.
Waymo is reporting this crash under Request No. 1 of Standing General Order 2021-01 because a vehicle involved was towed away. Waymo may supplement or correct its reporting with additional information as it may become available.", ,False, ,PHOENIX,V2V Intersection,True,False,post_june16,Y, ,"5th Generation ADS, Version 10", ,Verified Engaged, , , , , , , ,Y, , , , , , , , , , , ,"No Subject Vehicle, No Crash Partner","Yes Subject Vehicle, No Crash Partner",Subject Vehicle - No Passenger In Vehicle
30270-11546,1,Waymo LLC,5-Day,,,AUG-2025,SADHW2S14R1,,,JAGUAR,I-PACE, ,2024.0, ,9b08fa2a330786b,,,,,,,,,,,,,,,,,,,,,,,ADS,Waymo LLC, , ,Y, , , , ,,,AUG-2025, ,,20:14, ,b615a24ab23cdb1,[MAY CONTAIN PERSONALLY IDENTIFIABLE INFORMATION], ,[MAY CONTAIN PERSONALLY IDENTIFIABLE INFORMATION], ,, ,Phoenix, ,AZ,, ,Street,,,,,, , , ,,Y, ,,,,Other Fixed Object,Property Damage. No Injured Reported,,,,,,,,,,,,,,,,Proceeding Straight,,,,29.0, , , , , , , , , ,Y, , , , ,Y, ,Y, , , ,,, ,,,,,,,,Yes, ,"On August [XXX], 2025 at 8:14 PM MT a Waymo Autonomous Vehicle (""Waymo AV"") operating in Phoenix, Arizona was in a collision involving a fallen utility line on [XXX] near [XXX]. 
The Waymo AV was traveling westbound in the right lane on [XXX] when the front of the Waymo AV made contact with a fallen utility line hanging in the travel lane. At the time of the impact, the Waymo AV's Level 4 ADS was engaged in autonomous mode. The Waymo AV sustained damage.
Waymo is reporting this crash under Request No. 1 of Standing General Order 2021-01 because a vehicle involved was towed away. Waymo may supplement or correct its reporting with additional information as it may become available.", ,True, ,PHOENIX,Single Vehicle,False,False,post_june16,Y, ,"5th Generation ADS, Version 10", ,Verified Engaged, , , , , , , , , , , ,Y, , , , , , , ,"No Subject Vehicle, No Crash Partner","Yes Subject Vehicle, No Crash Partner",Subject Vehicle - All Belted