Report ID,Report Version,Reporting Entity,Report Type,Report Month,Report Year,Report Submission Date,VIN,VIN - Unknown,Serial Number,Make,Model,Model - Unknown,Model Year,Model Year - Unknown,Same Vehicle ID,Mileage,Mileage - Unknown,Driver / Operator Type,ADAS/ADS System Version,ADAS/ADS System Version - Unk,ADAS/ADS System Version CBI,ADAS/ADS Hardware Version,ADAS/ADS Hardware Version - Unk,ADAS/ADS Hardware Version CBI,ADAS/ADS Software Version,ADAS/ADS Software Version - Unk,ADAS/ADS Software Version CBI,Other Reporting Entities?,Other Reporting Entities? - Unk,Other Reporting Entities? - NA,Federal Regulatory Exemption?,Other Federal Reg. Exemption,Federal Reg. Exemption - Unk,Federal Reg. Exemption - No,State or Local Permit?,State or Local Permit,ADS Equipped?,Automation System Engaged?,Operating Entity,Operating Entity - Unknown,Source - Complaint/Claim,Source - Telematics,Source - Law Enforcement,Source - Field Report,Source - Testing,Source - Media,Source - Other,Source - Other Text,Incident Date,Incident Date - Unknown,Notice Received Date,Incident Time (24:00),Incident Time - Unknown,Same Incident ID,Latitude,Latitude - Unknown,Longitude,Longitude - Unknown,Address,Address - Unknown,City,City - Unknown,State,Zip Code,Zip Code - Unknown,Roadway Type,Roadway Surface,Roadway Description,Posted Speed Limit (MPH),Posted Speed Limit - Unknown,Lighting,Weather - Clear,Weather - Snow,Weather - Cloudy,Weather - Fog/Smoke,Weather - Rain,Weather - Severe Wind,Weather - Unknown,Weather - Other,Weather - Other Text,Crash With,Highest Injury Severity Alleged,Property Damage?,CP Pre-Crash Movement,CP Any Air Bags Deployed?,CP Was Vehicle Towed?,CP Contact Area - Rear Left,CP Contact Area - Left,CP Contact Area - Front Left,CP Contact Area - Rear,CP Contact Area - Top,CP Contact Area - Front,CP Contact Area - Rear Right,CP Contact Area - Right,CP Contact Area - Front Right,CP Contact Area - Bottom,CP Contact Area - Unknown,SV Pre-Crash Movement,SV Any Air Bags Deployed?,SV Was Vehicle Towed?,SV Were All Passengers Belted?,SV Precrash Speed (MPH),SV Pre-crash Speed - Unknown,SV Contact Area - Rear Left,SV Contact Area - Left,SV Contact Area - Front Left,SV Contact Area - Rear,SV Contact Area - Top,SV Contact Area - Front,SV Contact Area - Rear Right,SV Contact Area - Right,SV Contact Area - Front Right,SV Contact Area - Bottom,SV Contact Area - Unknown,Data Availability - EDR,Data Availability - Police Rpt,Data Availability - Telematics,Data Availability - Complaints,Data Availability - Video,Data Availability - Other,Data Availability - No Data,Data Availability - Unknown,Law Enforcement Investigating?,Investigating Agency,Investigating Agency - Unknown,Rep Ent Or Mfr Investigating?,Investigating Officer Name,Inv. Officer Name - Unknown,Investigating Officer Phone,Inv. Officer Phone - Unknown,Investigating Officer Email,Inv. Officer Email - Unknown,Within ODD?,Within ODD? - CBI,Narrative,Narrative - CBI?,hub_delta_v_less_than_1mph,hub_zip_code,hub_location,hub_crash_type,hub_is_police_reported,hub_is_any_injury_reported,data_period,VIN Decoded,Make - Unknown,Automation Feature Version,Automation Feature Version CBI,Engagement Status,Source - Internal Process Review,Source - NHTSA VOQ,Source - Other - See Narrative,Source - Other Entity,Source - State or Other Agency,Roadway-Degraded Surface,Roadway-Missing/Degraded Marking,Roadway-No Unusual Conditions,Roadway-Other-See Narrative,Roadway-Traffic Incident,Roadway-Unknown,Roadway-Wet Surface Condition,Roadway-Work Zone,Weather - Partly Cloudy,Weather - Fog/Smoke/Haze,Weather - Dust Storm,Weather - Severe Hurricane,Weather - Structure-Indoor,Weather - Unk - See Narrative,Any Air Bags Deployed?,Was Any Vehicle Towed?,Were All Passengers Belted?
30270-13326,1,Waymo LLC,5-Day,,,DEC-2025,SADHW2S15R1,,[MAY CONTAIN PERSONALLY IDENTIFIABLE INFORMATION],JAGUAR,I-PACE, ,2024.0, ,68257e5bd9a8932,,,,,,,,,,,,,,,,,,,,,,,ADS,Waymo LLC, , ,Y, , , , ,,,DEC-2025, ,,14:20, ,dfdd19231c02d44,[MAY CONTAIN PERSONALLY IDENTIFIABLE INFORMATION], ,[MAY CONTAIN PERSONALLY IDENTIFIABLE INFORMATION], ,[MAY CONTAIN PERSONALLY IDENTIFIABLE INFORMATION], ,Atlanta, ,GA,[MAY CONTAIN PERSONALLY IDENTIFIABLE INFORMATION], ,Street,,,,,, , , ,, , ,,,,Pickup Truck,Property Damage. No Injured Reported,,Passing,,, , , , , , , ,Y, , , ,Parked,,,,0.0, , , , ,Y, , , , , , , , , ,Y, ,Y, , , ,,, ,,,,,,,,Yes, ,"On December 9, 2025 at 2:20 PM ET a Waymo Autonomous Vehicle (""Waymo AV"") operating in Atlanta, Georgia was in a collision involving a pickup truck on Coca Cola Place SE near Pratt Street SE. 
The Waymo AV was stopped in-lane facing southeast on Coca Cola Place SE for a passenger pick-up with hazard lights activated. While the Waymo AV was stopped, a pickup truck traveling southeastbound on Coca Cola Place SE proceeded to pass the Waymo AV on the left and the right side of the pickup truck made contact with the rear left side of the stationary Waymo AV. At the time of the impact, the Waymo AV's Level 4 ADS was engaged in autonomous mode. Both vehicles sustained damage.

Waymo is reporting this crash under Request No. 1 of Standing General Order 2021-01 because a vehicle involved was towed away. Waymo may supplement or correct its reporting with additional information as it may become available.", ,,,,,,,post_june16,Y, ,"5th Generation ADS, Version 10", ,Verified Engaged, , , , , , , ,Y, , , , , ,Y, , , , , ,"No Subject Vehicle, No Crash Partner","Yes Subject Vehicle, No Crash Partner",Subject Vehicle - No Passenger In Vehicle
30270-2359,2,Waymo LLC,10-Day Update,,,FEB-2022,1XPBD49X0ND, ,,Peterbilt,579 Epiq, ,2022.0, ,e900e303012f4e3,42556.0, ,In-Vehicle (Commercial / Test),5th Generation ADS, , ,, , ,, , ,, , ,,, , ,,,Yes,ADS,Waymo LLC, , ,Y, , , , , ,,FEB-2022, ,FEB-2022,10:30, ,8db2e10c839c6b3,[MAY CONTAIN PERSONALLY IDENTIFIABLE INFORMATION], ,[MAY CONTAIN PERSONALLY IDENTIFIABLE INFORMATION], ,[MAY CONTAIN PERSONALLY IDENTIFIABLE INFORMATION], ,Sacaton, ,AZ ,[MAY CONTAIN PERSONALLY IDENTIFIABLE INFORMATION], ,Highway / Freeway,Dry,No Unusual Conditions,75.0, ,Daylight,Y, , , , , , , ,,Heavy Truck,No Injuries Reported,Yes,Changing Lanes,Unknown,Yes, , ,Y, , ,Y, , ,Y, , ,Proceeding Straight,No,Yes,Yes,50.0, ,Y, , , , , , , , , , , , ,Y, ,Y,Y, , ,Yes,AZ Dept. of Public Safety, ,Yes,[MAY CONTAIN PERSONALLY IDENTIFIABLE INFORMATION], ,,Y,,Y,Yes, ,"The content of this report is unchanged from the initial report submitted on February [XXX], 2022 [Report ID #30270-2258-1]. 
On February [XXX], 2022 at 10:30 AM PST a Waymo Autonomous Vehicle ('Waymo AV') Peterbilt Class 8 semi-truck and trailer, operating in Gila River, AZ was in a collision involving a box truck on [XXX] south of [XXX]. 
The Waymo AV was traveling southbound on [XXX] in autonomous mode in the right lane, and a motor coach followed by a box truck were traveling in the adjacent left lane. Traffic in the left lane began to slow and the box truck steered to the right and crossed into the right lane before making contact with the passenger side rear corner of the motor coach and then making contact with the driver side rear axle of the Waymo AV trailer. At the time of the impact, the Waymo AV was in autonomous mode, and a test driver was present (in the driver's seating position). The Waymo AV trailer, motor coach, and box truck sustained damage. 
Waymo is reporting this crash under Request No. 1 of Standing General Order 2021-01 because a vehicle involved was towed away. Waymo may supplement or correct its reporting with additional information as it may become available. This report was submitted from the Pacific time zone on the required date.", ,,,,,,,prior_june16,,,,,,,,,,,,,,,,,,,,,,,,,,,
30270-2258,1,Waymo LLC,1-Day,,,FEB-2022,1XPBD49X0ND, ,,Peterbilt,579 Epiq, ,2022.0, ,e900e303012f4e3,42556.0, ,In-Vehicle (Commercial / Test),5th Generation ADS, , ,, , ,, , ,, , ,,, , ,,,Yes,ADS,Waymo LLC, , ,Y, , , , , ,,FEB-2022, ,FEB-2022,10:30, ,8db2e10c839c6b3,[MAY CONTAIN PERSONALLY IDENTIFIABLE INFORMATION], ,[MAY CONTAIN PERSONALLY IDENTIFIABLE INFORMATION], ,[MAY CONTAIN PERSONALLY IDENTIFIABLE INFORMATION], ,Sacaton, ,AZ ,[MAY CONTAIN PERSONALLY IDENTIFIABLE INFORMATION], ,Highway / Freeway,Dry,No Unusual Conditions,75.0, ,Daylight,Y, , , , , , , ,,Heavy Truck,No Injuries Reported,Yes,Changing Lanes,Unknown,Yes, , ,Y, , ,Y, , ,Y, , ,Proceeding Straight,No,Yes,Yes,50.0, ,Y, , , , , , , , , , , , ,Y, ,Y,Y, , ,Yes,AZ Dept. of Public Safety, ,Yes,[MAY CONTAIN PERSONALLY IDENTIFIABLE INFORMATION], ,,Y,,Y,Yes, ,"On February [XXX], 2022 at 10:30 AM PST a Waymo Autonomous Vehicle (""Waymo AV"") Peterbilt Class 8 semi-truck and trailer, operating in Sacaton, AZ was in a collision involving a box truck on [XXX] south of [XXX]. 
The Waymo AV was traveling southbound on [XXX] in autonomous mode in the right lane, and a motor coach followed by a box truck were traveling in the adjacent left lane. Traffic in the left lane began to slow and the box truck steered to the right and crossed into the right lane before making contact with the passenger side rear corner of the motor coach and then making contact with the driver side rear axle of the Waymo AV trailer. At the time of the impact, the Waymo AV was in autonomous mode, and a test driver was present (in the driver's seating position). The Waymo AV trailer, motor coach, and box truck sustained damage. 
Waymo is reporting this crash under Request No. 1 of Standing General Order 2021-01 because a vehicle involved was towed away. Waymo may supplement or correct its reporting with additional information as it may become available. This report was submitted from the Pacific time zone on the required date.", ,,,,,,,prior_june16,,,,,,,,,,,,,,,,,,,,,,,,,,,
30270-4906,2,Waymo LLC,10-Day Update,,,FEB-2023,SADHW2S16M1, ,,Jaguar,I-Pace, ,2021.0, ,539ccc1f53d0028,47034.0, ,In-Vehicle (Commercial / Test),5th Generation ADS, , ,, , ,, , ,, , ,,, , ,,,Yes,ADS,Waymo LLC, , ,Y, , , , , ,,FEB-2023, ,FEB-2023,13:08, ,5ab71fb3ca70aad,[MAY CONTAIN PERSONALLY IDENTIFIABLE INFORMATION], ,[MAY CONTAIN PERSONALLY IDENTIFIABLE INFORMATION], ,[MAY CONTAIN PERSONALLY IDENTIFIABLE INFORMATION], ,Tempe, ,AZ ,[MAY CONTAIN PERSONALLY IDENTIFIABLE INFORMATION], ,Highway / Freeway,Dry,No Unusual Conditions,65.0, ,Daylight,Y, , , , , , , ,,Passenger Car,No Injuries Reported,Yes,Proceeding Straight,No,No, , ,Y, , ,Y, , ,Y, , ,Proceeding Straight,No,Yes,Yes,13.0, ,Y, , ,Y, , ,Y, , , , , , ,Y, ,Y,Y, , ,Unknown,,Y,Yes,,Y,,Y,,Y,Yes, ,"Other than removing the time zone from the narrative below and correcting the total number of lanes on the highway, the content of this report is unchanged from the initial report submitted on February 19, 2023 [REDACTED, MAY CONTAIN CONFIDENTIAL BUSINESS INFORMATION]. 
On February [XXX], 2023 at 1:08 PM PST a Waymo Autonomous Vehicle (Waymo AV) operating in Tempe, AZ was in a collision involving a Passenger Car on [XXX] near [XXX] ([XXX]).
The Waymo AV was traveling in the second lane from the right (lane 5 out of 6 lanes) in the eastbound direction of [XXX] when it started to decelerate in response to slow traffic ahead in the AVs lane. A passenger vehicle approached the Waymo AV from behind and made contact with the rear of the Waymo AV. At the time of the impact, the Waymo AVs Level 4 ADS was not engaged and a test driver was operating the Waymo AV in manual mode. The Waymo AV sustained damage. The other vehicle left the scene without exchanging information.
Waymo is reporting this crash under Request No. 1 of Standing General Order 2021-01 because a vehicle involved was towed away. Waymo may supplement or correct its reporting with additional information as it may become available.", ,,,,,,,prior_june16,,,,,,,,,,,,,,,,,,,,,,,,,,,
30270-5082,1,Waymo LLC,Monthly,2.0,2023.0,MAR-2023,SADHW2S15M1, ,,Jaguar,I-Pace, ,2021.0, ,4dd9f0bc3236236,50282.0, ,In-Vehicle (Commercial / Test),5th Generation ADS, , ,, , ,, , ,, , ,,, , ,,,Yes,ADS,Waymo LLC, , ,Y, , , , , ,,FEB-2023, ,FEB-2023,17:27, ,7c0c1b1cf93259f,[MAY CONTAIN PERSONALLY IDENTIFIABLE INFORMATION], ,[MAY CONTAIN PERSONALLY IDENTIFIABLE INFORMATION], ,[MAY CONTAIN PERSONALLY IDENTIFIABLE INFORMATION], ,Tempe, ,AZ ,[MAY CONTAIN PERSONALLY IDENTIFIABLE INFORMATION], ,Street,Dry,No Unusual Conditions,45.0, ,Daylight,Y, , , , , , , ,,SUV,No Injuries Reported,No,Changing Lanes,No,No, , , , , , , , ,Y, , ,Proceeding Straight,No,No,Yes,40.0, ,Y, , , , , , , , , , , , ,Y, ,Y,Y, , ,No,, ,Yes,, ,, ,, ,Yes, ,"On February [XXX], 2023 at 5:27 PM PST a Waymo Autonomous Vehicle (""Waymo AV"") operating in Tempe, Arizona was in a collision involving a SUV on [XXX]  at [XXX].
The Waymo AV was traveling North on [XXX] in the rightmost lane. As the Waymo AV approached the intersection of [XXX], traffic in the two lanes to the left of the Waymo AV was backed up and moving slowly or stopped. A SUV attempted to merge from the leftmost lane across a gap in traffic in the center lane and into the rightmost lane. While attempting to enter the Waymo AV's lane, the front right of the SUV made contact with the rear left of the Waymo AV. At the time of the impact, the Waymo AV's Level 4 ADS was engaged in autonomous mode, and a test driver was present (in the driver's seating position). Both vehicles sustained damage.
Waymo is reporting this crash under Request No. 2 of Standing General Order 2021-01. Waymo may supplement or correct its reporting with additional information as it may become available.", ,,,,,,,prior_june16,,,,,,,,,,,,,,,,,,,,,,,,,,,
30270-7316,2,Waymo LLC,Update,,,OCT-2024,SADHW2S11M1, ,,Jaguar,I-Pace, ,2021.0, ,03a8719f5e6a313,133760.0, ,,5th Generation ADS, , ,5th Generation, , ,Version 8, , ,, ,Y,,, ,Y,Yes (specify below),ADOT,Yes,ADS,Waymo LLC, , ,Y, , , , , ,,FEB-2024, ,FEB-2024,21:18, ,bcd03512755eab2,[MAY CONTAIN PERSONALLY IDENTIFIABLE INFORMATION], ,[MAY CONTAIN PERSONALLY IDENTIFIABLE INFORMATION], ,[MAY CONTAIN PERSONALLY IDENTIFIABLE INFORMATION], ,Chandler, ,AZ ,[MAY CONTAIN PERSONALLY IDENTIFIABLE INFORMATION], ,Intersection,Dry,No Unusual Conditions,25.0, ,Dark - Lighted,Y, , , , , , , ,,Passenger Car,Unknown,Yes,Proceeding Straight,No,No, , ,Y, , ,Y, , ,Y, , ,Stopped,No,No,Yes,0.0, ,Y, , ,Y, , ,Y, , , , , , ,Y, ,Y,Y, , ,Yes,Chandler Police Department, ,Yes,,Y,,Y,,Y,Yes, ,"This is an update to report 30270-7316-1, originally submitted on March 14, 2024. The original report indicated that law enforcement was not investigating. An Accident Information Exchange Form was completed by the [XXX]. This information is now reflected in the ""Post-Crash Information"" section. The remainder of the report remains unchanged.
On February [XXX], 2024 at 9:18 PM MST a Waymo Autonomous Vehicle (""Waymo AV"") operating in Chandler, Arizona was in a collision involving a passenger car on [XXX] at [XXX]. 
The Waymo AV was stopped at a red light on eastbound [XXX] at [XXX] when a passenger car approached from behind and made contact with the rear of the Waymo AV. At the time of the impact, the Waymo AV's Level 4 ADS was engaged in autonomous mode. Both vehicles sustained damage and the passenger in the Waymo AV reported an unspecified injury.
Waymo is reporting this crash under Request No. 2 of Standing General Order 2021-01.", ,False,85225,PHOENIX,V2V F2R,False,True,prior_june16,,,,,,,,,,,,,,,,,,,,,,,,,,,
30270-7318,3,Waymo LLC,Update,,,MAR-2024,SADHW2S1XM1, ,,Jaguar,I-Pace, ,2021.0, ,91d45c9bac07dec,122999.0, ,,5th Generation ADS, , ,5th Generation, , ,Version 8, , ,, ,Y,,, ,Y,Yes (specify below),ADOT,Yes,ADS,Waymo LLC, , ,Y, , , , , ,,FEB-2024, ,FEB-2024,16:58, ,e41b32d53ecba3c,[MAY CONTAIN PERSONALLY IDENTIFIABLE INFORMATION], ,[MAY CONTAIN PERSONALLY IDENTIFIABLE INFORMATION], ,[MAY CONTAIN PERSONALLY IDENTIFIABLE INFORMATION], ,Phoenix, ,AZ ,[MAY CONTAIN PERSONALLY IDENTIFIABLE INFORMATION], ,Street,Dry,No Unusual Conditions,35.0, ,Daylight,Y, , , , , , , ,,Passenger Car,No Injuries Reported,Yes,Making Right Turn,No,No, , , , , , , , ,Y, , ,Making Right Turn,No,No,No Passengers in Vehicle,0.0, , , , ,Y, , ,Y, , , , , , ,Y, ,Y,Y, , ,No,, ,Yes,, ,, ,, ,Yes, ,"The content of this report is unchanged from the initial report submitted on March 15, 2024 [REDACTED, MAY CONTAIN CONFIDENTIAL BUSINESS INFORMATION]
A previous version of this 10-Day update incorrectly listed the initial report's submission date as February 20, 2024.
On February [XXX], 2024 at 4:58 MT a Waymo Autonomous Vehicle (""Waymo AV"") operating in Phoenix, Arizona was in a collision involving a passenger car on [XXX] and [XXX]. 
The Waymo AV was turning right from eastbound [XXX] onto southbound  [XXX] during a green light with the passenger car traveling close behind. The Waymo AV yielded for a pedestrian about to enter the crosswalk facing a ""walk"" signal, and the passenger car made contact with the rear of the Waymo AV.  At the time of the impact, the Waymo AV's Level 4 ADS was engaged in autonomous mode. Both vehicles sustained damage.
Waymo is reporting this crash under Request No. 1 of Standing General Order 2021-01.", ,False,85102,PHOENIX,V2V F2R,False,False,prior_june16,,,,,,,,,,,,,,,,,,,,,,,,,,,
30270-7312,1,Waymo LLC,Monthly,2.0,2024.0,MAR-2024,SADHW2S14M1, ,,Jaguar,I-Pace, ,2021.0, ,09f6e9bd642f040,114290.0, ,,5th Generation ADS, , ,5th Generation, , ,Version 8, , ,, ,Y,,, ,Y,Yes (specify below),ADOT,Yes,ADS,Waymo LLC, , ,Y, , , , , ,,FEB-2024, ,FEB-2024,1:42, ,1178b9180aca868,[MAY CONTAIN PERSONALLY IDENTIFIABLE INFORMATION], ,[MAY CONTAIN PERSONALLY IDENTIFIABLE INFORMATION], ,[MAY CONTAIN PERSONALLY IDENTIFIABLE INFORMATION], ,Phoenix, ,AZ ,[MAY CONTAIN PERSONALLY IDENTIFIABLE INFORMATION], ,Street,Dry,No Unusual Conditions,40.0, ,Dark - Lighted,Y, , , , , , , ,,"Other, see Narrative",No Injuries Reported,Yes,"Other, see Narrative",Not Applicable,Not Applicable, , , , , , , , , , ,Y,Proceeding Straight,No,No,No Passengers in Vehicle,26.0, , , , , , ,Y, , , , , , , ,Y, ,Y,Y, , ,No,, ,Yes,, ,, ,, ,Yes, ,"On February [XXX], 2024 at 1:42 AM MT a Waymo Autonomous Vehicle (""Waymo AV"") operating in Phoenix, Arizona was in a collision involving debris on [XXX] towards [XXX]. 
The Waymo AV was traveling southbound on [XXX] in the center lane when the vehicle made contact with a white object that was less than 12"" in height and located in the middle of the AVs lane. At the time of the impact, the Waymo AV's Level 4 ADS was engaged in autonomous mode. The Waymo AV sustained damage.
Waymo is reporting this crash under Request No. 2 of Standing General Order 2021-01.", ,True,85040,PHOENIX,Single Vehicle,False,False,prior_june16,,,,,,,,,,,,,,,,,,,,,,,,,,,
30270-7313,1,Waymo LLC,Monthly,2.0,2024.0,MAR-2024,SADHW2S19M1, ,,Jaguar,I-Pace, ,2021.0, ,c6b9fb3009b44fc,104482.0, ,,5th Generation ADS, , ,5th Generation, , ,Version 8, , ,, ,Y,,, ,Y,Yes (specify below),ADOT,Yes,ADS,Waymo LLC, , ,Y, , , , , ,,FEB-2024, ,FEB-2024,9:30, ,5435df14596cad3,[MAY CONTAIN PERSONALLY IDENTIFIABLE INFORMATION], ,[MAY CONTAIN PERSONALLY IDENTIFIABLE INFORMATION], ,[MAY CONTAIN PERSONALLY IDENTIFIABLE INFORMATION], ,Phoenix, ,AZ ,[MAY CONTAIN PERSONALLY IDENTIFIABLE INFORMATION], ,Street,Dry,No Unusual Conditions,25.0, ,Daylight,Y, , , , , , , ,,Heavy Truck,No Injuries Reported,Yes,Backing,No,No, , , , , , , ,Y, , , ,Stopped,No,No,Yes,0.0, , , ,Y, , , , , , , , , , ,Y, ,Y,Y, , ,No,, ,Yes,, ,, ,, ,Yes, ,"On February [XXX], 2024 at 9:30 AM MT a Waymo Autonomous Vehicle (""Waymo AV"") operating in Phoenix, Arizona was in a collision involving a heavy truck and trailer near [XXX]. 
The Waymo AV was traveling east on [XXX] when it came to a stop for a heavy truck that was preparing to back into a driveway on the north side of [XXX]. While the Waymo remained stationary, the heavy truck continued to reverse and the right side of the heavy trucks trailer made contact with the front of the Waymo AV. At the time of the impact, the Waymo AVs Level 4 ADS was engaged in autonomous mode. The Waymo AV sustained damage.
Waymo is reporting this crash under Request No. 2 of Standing General Order 2021-01.", ,True,85016,PHOENIX,V2V Backing,False,False,prior_june16,,,,,,,,,,,,,,,,,,,,,,,,,,,
30270-7164,2,Waymo LLC,Update,,,FEB-2024,SADHW2S18R1, ,,Jaguar,I-Pace, ,2024.0, ,9a0d14f335c1aa1,1328.0, ,In-Vehicle (Commercial / Test),5th Generation ADS, , ,5th Generation ADS, , ,Version 8, , ,Transdev Alternative Services, , ,,, ,Y,No,,Yes,ADS,Waymo LLC, , ,Y, , , , , ,,FEB-2024, ,FEB-2024,17:01, ,9c0c60f2cb1f322,[MAY CONTAIN PERSONALLY IDENTIFIABLE INFORMATION], ,[MAY CONTAIN PERSONALLY IDENTIFIABLE INFORMATION], ,[MAY CONTAIN PERSONALLY IDENTIFIABLE INFORMATION], ,Austin, ,TX ,[MAY CONTAIN PERSONALLY IDENTIFIABLE INFORMATION], ,Intersection,Wet,No Unusual Conditions,40.0, ,Daylight, , ,Y, , , , , ,,Passenger Car,No Injuries Reported,Yes,Proceeding Straight,No,No, , , , , ,Y, , , , , ,Stopped,No,Yes,Yes,0.0, , , , ,Y, , , , , , , , , ,Y, ,Y,Y, , ,No,, ,Yes,, ,, ,, ,Yes, ,"This report is being submitted to correct a clerical error in the Driver / Operator Type field that was originally reported on February 15, 2024 [REDACTED, MAY CONTAIN CONFIDENTIAL BUSINESS INFORMATION]. Otherwise, the content of this report is unchanged.
On February [XXX], 2024 at 3:01 PM PT a Waymo Autonomous Vehicle (Waymo AV) operating in Austin, Texas was in a collision involving a passenger vehicle on a slip-lane between [XXX] and [XXX].
The Waymo AV was in the slip-lane connecting [XXX] and [XXX], preparing to merge onto northbound [XXX] with a passenger vehicle behind it. As the Waymo AV proceeded forward, actively yielding to approaching traffic, it stopped for additional approaching traffic. The passenger vehicle traveling behind the Waymo AV then made contact with the rear of the Waymo AV. At the time of the impact, the Waymo AVs Level 4 ADS was engaged in autonomous mode. Both vehicles sustained damage.
Waymo is reporting this crash under Request No. 1 of Standing General Order 2021-01 because a vehicle involved was towed away. Waymo may supplement or correct its reporting with additional information as it may become available.", ,,,,,,,prior_june16,,,,,,,,,,,,,,,,,,,,,,,,,,,
30270-9169,1,Waymo LLC,Monthly,10.0,2024.0,NOV-2024,SADHW2S10M1, ,,Jaguar,I-Pace, ,2021.0, ,2bea63531bd865d,66000.0, ,,5th Generation ADS, , ,5th Generation, , ,Version 9, , ,, ,Y,,, ,Y,Yes (specify below),ADOT,Yes,ADS,Waymo LLC, , ,Y, , , , , ,,FEB-2024, ,OCT-2024,16:36, ,a0818b37309e9c3,[MAY CONTAIN PERSONALLY IDENTIFIABLE INFORMATION], ,[MAY CONTAIN PERSONALLY IDENTIFIABLE INFORMATION], ,[MAY CONTAIN PERSONALLY IDENTIFIABLE INFORMATION], ,Tempe, ,AZ ,[MAY CONTAIN PERSONALLY IDENTIFIABLE INFORMATION], ,Street,Dry,"Other, see Narrative",35.0, ,Daylight, , ,Y, , , , , ,,Other Fixed Object,No Injuries Reported,Yes,,,, , , , , , , , , , , ,Proceeding Straight,No,No,No Passengers in Vehicle,12.0, , , , , , ,Y, , , ,Y, , , ,Y, ,Y,Y, , ,No,, ,Yes,, ,, ,, ,Yes, ,"On February [XXX], 2024 at 4:36 PM MT a Waymo Autonomous Vehicle (""Waymo AV"") operating in Tempe, Arizona was in a collision involving a fence on [XXX] at [XXX].  
The Waymo AV was traveling east on [XXX] in the rightmost lane when it approached a fence that was down partially on the rightmost lane and sidewalk from an abutting construction site. The front of the Waymo AV came in contact with the fence. At the time of the impact, the Waymo AV's Level 4 ADS was engaged in autonomous mode. The fence sustained damage.
Waymo is reporting this crash under Request No. 2 of Standing General Order 2021-01. Waymo may supplement or correct its reporting with additional information as it may become available.", ,False,85281,PHOENIX,All Others,False,False,prior_june16,,,,,,,,,,,,,,,,,,,,,,,,,,,
30270-7311,1,Waymo LLC,Monthly,2.0,2024.0,MAR-2024,SADHW2S15M1, ,,Jaguar,I-Pace, ,2021.0, ,c5a24e4de70b2d6,125707.0, ,,5th Generation ADS, , ,5th Generation, , ,Version 8, , ,, ,Y,,, ,Y,Yes (specify below),ADOT,Yes,ADS,Waymo LLC, , ,Y, , , , , ,,FEB-2024, ,FEB-2024,18:41, ,26bc72f31433ff8,[MAY CONTAIN PERSONALLY IDENTIFIABLE INFORMATION], ,[MAY CONTAIN PERSONALLY IDENTIFIABLE INFORMATION], ,[MAY CONTAIN PERSONALLY IDENTIFIABLE INFORMATION], ,Phoenix, ,AZ ,[MAY CONTAIN PERSONALLY IDENTIFIABLE INFORMATION], ,Street,Dry,No Unusual Conditions,40.0, ,Dark - Lighted,Y, , , , , , , ,,SUV,No Injuries Reported,Yes,Proceeding Straight,No,No, , , , , ,Y, , , , , ,Stopped,No,No,No Passengers in Vehicle,0.0, , , , ,Y, , , , , , , , , ,Y, ,Y,Y, , ,No,, ,Yes,, ,, ,, ,Yes, ,"On February [XXX], 2024 at 6:41 PM MT a Waymo Autonomous Vehicle (""Waymo AV"") operating in Phoenix, Arizona was in a collision involving a passenger car on [XXX] and [XXX]. 
The Waymo AV was stopped at a traffic light on eastbound [XXX] at the intersection with [XXX] and waiting for lead traffic to proceed when a passenger car approached from behind and made contact with the rear of the Waymo AV.  At the time of the impact, the Waymo AV's Level 4 ADS was engaged in autonomous mode.  The Waymo AV sustained damage and the passenger car left the scene.
Waymo is reporting this crash under Request No. 2 of Standing General Order 2021-01.", ,False,85016,PHOENIX,V2V F2R,False,False,prior_june16,,,,,,,,,,,,,,,,,,,,,,,,,,,
30270-7309,1,Waymo LLC,Monthly,2.0,2024.0,MAR-2024,SADHW2S17M1, ,,Jaguar,I-Pace, ,2021.0, ,8d461142a6059de,103278.0, ,,5th Generation ADS, , ,5th Generation, , ,Version 8, , ,, ,Y,,, ,Y,Yes (specify below),ADOT,Yes,ADS,Waymo LLC, , ,Y, , , , , ,,FEB-2024, ,FEB-2024,20:55, ,a055db2eae8befa,[MAY CONTAIN PERSONALLY IDENTIFIABLE INFORMATION], ,[MAY CONTAIN PERSONALLY IDENTIFIABLE INFORMATION], ,[MAY CONTAIN PERSONALLY IDENTIFIABLE INFORMATION], ,Tempe, ,AZ ,[MAY CONTAIN PERSONALLY IDENTIFIABLE INFORMATION], ,Intersection,Dry,No Unusual Conditions,40.0, ,Dark - Lighted,Y, , , , , , , ,,SUV,No Injuries Reported,Yes,Proceeding Straight,No,No, , , , , ,Y, , , , , ,Stopped,No,No,Yes,0.0, , , , ,Y, , , , , , , , , ,Y, ,Y,Y, , ,Yes,Tempe Police Department, ,Yes,[MAY CONTAIN PERSONALLY IDENTIFIABLE INFORMATION], ,[MAY CONTAIN PERSONALLY IDENTIFIABLE INFORMATION], ,[MAY CONTAIN PERSONALLY IDENTIFIABLE INFORMATION], ,Yes, ,"On February [XXX], 2024 at 8:55 PM MST a Waymo Autonomous Vehicle (""Waymo AV"") operating in Tempe, Arizona was in a collision involving an SUV on [XXX] at [XXX].
 
The Waymo AV was stopped at a red light on southbound [XXX] at [XXX] when an SUV approached from behind and made contact with the rear of the Waymo AV. At the time of the impact, the Waymo AV's Level 4 ADS was engaged in autonomous mode. The Waymo AV sustained damage and the SUV left the scene.
Waymo is reporting this crash under Request No. 2 of Standing General Order 2021-01.", ,False,85282,PHOENIX,V2V F2R,True,False,prior_june16,,,,,,,,,,,,,,,,,,,,,,,,,,,