Report ID,Report Version,Reporting Entity,Report Type,Report Month,Report Year,Report Submission Date,VIN,VIN - Unknown,Serial Number,Make,Model,Model - Unknown,Model Year,Model Year - Unknown,Same Vehicle ID,Mileage,Mileage - Unknown,Driver / Operator Type,ADAS/ADS System Version,ADAS/ADS System Version - Unk,ADAS/ADS System Version CBI,ADAS/ADS Hardware Version,ADAS/ADS Hardware Version - Unk,ADAS/ADS Hardware Version CBI,ADAS/ADS Software Version,ADAS/ADS Software Version - Unk,ADAS/ADS Software Version CBI,Other Reporting Entities?,Other Reporting Entities? - Unk,Other Reporting Entities? - NA,Federal Regulatory Exemption?,Other Federal Reg. Exemption,Federal Reg. Exemption - Unk,Federal Reg. Exemption - No,State or Local Permit?,State or Local Permit,ADS Equipped?,Automation System Engaged?,Operating Entity,Operating Entity - Unknown,Source - Complaint/Claim,Source - Telematics,Source - Law Enforcement,Source - Field Report,Source - Testing,Source - Media,Source - Other,Source - Other Text,Incident Date,Incident Date - Unknown,Notice Received Date,Incident Time (24:00),Incident Time - Unknown,Same Incident ID,Latitude,Latitude - Unknown,Longitude,Longitude - Unknown,Address,Address - Unknown,City,City - Unknown,State,Zip Code,Zip Code - Unknown,Roadway Type,Roadway Surface,Roadway Description,Posted Speed Limit (MPH),Posted Speed Limit - Unknown,Lighting,Weather - Clear,Weather - Snow,Weather - Cloudy,Weather - Fog/Smoke,Weather - Rain,Weather - Severe Wind,Weather - Unknown,Weather - Other,Weather - Other Text,Crash With,Highest Injury Severity Alleged,Property Damage?,CP Pre-Crash Movement,CP Any Air Bags Deployed?,CP Was Vehicle Towed?,CP Contact Area - Rear Left,CP Contact Area - Left,CP Contact Area - Front Left,CP Contact Area - Rear,CP Contact Area - Top,CP Contact Area - Front,CP Contact Area - Rear Right,CP Contact Area - Right,CP Contact Area - Front Right,CP Contact Area - Bottom,CP Contact Area - Unknown,SV Pre-Crash Movement,SV Any Air Bags Deployed?,SV Was Vehicle Towed?,SV Were All Passengers Belted?,SV Precrash Speed (MPH),SV Pre-crash Speed - Unknown,SV Contact Area - Rear Left,SV Contact Area - Left,SV Contact Area - Front Left,SV Contact Area - Rear,SV Contact Area - Top,SV Contact Area - Front,SV Contact Area - Rear Right,SV Contact Area - Right,SV Contact Area - Front Right,SV Contact Area - Bottom,SV Contact Area - Unknown,Data Availability - EDR,Data Availability - Police Rpt,Data Availability - Telematics,Data Availability - Complaints,Data Availability - Video,Data Availability - Other,Data Availability - No Data,Data Availability - Unknown,Law Enforcement Investigating?,Investigating Agency,Investigating Agency - Unknown,Rep Ent Or Mfr Investigating?,Investigating Officer Name,Inv. Officer Name - Unknown,Investigating Officer Phone,Inv. Officer Phone - Unknown,Investigating Officer Email,Inv. Officer Email - Unknown,Within ODD?,Within ODD? - CBI,Narrative,Narrative - CBI?,hub_delta_v_less_than_1mph,hub_zip_code,hub_location,hub_crash_type,hub_is_police_reported,hub_is_any_injury_reported,data_period,VIN Decoded,Make - Unknown,Automation Feature Version,Automation Feature Version CBI,Engagement Status,Source - Internal Process Review,Source - NHTSA VOQ,Source - Other - See Narrative,Source - Other Entity,Source - State or Other Agency,Roadway-Degraded Surface,Roadway-Missing/Degraded Marking,Roadway-No Unusual Conditions,Roadway-Other-See Narrative,Roadway-Traffic Incident,Roadway-Unknown,Roadway-Wet Surface Condition,Roadway-Work Zone,Weather - Partly Cloudy,Weather - Fog/Smoke/Haze,Weather - Dust Storm,Weather - Severe Hurricane,Weather - Structure-Indoor,Weather - Unk - See Narrative,Any Air Bags Deployed?,Was Any Vehicle Towed?,Were All Passengers Belted?
30270-4882,1,Waymo LLC,Monthly,1.0,2023.0,FEB-2023,2C4RC1K74HR, ,,Chrysler,Pacifica, ,2017.0, ,27c58a6d27dde97,64430.0, ,,4th Generation ADS, , ,, , ,, , ,, , ,,, , ,,,Yes,ADS,Waymo LLC, , ,Y, , , , , ,,JAN-2023, ,JAN-2023,13:53, ,34eb0b5b2852fc9,[MAY CONTAIN PERSONALLY IDENTIFIABLE INFORMATION], ,[MAY CONTAIN PERSONALLY IDENTIFIABLE INFORMATION], ,[MAY CONTAIN PERSONALLY IDENTIFIABLE INFORMATION], ,Chandler, ,AZ ,[MAY CONTAIN PERSONALLY IDENTIFIABLE INFORMATION], ,Intersection,Dry,No Unusual Conditions,25.0, ,Daylight,Y, , , , , , , ,,Pickup Truck,No Injuries Reported,Yes,Proceeding Straight,No,No, , , , , , , , ,Y, , ,Making Right Turn,No,No,No Passengers in Vehicle,0.0, ,Y, , , , , , , , , , , , ,Y, ,Y,Y, , ,No,, ,Yes,, ,, ,, ,Yes, ,"On January [XXX], 2023 at 1:53 PM PST a Waymo Autonomous Vehicle (Waymo AV) operating in Chandler, Arizona was in a collision involving a pickup truck on [XXX] and [XXX].
While attempting a right turn from [XXX] onto [XXX], the Waymo AV was stopped at a stop sign while yielding to traffic approaching from the left. A truck that had previously been stopped behind the Waymo AV proceeded forward and made contact with the rear of the Waymo AV. At the time of the impact, the Waymo AVs Level 4 ADS was engaged in autonomous mode. The Waymo AV sustained damage.
Waymo is reporting this crash under Request No. 2 of Standing General Order 2021-01. Waymo may supplement or correct its reporting with additional information as it may become available.", ,False,85224,PHOENIX,V2V F2R,False,False,prior_june16,,,,,,,,,,,,,,,,,,,,,,,,,,,
30270-6932,2,Waymo LLC,Update,,,FEB-2024,SADHW2S10M1, ,,Jaguar,I-Pace, ,2021.0, ,2a870b4e4109a7b,101858.0, ,,5th Generation, , ,5th Generation, , ,Version 8, , ,, ,Y,,, ,Y,Yes (specify below),ADOT,Yes,ADS,Waymo LLC, , ,Y, , , , , ,,JAN-2024, ,JAN-2024,03:19, ,566bb10e6506178,[MAY CONTAIN PERSONALLY IDENTIFIABLE INFORMATION], ,[MAY CONTAIN PERSONALLY IDENTIFIABLE INFORMATION], ,[MAY CONTAIN PERSONALLY IDENTIFIABLE INFORMATION], ,Phoenix, ,AZ ,[MAY CONTAIN PERSONALLY IDENTIFIABLE INFORMATION], ,Intersection,Dry,No Unusual Conditions,35.0, ,Dark - Lighted,Y, , , , , , , ,,SUV,Unknown,Yes,Proceeding Straight,Unknown,No, ,Y, , , , , , , , , ,Proceeding Straight,No,Yes,No Passengers in Vehicle,12.0, , , ,Y, , ,Y, , ,Y, , , , ,Y, ,Y,Y, , ,Yes,Phoenix Police Department, ,Yes,[MAY CONTAIN PERSONALLY IDENTIFIABLE INFORMATION], ,,Y,,Y,Yes, ,"Waymo is submitting an updated version of this report to correct the narratives incorrectly listed year from 2023 to 2024. The initial report was submitted on January 7, 2024 [REDACTED, MAY CONTAIN CONFIDENTIAL BUSINESS INFORMATION]. 
On January [XXX], 2024 at 2:19 AM PT a Waymo Autonomous Vehicle (Waymo AV) operating in Phoenix, Arizona was in a collision involving an SUV on [XXX] at [XXX].
The Waymo AV was traveling northbound on [XXX] and approaching the intersection with [XXX] with a green traffic light. As the Waymo AV approached the intersection, it detected a SUV towing a trailer traveling westbound on [XXX] at a high rate of speed. The Waymo AV braked as the SUV approached and entered the intersection against a red traffic light. The Waymo AV made contact with the driver side of the SUV. At the time of the impact, the Waymo AVs Level 4 ADS was engaged in autonomous mode. The Waymo AV sustained damage and the SUV left the scene.
Waymo is reporting this crash under Request No. 1 of Standing General Order 2021-01 because a vehicle involved was towed away. Waymo may supplement or correct its reporting with additional information as it may become available.", ,False,85015,PHOENIX,V2V Intersection,True,False,prior_june16,,,,,,,,,,,,,,,,,,,,,,,,,,,
30270-7034,1,Waymo LLC,Monthly,1.0,2024.0,FEB-2024,SADHW2S13M1, ,,Jaguar,I-Pace, ,2021.0, ,b93816a5e99f9bb,90976.0, ,In-Vehicle (Commercial / Test),5th Generation, , ,5th Generation, , ,Version 8, , ,Transdev Alternative Services, , ,,, ,Y,Yes (specify below),ADOT,Yes,ADS,Waymo LLC, , ,Y, , , , , ,,JAN-2024, ,JAN-2024,3:07, ,69fffbcf0147ff7,[MAY CONTAIN PERSONALLY IDENTIFIABLE INFORMATION], ,[MAY CONTAIN PERSONALLY IDENTIFIABLE INFORMATION], ,[MAY CONTAIN PERSONALLY IDENTIFIABLE INFORMATION], ,Chandler, ,AZ ,[MAY CONTAIN PERSONALLY IDENTIFIABLE INFORMATION], ,Intersection,Dry,No Unusual Conditions,45.0, ,Dark - Lighted,Y, , , , , , , ,,SUV,No Injuries Reported,Yes,Proceeding Straight,No,No, , ,Y, , ,Y, , ,Y, , ,Stopped,No,No,No Passengers in Vehicle,0.0, ,Y, , ,Y, , ,Y, , , , , , ,Y, ,Y,Y, , ,No,, ,Yes,, ,, ,, ,Yes, ,"On January [XXX], 2024 at 2:07 AM PT a Waymo Autonomous Vehicle (Waymo AV) operating in Chandler, Arizona was in a collision involving an SUV on [XXX] at [XXX].
The Waymo AV was stopped for a red light on southbound [XXX] when an SUV approached from behind and made contact with the rear of the Waymo AV. At the time of the impact, the Waymo AVs Level 4 ADS was engaged in autonomous mode, and a test driver was present (in the drivers seating position). Both vehicles sustained damage.
Waymo is reporting this crash under Request No. 2 of Standing General Order 2021-01. Waymo may supplement or correct its reporting with additional information as it may become available.", ,,,,,,,prior_june16,,,,,,,,,,,,,,,,,,,,,,,,,,,
30270-7048,1,Waymo LLC,5-Day,,,JAN-2024,SADHW2S15M1, ,,Jaguar,I-Pace, ,2021.0, ,c5c7ecbcc216f2e,112503.0, ,,5th Generation, , ,5th Generation, , ,Version 8, , ,, ,Y,,, ,Y,Yes (specify below),ADOT,Yes,ADS,Waymo LLC, , ,Y, , , , , ,,JAN-2024, ,JAN-2024,12:35, ,e5834db4d946bfa,[MAY CONTAIN PERSONALLY IDENTIFIABLE INFORMATION], ,[MAY CONTAIN PERSONALLY IDENTIFIABLE INFORMATION], ,[MAY CONTAIN PERSONALLY IDENTIFIABLE INFORMATION], ,Gilbert, ,AZ ,[MAY CONTAIN PERSONALLY IDENTIFIABLE INFORMATION], ,Parking Lot,Dry,"Other, see Narrative",5.0, ,Daylight, , ,Y, , , , , ,,"Other, see Narrative",No Injuries Reported,Yes,"Other, see Narrative",Not Applicable,Not Applicable, , , , , , , , , , ,Y,"Other, see Narrative",No,Yes,No Passengers in Vehicle,2.0, , , , , , , , , ,Y, , , , ,Y, ,Y,Y, , ,No,, ,Yes,, ,, ,, ,Yes, ,"On January [XXX], 2024 at 12:35 PM PT a Waymo Autonomous Vehicle (Waymo AV) operating in Gilbert, Arizona was in an event involving parking lot spikes at a parking lot entrance on [XXX] near [XXX].
The Waymo AV had approached an apartment complex parking lot entrance on [XXX] near [XXX], and encountered a closed gate, preventing access to the parking lot. Next to the closed entrance gate lane was an open exit lane, with parking lot spikes preventing wrong-way access. As the Waymo AV attempted a multi-point turn to exit the parking lot driveway and proceed on [XXX], the front passenger side tire drove over the parking lot spikes and deflated. At the time of the impact, the Waymo AVs Level 4 ADS was engaged in autonomous mode. The Waymo AV sustained damage.
Waymo is reporting this under Request No. 1 of Standing General Order 2021-01 because a vehicle involved was towed away. Waymo may supplement or correct its reporting with additional information as it may become available.", ,True,85233,PHOENIX,All Others,False,False,prior_june16,,,,,,,,,,,,,,,,,,,,,,,,,,,
30270-7058,1,Waymo LLC,5-Day,,,FEB-2024,SADHW2S14M1, ,,Jaguar,I-Pace, ,2021.0, ,09f6e9bd642f040,107479.0, ,,5th Generation, , ,5th Generation, , ,Version 8, , ,, ,Y,,, ,Y,Yes (specify below),ADOT,Yes,ADS,Waymo LLC, , ,Y, , , , , ,,JAN-2024, ,JAN-2024,09:03, ,fdf5dff21c3b9d1,[MAY CONTAIN PERSONALLY IDENTIFIABLE INFORMATION], ,[MAY CONTAIN PERSONALLY IDENTIFIABLE INFORMATION], ,[MAY CONTAIN PERSONALLY IDENTIFIABLE INFORMATION], ,Scottsdale, ,AZ ,[MAY CONTAIN PERSONALLY IDENTIFIABLE INFORMATION], ,Parking Lot,Dry,No Unusual Conditions,15.0, ,Daylight,Y, , , , , , , ,,"Other, see Narrative",No Injuries Reported,Yes,"Other, see Narrative",Not Applicable,Not Applicable, , , , , , , , , , ,Y,Proceeding Straight,No,Yes,Yes,10.0, , , , , , , ,Y, , , , , , ,Y, ,Y,Y, , ,No,, ,Yes,, ,, ,, ,Yes, ,"On January [XXX], 2024 at 8:03 AM PT a Waymo Autonomous Vehicle (Waymo AV) operating in Scottsdale, Arizona was in a collision involving an automatic gate in an apartment complex parking lot entrance on [XXX] near [XXX].
The Waymo AV attempted to enter the apartment complex parking lot entrance as an automatic gate was closing. As the Waymo AV passed the closing gate, the gate made contact with the rear passenger side corner of the Waymo AV. At the time of the impact, the Waymo AVs Level 4 ADS was engaged in autonomous mode. The Waymo AV sustained damage.
Waymo is reporting this crash under Request No. 1 of Standing General Order 2021-01 because a vehicle involved was towed away. Waymo may supplement or correct its reporting with additional information as it may become available.", ,True,85251,PHOENIX,Single Vehicle,False,False,prior_june16,,,,,,,,,,,,,,,,,,,,,,,,,,,
30270-7158,1,Waymo LLC,Monthly,1.0,2024.0,FEB-2024,SADHW2S10M1, ,,Jaguar,I-Pace, ,2021.0, ,f68ec82537e85e7,85993.0, ,,5th Generation, , ,5th Generation, , ,Version 8, , ,, ,Y,,, ,Y,Yes (specify below),ADOT,Yes,ADS,Waymo LLC, , ,Y, , , , , ,,JAN-2024, ,JAN-2024,08:57, ,41439f705214d5b,[MAY CONTAIN PERSONALLY IDENTIFIABLE INFORMATION], ,[MAY CONTAIN PERSONALLY IDENTIFIABLE INFORMATION], ,[MAY CONTAIN PERSONALLY IDENTIFIABLE INFORMATION], ,Phoenix, ,AZ ,[MAY CONTAIN PERSONALLY IDENTIFIABLE INFORMATION], ,Intersection,Dry,No Unusual Conditions,35.0, ,Daylight,Y, , , , , , , ,,SUV,No Injuries Reported,Yes,Backing,Unknown,Unknown, , , , , , ,Y, , , , ,Stopped,No,No,No Passengers in Vehicle,0.0, , ,Y, , , , , , , , , , , ,Y, ,Y,Y, , ,Yes,,Y,Yes,[MAY CONTAIN PERSONALLY IDENTIFIABLE INFORMATION], ,,Y,,Y,Yes, ,"On January [XXX], 2024 at 7:57 AM PT a Waymo Autonomous Vehicle (Waymo AV) operating in Phoenix, Arizona was in a collision involving an SUV on [XXX] at [XXX]. 
The Waymo AV was stopped at a red light with multiple other vehicles on southbound [XXX] at [XXX], when an SUV with a deflated front driver side tire approached the intersection, traveling westbound on [XXX]. The SUV attempted to make a right turn onto northbound [XXX] at a high rate of speed, and entered the oncoming lanes of traffic where the Waymo AV and other vehicles were stopped at southbound [XXX]. The SUV then made contact with another SUV and a passenger vehicle in the left adjacent lane to the Waymo AV, and pushed the other SUV into the side of the Waymo AV (which was still stationary, waiting at the red light). At the time of the impact, the Waymo AVs Level 4 ADS was engaged in autonomous mode. The three other vehicles sustained damage, but the Waymo AV did not.
Waymo is reporting this crash under Request No. 2 of Standing General Order 2021-01. Waymo may supplement or correct its reporting with additional information as it may become available.", ,False,85034,PHOENIX,Secondary Crash,True,False,prior_june16,,,,,,,,,,,,,,,,,,,,,,,,,,,
30270-7159,1,Waymo LLC,Monthly,1.0,2024.0,FEB-2024,SADHW2S14M1, ,,Jaguar,I-Pace, ,2021.0, ,198cbd52b165ea7,114229.0, ,,5th Generation, , ,5th Generation, , ,Version 8, , ,, ,Y,,, ,Y,Yes (specify below),ADOT,Yes,ADAS,Waymo LLC, , ,Y, , , , , ,,JAN-2024, ,JAN-2024,7:41, ,824979b8339ba57,[MAY CONTAIN PERSONALLY IDENTIFIABLE INFORMATION], ,[MAY CONTAIN PERSONALLY IDENTIFIABLE INFORMATION], ,[MAY CONTAIN PERSONALLY IDENTIFIABLE INFORMATION], ,Tempe, ,AZ ,[MAY CONTAIN PERSONALLY IDENTIFIABLE INFORMATION], ,Intersection,Dry,No Unusual Conditions,40.0, ,Dawn / Dusk,Y, , , , , , , ,,SUV,No Injuries Reported,Yes,Proceeding Straight,No,No, , ,Y, , ,Y, , ,Y, , ,Stopped,No,No,Yes,0.0, ,Y, , ,Y, , ,Y, , , , , , ,Y, ,Y,Y, , ,Yes,Tempe Police Department, ,Yes,[MAY CONTAIN PERSONALLY IDENTIFIABLE INFORMATION], ,,Y,,Y,Yes, ,"On January [XXX], 2024 at 7:41 AM PT a Waymo Autonomous Vehicle (Waymo AV) operating in Tempe, Arizona was in a collision involving an SUV on [XXX] at the intersection with the on and off ramps for westbound [XXX]. 
The Waymo AV was stopped in traffic for a red light on southbound [XXX] when an SUV approached from behind and made contact with the rear of the Waymo AV. At the time of the impact, the Waymo AVs Level 4 ADS was engaged in autonomous mode. The Waymo AV sustained damage.
Waymo is reporting this crash under Request No. 2 of Standing General Order 2021-01. Waymo may supplement or correct its reporting with additional information as it may become available.", ,False,85282,PHOENIX,V2V F2R,True,False,prior_june16,,,,,,,,,,,,,,,,,,,,,,,,,,,
30270-7160,1,Waymo LLC,Monthly,1.0,2024.0,FEB-2024,SADHW2S10M1, ,,Jaguar,I-Pace, ,2021.0, ,2bea63531bd865d,,Y,,5th Generation, , ,5th Generation, , ,Version 8, , ,, ,Y,,, ,Y,Yes (specify below),ADOT,Yes,ADS,Waymo LLC, ,Y, , , , , , ,,JAN-2024, ,JAN-2024,15:51, ,8288654b083d6f8,[MAY CONTAIN PERSONALLY IDENTIFIABLE INFORMATION], ,[MAY CONTAIN PERSONALLY IDENTIFIABLE INFORMATION], ,[MAY CONTAIN PERSONALLY IDENTIFIABLE INFORMATION], ,Scottsdale, ,AZ ,[MAY CONTAIN PERSONALLY IDENTIFIABLE INFORMATION], ,Intersection,Dry,No Unusual Conditions,40.0, ,Daylight, , ,Y, , , , , ,,"Other, see Narrative",Unknown,Yes,"Other, see Narrative",Unknown,Unknown, , , , , , , , , , ,Y,Making Left Turn,No,No,No Passengers in Vehicle,7.0, , , , , , , , , , , ,Y, , ,Y, ,Y,Y, , ,No,, ,Yes,, ,, ,, ,Yes, ,"On January [XXX], 2024 at 2:51 PM PT a Waymo Autonomous Vehicle (Waymo AV) operating in Scottsdale, Arizona was alleged to have contributed to a collision involving an SUV and a passenger vehicle on [XXX] at [XXX]. 
The Waymo AV was facing northbound on [XXX] and yielding to cross traffic on [XXX] while preparing to make a left turn to enter the center turn lane onto westbound [XXX], before merging into westbound traffic. Simultaneously, a silver passenger vehicle was stopped in the center turn lane on westbound [XXX], signaling an intent to turn left onto southbound [XXX]. 
When there was clearance to proceed, the Waymo AV started to make its left turn onto westbound [XXX], at which point an SUV that was approaching in the leftmost thru lane on westbound [XXX] began to brake. As the SUV braked, a white passenger vehicle, which had been traveling behind the SUV at a high speed, braked and swerved, making contact with the SUV and possibly with the silver vehicle waiting to turn left in the center left turn lane. No contact was made with the Waymo AV. Waymo is reporting this because there was an allegation that the Waymo AV was involved in this collision, submitted through the Waymo website. At the time of the event, the Waymo AVs Level 4 ADS was engaged in autonomous mode. 
Waymo is reporting this crash under Request No. 2 of Standing General Order 2021-01. Waymo may supplement or correct its reporting with additional information as it may become available.", ,False,85251,PHOENIX,V2V Intersection,False,False,prior_june16,,,,,,,,,,,,,,,,,,,,,,,,,,,
30270-7156,1,Waymo LLC,Monthly,1.0,2024.0,FEB-2024,SADHW2S15M1, ,,Jaguar,I-Pace, ,2021.0, ,a716fa442f09994,94478.0, ,,5th Generation, , ,5th Generation, , ,Version 8, , ,, ,Y,,, ,Y,Yes (specify below),ADOT,Yes,ADS,Waymo LLC, , ,Y, , , , , ,,JAN-2024, ,JAN-2024,8:24, ,0440e1b9933a311,[MAY CONTAIN PERSONALLY IDENTIFIABLE INFORMATION], ,[MAY CONTAIN PERSONALLY IDENTIFIABLE INFORMATION], ,[MAY CONTAIN PERSONALLY IDENTIFIABLE INFORMATION], ,Phoenix, ,AZ ,[MAY CONTAIN PERSONALLY IDENTIFIABLE INFORMATION], ,Intersection,Dry,No Unusual Conditions,35.0, ,Daylight,Y, , , , , , , ,,Heavy Truck,No Injuries Reported,Yes,Backing,No,No,Y, , ,Y, , ,Y, , , , ,Stopped,No,No,Yes,0.0, , , ,Y, , ,Y, , ,Y, , , , ,Y, ,Y,Y, , ,No,, ,Yes,, ,, ,, ,Yes, ,"On January [XXX], 2024, at 7:24 AM PT a Waymo Autonomous Vehicle (Waymo AV) operating in Phoenix, Arizona was in a collision involving a truck on [XXX] and [XXX]. 
The Waymo AV was traveling westbound on [XXX] in the left lane, and came to a stop behind a stopped construction truck. As the Waymo AV came to a stop, the truck began to reverse and then made contact with the Waymo AV. At the time of the impact, the Waymo AVs Level 4 ADS was engaged in autonomous mode. The Waymo AV sustained damage.
Waymo is reporting this crash under Request No. 2 of Standing General Order 2021-01. Waymo may supplement or correct its reporting with additional information as it may become available.", ,True,85008,PHOENIX,V2V Backing,False,False,prior_june16,,,,,,,,,,,,,,,,,,,,,,,,,,,
30270-9848,1,Waymo LLC,Monthly,1.0,2025.0,FEB-2025,SADHW2S18R1, ,,Jaguar,I-PACE, ,2024.0, ,98deb204146ceda,5945.0, ,,5th Generation ADS, , ,5th Generation, , ,Version 9, , ,, ,Y,,, ,Y,Yes (specify below),ADOT,Yes,ADS,Waymo LLC, , ,Y, , , , , ,,JAN-2025, ,JAN-2025,15:47, ,9298debc89380bf,[MAY CONTAIN PERSONALLY IDENTIFIABLE INFORMATION], ,[MAY CONTAIN PERSONALLY IDENTIFIABLE INFORMATION], ,[MAY CONTAIN PERSONALLY IDENTIFIABLE INFORMATION], ,Phoenix, ,AZ ,[MAY CONTAIN PERSONALLY IDENTIFIABLE INFORMATION], ,Street,Dry,No Unusual Conditions,25.0, ,Daylight,Y, , , , , , , ,,"Other, see Narrative",No Injuries Reported,Yes,"Other, see Narrative",Not Applicable,Not Applicable, , , , , , , , , , ,Y,Proceeding Straight,No,No,No Passengers in Vehicle,24.0, , , , , , , ,Y, ,Y,Y, , , ,Y, ,Y,Y, , ,No,, ,Yes,, ,, ,, ,Yes, ,"On January [XXX], 2025 at 3:47 PM MT a Waymo Autonomous Vehicle (""Waymo AV"") operating in Phoenix, Arizona was in a collision involving a basketball on the [XXX]. 
The Waymo AV was traveling eastbound on [XXX] when a basketball that rolled into the roadway made contact with the passenger side rear wheel of the Waymo AV.  At the time of the impact, the Waymo AV's Level 4 ADS was engaged in autonomous mode. The basketball sustained damage.
Waymo is reporting this crash under Request No. 2 of Standing General Order 2021-01.  Waymo may supplement or correct its reporting with additional information as it may become available.", ,True,85008,PHOENIX,Single Vehicle,False,False,prior_june16,,,,,,,,,,,,,,,,,,,,,,,,,,,
30270-9845,1,Waymo LLC,Monthly,1.0,2025.0,FEB-2025,SADHW2S11R1, ,,Jaguar,I-PACE, ,2024.0, ,def39b3dbf61bae,38789.0, ,,5th Generation ADS, , ,5th Generation, , ,Version 9, , ,, ,Y,,, ,Y,Yes (specify below),ADOT,Yes,ADS,Waymo LLC, , ,Y, , , , , ,,JAN-2025, ,JAN-2025,09:01, ,f4f27c5638aca9e,[MAY CONTAIN PERSONALLY IDENTIFIABLE INFORMATION], ,[MAY CONTAIN PERSONALLY IDENTIFIABLE INFORMATION], ,[MAY CONTAIN PERSONALLY IDENTIFIABLE INFORMATION], ,Scottsdale, ,AZ ,[MAY CONTAIN PERSONALLY IDENTIFIABLE INFORMATION], ,Street,Dry,No Unusual Conditions,30.0, ,Daylight, , ,Y, , , , , ,,Passenger Car,No Injuries Reported,Yes,Proceeding Straight,No,No, , , , , ,Y, , , , , ,Stopped,No,No,No Passengers in Vehicle,0.0, , , , ,Y, , , , , , , , , ,Y, ,Y,Y, , ,No,, ,Yes,, ,, ,, ,Yes, ,"On January [XXX], 2025 at 9:01 AM MT a Waymo Autonomous Vehicle (""Waymo AV"") operating in Scottsdale, Arizona was in a collision involving a passenger car on [XXX]. 
The Waymo AV was traveling eastbound on [XXX]and came to a stop in a queue of traffic for a red light at the intersection at [XXX]. A passenger car approached the Waymo AV from behind, and the front of the passenger car made contact with the rear of the stationary Waymo AV. At the time of the impact, the Waymo AV's Level 4 ADS was engaged in autonomous mode. Both vehicles sustained damage.
Waymo is reporting this crash under Request No. 2 of Standing General Order 2021-01. Waymo may supplement or correct its reporting with additional information as it may become available.", ,False,85251,PHOENIX,V2V F2R,False,False,prior_june16,,,,,,,,,,,,,,,,,,,,,,,,,,,
30270-9843,1,Waymo LLC,Monthly,1.0,2025.0,FEB-2025,SADHW2S16R1, ,,Jaguar,I-PACE, ,2024.0, ,6f793b42104fb80,17187.0, ,,5th Generation ADS, , ,5th Generation, , ,Version 9, , ,, ,Y,,, ,Y,No,,Yes,ADS,Waymo LLC, , ,Y, , , , , ,,JAN-2025, ,JAN-2025,02:20, ,dcbd8c394fe1c63,[MAY CONTAIN PERSONALLY IDENTIFIABLE INFORMATION], ,[MAY CONTAIN PERSONALLY IDENTIFIABLE INFORMATION], ,[MAY CONTAIN PERSONALLY IDENTIFIABLE INFORMATION], ,Austin, ,TX ,[MAY CONTAIN PERSONALLY IDENTIFIABLE INFORMATION], ,Intersection,Dry,No Unusual Conditions,30.0, ,Dark - Lighted,Y, , , , , , , ,,SUV,No Injuries Reported,Yes,Proceeding Straight,No,No, , , , , ,Y, , , , , ,Proceeding Straight,No,No,No Passengers in Vehicle,0.0, , , , ,Y, , , , , , , , , ,Y, ,Y,Y, , ,No,, ,Yes,, ,, ,, ,Yes, ,"On January [XXX], 2025 at 2:20 AM CT a Waymo Autonomous Vehicle (""Waymo AV"") operating in Austin, Texas was in a collision involving an SUV on [XXX]. 
The Waymo AV was traveling eastbound on [XXX] and came to a stop in a queue of traffic. An SUV approached the Waymo AV from behind, and the front of the SUV made contact with the rear of the stationary Waymo AV.  At the time of the impact, the Waymo AV's Level 4 ADS was engaged in autonomous mode. The Waymo AV sustained damage.
Waymo is reporting this crash under Request No. 2 of Standing General Order 2021-01.  Waymo may supplement or correct its reporting with additional information as it may become available.", ,False,78701,AUSTIN,V2V F2R,False,False,prior_june16,,,,,,,,,,,,,,,,,,,,,,,,,,,
30270-9823,1,Waymo LLC,Monthly,1.0,2025.0,FEB-2025,SADHW2S14R1, ,,Jaguar,I-PACE, ,2024.0, ,f54ae3007c3f10e,2162.0, ,,5th Generation ADS, , ,5th Generation, , ,Version 9, , ,, ,Y,,, ,Y,Yes (specify below),ADOT,Yes,ADS,Waymo LLC, , ,Y, , , , , ,,JAN-2025, ,JAN-2025,12:38, ,5bcd2120010868a,[MAY CONTAIN PERSONALLY IDENTIFIABLE INFORMATION], ,[MAY CONTAIN PERSONALLY IDENTIFIABLE INFORMATION], ,[MAY CONTAIN PERSONALLY IDENTIFIABLE INFORMATION], ,Tempe, ,AZ ,[MAY CONTAIN PERSONALLY IDENTIFIABLE INFORMATION], ,Intersection,Dry,No Unusual Conditions,40.0, ,Daylight,Y, , , , , , , ,,"Other, see Narrative",No Injuries Reported,Yes,"Other, see Narrative",Not Applicable,Not Applicable, , , , , , , , , , ,Y,Proceeding Straight,No,No,Yes,13.0, , , , , , ,Y, , , ,Y, , , ,Y, ,Y,Y, , ,No,, ,Yes,, ,, ,, ,Yes, ,"On January [XXX], 2025 at 12:38 PM MT a Waymo Autonomous Vehicle (""Waymo AV"") operating in Tempe, Arizona was in a collision involving a remote controlled toy car on [XXX]. 
The Waymo AV was traveling westbound on [XXX] when it approached a remote controlled toy car that was crossing the intersection of [XXX]. As the Waymo AV traversed the intersection, the front of the Waymo AV made contact with the remote controlled toy car.  At the time of the impact, the Waymo AV's Level 4 ADS was engaged in autonomous mode. The remote controlled toy car sustained damage.
Waymo is reporting this crash under Request No. 2 of Standing General Order 2021-01. Waymo may supplement or correct its reporting with additional information as it may become available.", ,True,85281,PHOENIX,Single Vehicle,False,False,prior_june16,,,,,,,,,,,,,,,,,,,,,,,,,,,