Report ID,Report Version,Reporting Entity,Report Type,Report Month,Report Year,Report Submission Date,VIN,VIN - Unknown,Serial Number,Make,Model,Model - Unknown,Model Year,Model Year - Unknown,Same Vehicle ID,Mileage,Mileage - Unknown,Driver / Operator Type,ADAS/ADS System Version,ADAS/ADS System Version - Unk,ADAS/ADS System Version CBI,ADAS/ADS Hardware Version,ADAS/ADS Hardware Version - Unk,ADAS/ADS Hardware Version CBI,ADAS/ADS Software Version,ADAS/ADS Software Version - Unk,ADAS/ADS Software Version CBI,Other Reporting Entities?,Other Reporting Entities? - Unk,Other Reporting Entities? - NA,Federal Regulatory Exemption?,Other Federal Reg. Exemption,Federal Reg. Exemption - Unk,Federal Reg. Exemption - No,State or Local Permit?,State or Local Permit,ADS Equipped?,Automation System Engaged?,Operating Entity,Operating Entity - Unknown,Source - Complaint/Claim,Source - Telematics,Source - Law Enforcement,Source - Field Report,Source - Testing,Source - Media,Source - Other,Source - Other Text,Incident Date,Incident Date - Unknown,Notice Received Date,Incident Time (24:00),Incident Time - Unknown,Same Incident ID,Latitude,Latitude - Unknown,Longitude,Longitude - Unknown,Address,Address - Unknown,City,City - Unknown,State,Zip Code,Zip Code - Unknown,Roadway Type,Roadway Surface,Roadway Description,Posted Speed Limit (MPH),Posted Speed Limit - Unknown,Lighting,Weather - Clear,Weather - Snow,Weather - Cloudy,Weather - Fog/Smoke,Weather - Rain,Weather - Severe Wind,Weather - Unknown,Weather - Other,Weather - Other Text,Crash With,Highest Injury Severity Alleged,Property Damage?,CP Pre-Crash Movement,CP Any Air Bags Deployed?,CP Was Vehicle Towed?,CP Contact Area - Rear Left,CP Contact Area - Left,CP Contact Area - Front Left,CP Contact Area - Rear,CP Contact Area - Top,CP Contact Area - Front,CP Contact Area - Rear Right,CP Contact Area - Right,CP Contact Area - Front Right,CP Contact Area - Bottom,CP Contact Area - Unknown,SV Pre-Crash Movement,SV Any Air Bags Deployed?,SV Was Vehicle Towed?,SV Were All Passengers Belted?,SV Precrash Speed (MPH),SV Pre-crash Speed - Unknown,SV Contact Area - Rear Left,SV Contact Area - Left,SV Contact Area - Front Left,SV Contact Area - Rear,SV Contact Area - Top,SV Contact Area - Front,SV Contact Area - Rear Right,SV Contact Area - Right,SV Contact Area - Front Right,SV Contact Area - Bottom,SV Contact Area - Unknown,Data Availability - EDR,Data Availability - Police Rpt,Data Availability - Telematics,Data Availability - Complaints,Data Availability - Video,Data Availability - Other,Data Availability - No Data,Data Availability - Unknown,Law Enforcement Investigating?,Investigating Agency,Investigating Agency - Unknown,Rep Ent Or Mfr Investigating?,Investigating Officer Name,Inv. Officer Name - Unknown,Investigating Officer Phone,Inv. Officer Phone - Unknown,Investigating Officer Email,Inv. Officer Email - Unknown,Within ODD?,Within ODD? - CBI,Narrative,Narrative - CBI?,hub_delta_v_less_than_1mph,hub_zip_code,hub_location,hub_crash_type,hub_is_police_reported,hub_is_any_injury_reported,data_period,VIN Decoded,Make - Unknown,Automation Feature Version,Automation Feature Version CBI,Engagement Status,Source - Internal Process Review,Source - NHTSA VOQ,Source - Other - See Narrative,Source - Other Entity,Source - State or Other Agency,Roadway-Degraded Surface,Roadway-Missing/Degraded Marking,Roadway-No Unusual Conditions,Roadway-Other-See Narrative,Roadway-Traffic Incident,Roadway-Unknown,Roadway-Wet Surface Condition,Roadway-Work Zone,Weather - Partly Cloudy,Weather - Fog/Smoke/Haze,Weather - Dust Storm,Weather - Severe Hurricane,Weather - Structure-Indoor,Weather - Unk - See Narrative,Any Air Bags Deployed?,Was Any Vehicle Towed?,Were All Passengers Belted?
30270-11361,1,Waymo LLC,Monthly,7.0,2025.0,AUG-2025,SADHW2S19M1,,,JAGUAR,I-PACE, ,2021.0, ,275f73fb6f3996f,,,,,,,,,,,,,,,,,,,,,,,ADS,Waymo LLC, , ,Y, , , , ,,,JUL-2025, ,,18:20, ,3aaa6f68cd36c6a,[MAY CONTAIN PERSONALLY IDENTIFIABLE INFORMATION], ,[MAY CONTAIN PERSONALLY IDENTIFIABLE INFORMATION], ,, ,Mesa, ,AZ,, ,Street,,,,,,Y, , ,, , ,,,,"Other, see Narrative",Unknown,,"Other, see Narrative",,, , , , , , , , , , ,Y,Proceeding Straight,,,,4.0, , , , , , , , , ,Y, , , , ,Y, ,Y, , , ,,, ,,,,,,,,Yes, ,"On July [XXX], 2025 at 6:20 PM MT a Waymo Autonomous Vehicle (""Waymo AV"") operating in Mesa, Arizona was in a collision involving a detached object from a pickup truck on [XXX] at [XXX]. 
The Waymo AV was traveling northbound in the left turn lane on [XXX] and slowing for a queue of traffic at the intersection with [XXX]. A pickup truck was traveling southbound in the leftmost lane on the west side of [XXX] without its rear driver side tire. As the SUV continued to proceed straight, an object detached from the pickup truck's rear axle and rolled into the Waymo AV's lane of travel, making contact with the front of the Waymo AV. At the time of the impact, the Waymo AV's Level 4 ADS was engaged in autonomous mode. The Waymo AV sustained damage. The passenger in the Waymo AV later alleged an injury of unspecified nature and severity.
Waymo is reporting this crash under Request No. 2 of Standing General Order 2021-01. Waymo may supplement or correct its reporting with additional information as it may become available.", ,True, ,PHOENIX,Single Vehicle,False,True,post_june16,Y, ,"5th Generation ADS, Version 10", ,Verified Engaged, , , , , , , ,Y, , , , , , , , , , , ,"No Subject Vehicle, No Crash Partner","No Subject Vehicle, No Crash Partner",Subject Vehicle - All Belted
30270-11334,1,Waymo LLC,Monthly,7.0,2025.0,AUG-2025,SADHW2S16R1,,,JAGUAR,I-PACE, ,2024.0, ,4b383048a5459f9,,,,,,,,,,,,,,,,,,,,,,,ADS,Waymo LLC, , ,Y, , , , ,,,JUL-2025, ,,23:11, ,f7c0fa588971e0d,[MAY CONTAIN PERSONALLY IDENTIFIABLE INFORMATION], ,[MAY CONTAIN PERSONALLY IDENTIFIABLE INFORMATION], ,, ,Mesa, ,AZ,, ,Street,,,,,, , , ,,Y, ,,,,Other Fixed Object,Property Damage. No Injured Reported,,,,,,,,,,,,,,,,Making U-Turn,,,,4.0, , , , , , , , , , ,Y, , , ,Y, ,Y, , , ,,, ,,,,,,,,Yes, ,"On July [XXX], 2025 at 11:11 PM MT a Waymo Autonomous Vehicle (""Waymo AV"") operating in Mesa, Arizona made contact with the raised pavement of a median on [XXX] near [XXX]. 
The Waymo AV was stopped facing east in the rightmost lane at an active railroad crossing on [XXX], where the train appeared to be stopped on the tracks. While the railroad gate remained down, the Waymo AV initiated a U-turn onto westbound [XXX] and proceeded across the second from the right and the leftmost lane of eastbound [XXX]. As the Waymo AV was completing its U-turn, the undercarriage of the Waymo AV made contact with the concrete median between eastbound and westbound [XXX].  At the time of the impact, the Waymo AV's Level 4 ADS was engaged in autonomous mode. The Waymo AV sustained damage.
Waymo is reporting this crash under Request No. 2 of Standing General Order 2021-01. Waymo may supplement or correct its reporting with additional information as it may become available.", ,False, ,PHOENIX,Single Vehicle,False,False,post_june16,Y, ,"5th Generation ADS, Version 10", ,Verified Engaged, , , , , , , , , , , ,Y, , , , , , , ,"No Subject Vehicle, No Crash Partner","No Subject Vehicle, No Crash Partner",Subject Vehicle - No Passenger In Vehicle
30270-11330,1,Waymo LLC,5-Day,,,JUL-2025,SADHW2S19R1,,,JAGUAR,I-PACE, ,2024.0, ,6783f8800de6b51,,,,,,,,,,,,,,,,,,,,,,,ADS,Waymo LLC, , ,Y, , , , ,,,JUL-2025, ,,01:42, ,c8bb4c6e5bf4622,[MAY CONTAIN PERSONALLY IDENTIFIABLE INFORMATION], ,[MAY CONTAIN PERSONALLY IDENTIFIABLE INFORMATION], ,, ,Austin, ,TX,, ,Street,,,,,,Y, , ,, , ,,,,Pickup Truck,Property Damage. No Injured Reported,,Passing,,, , , , , , , ,Y, , , ,Parked,,,,0.0, , , , ,Y, , , , , , , , , ,Y, ,Y, , , ,,, ,,,,,,,,Yes, ,"On July [XXX], 2025 at 1:42 AM CT a Waymo Autonomous Vehicle (""Waymo AV"") operating in Austin, Texas was in a collision involving a pickup truck on [XXX] near [XXX]. 
The Waymo AV was parked in-lane facing northeast on [XXX] with hazards activated for a passenger drop off. While the Waymo AV remained parked, a pickup truck that had been parked at the curb approached the Waymo AV from behind, and proceeded to pass to the left of the Waymo AV. As the pickup truck passed the Waymo AV, the passenger side of the pickup truck made contact with the rear driver side of the stationary Waymo AV. At the time of the impact, the Waymo AV's Level 4 ADS was engaged in autonomous mode. The Waymo AV sustained damage.
Waymo is reporting this crash under Request No. 1 of Standing General Order 2021-01 because a vehicle involved was towed away. Waymo may supplement or correct its reporting with additional information as it may become available.", ,True, ,AUSTIN,V2V Lateral,False,False,post_june16,Y, ,"5th Generation ADS, Version 10", ,Verified Engaged, , , , , , , ,Y, , , , , , , , , , , ,"No Subject Vehicle, No Crash Partner","Yes Subject Vehicle, No Crash Partner",Subject Vehicle - No Passenger In Vehicle
30270-11328,1,Waymo LLC,Monthly,7.0,2025.0,AUG-2025,SADHW2S16R1,,,JAGUAR,I-PACE, ,2024.0, ,64885a8e21861bf,,,,,,,,,,,,,,,,,,,,,,,ADS,Waymo LLC, , ,Y, , , , ,,,JUL-2025, ,,09:54, ,6ce1e94a8b179ea,[MAY CONTAIN PERSONALLY IDENTIFIABLE INFORMATION], ,[MAY CONTAIN PERSONALLY IDENTIFIABLE INFORMATION], ,, ,Austin, ,TX,, ,Intersection,,,,,, , ,Y,, , ,,,,Heavy Truck,Minor W/O Hospitalization,,Proceeding Straight,,, , , , , , , , ,Y, , ,Stopped,,,,0.0, , , , , , , ,Y, , , , , , ,Y, ,Y, , , ,,, ,,,,,,,,Yes, ,"On July [XXX], 2025 at 9:54 AM CT a Waymo Autonomous Vehicle (""Waymo AV"") operating in Austin, Texas was in a collision involving a heavy truck on [XXX] at [XXX]. 
The Waymo AV was stopped facing west in the right lane on [XXX] for a red light at the intersection at [XXX]. When the traffic light turned green, the Waymo AV proceeded a short distance into the intersection, activated its left turn signal, and slowed to a stop. A box truck that was initially stopped directly behind the Waymo AV proceeded forward and the front of the box truck made contact with the rear of the Waymo AV. At the time of the impact, the Waymo AV's Level 4 ADS was engaged in autonomous mode. Both vehicles sustained damage.
Waymo is reporting this crash under Request No. 2 of Standing General Order 2021-01. Waymo may supplement or correct its reporting with additional information as it may become available.", ,False, ,AUSTIN,V2V F2R,True,True,post_june16,Y, ,"5th Generation ADS, Version 10", ,Verified Engaged, , , , , , , , , , , ,Y, , , , , , , ,"No Subject Vehicle, No Crash Partner","No Subject Vehicle, No Crash Partner",Subject Vehicle - All Belted
30270-11323,1,Waymo LLC,5-Day,,,JUL-2025,SADHW2S11R1,,,JAGUAR,I-PACE, ,2024.0, ,c0243dee26386a3,,,,,,,,,,,,,,,,,,,,,,,ADS,Waymo LLC, , ,Y, , , , ,,,JUL-2025, ,,14:51, ,20f2a1906a9c5fe,[MAY CONTAIN PERSONALLY IDENTIFIABLE INFORMATION], ,[MAY CONTAIN PERSONALLY IDENTIFIABLE INFORMATION], ,, ,Tempe, ,AZ,, ,Street,,,,,,Y, , ,, , ,,,,Passenger Car,Minor W/O Hospitalization,,Proceeding Straight,,, , , , , , , , ,Y, , ,Proceeding Straight,,,,16.0, , , , , , , ,Y, , , , , , ,Y, ,Y, , , ,,,Y,,,,,,,,Yes, ,"On July [XXX], 2025 at 2:51 PM MT a Waymo Autonomous Vehicle (""Waymo AV"") operating in Tempe, Arizona was in a collision involving a passenger car on [XXX] near [XXX]. 
The Waymo AV was traveling southbound in the right lane on [XXX], slowing for a queue of traffic near the intersection of [XXX]. A passenger car traveling southbound in the right lane on [XXX] approached the Waymo AV from behind, and the front of the passenger car made contact with the rear of the Waymo AV. At the time of the impact, the Waymo AV's Level 4 ADS was engaged in autonomous mode. Both vehicles sustained damage. The rider of the Waymo AV alleged a minor injury.
Waymo is reporting this crash under Request No. 1 of Standing General Order 2021-01 because a vehicle involved was towed away. Waymo may supplement or correct its reporting with additional information as it may become available.", ,False, ,PHOENIX,V2V F2R,True,True,post_june16,Y, ,"5th Generation ADS, Version 10", ,Verified Engaged, , , , , , , ,Y, , , , , , , , , , , ,"No Subject Vehicle, No Crash Partner","Yes Subject Vehicle, Yes Crash Partner",Subject Vehicle - All Belted
30270-11302,1,Waymo LLC,5-Day,,,JUL-2025,SADHW2S10R1,,,JAGUAR,I-PACE, ,2024.0, ,cc45bd074443153,,,,,,,,,,,,,,,,,,,,,,,ADS,Waymo LLC, , ,Y, , , , ,,,JUL-2025, ,,13:15, ,fe1703e2c778a2a,[MAY CONTAIN PERSONALLY IDENTIFIABLE INFORMATION], ,[MAY CONTAIN PERSONALLY IDENTIFIABLE INFORMATION], ,, ,, ,,, ,Intersection,,,,,,Y, , ,, , ,,,,Passenger Car,Property Damage. No Injured Reported,,Making Left Turn,,, , , , , , , , ,Y, , ,Making Left Turn,,,,11.0, , , , ,Y, , , , , , , , , ,Y, ,Y, , , ,,, ,,,,,,,,Yes, ,"On July [XXX], 2025 at 1:15 PM PT a Waymo Autonomous Vehicle (""Waymo AV"") operating in Los Angeles, California was in a collision involving a passenger car on [XXX] at [XXX]. 
The Waymo AV was traveling northbound in the left turn lane on [XXX] when it proceeded to make a protected left turn at the intersection with [XXX]. As the Waymo AV was completing its turn onto the leftmost lane on westbound [XXX], a passenger car that was also making a left turn from northbound [XXX] approached the Waymo AV from behind and the front of the passenger car made contact with the rear driver side of the Waymo AV. At the time of the impact, the Waymo AV's Level 4 ADS was engaged in autonomous mode. Both vehicles sustained damage.
Waymo is reporting this crash under Request No. 1 of Standing General Order 2021-01 because a vehicle involved was towed away. Waymo may supplement or correct its reporting with additional information as it may become available.", ,False, ,LOS_ANGELES,V2V F2R,False,False,post_june16,Y, ,"5th Generation ADS, Version 10", ,Verified Engaged, , , , , , , ,Y, , , , , , , , , , , ,"No Subject Vehicle, No Crash Partner","Yes Subject Vehicle, No Crash Partner",Subject Vehicle - All Belted
30270-11379,1,Waymo LLC,Monthly,7.0,2025.0,AUG-2025,SADHW2S15M1,,,JAGUAR,I-PACE, ,2021.0, ,a716fa442f09994,,,,,,,,,,,,,,,,,,,,,,,ADS,Waymo LLC, , ,Y, , , , ,,,JUL-2025, ,,00:16, ,8c9eb6fcf48d32c,[MAY CONTAIN PERSONALLY IDENTIFIABLE INFORMATION], ,[MAY CONTAIN PERSONALLY IDENTIFIABLE INFORMATION], ,, ,Tempe, ,AZ,, ,Parking Lot,,,,,,Y, , ,, , ,,,,Other Fixed Object,Property Damage. No Injured Reported,,,,,,,,,,,,,,,,Proceeding Straight,,,,7.0, , , , , , , , , ,Y,Y, , , ,Y, ,Y, , , ,,, ,,,,,,,,Yes, ,"On July [XXX], 2025 at 12:16 AM MT a Waymo Autonomous Vehicle (""Waymo AV"") operating in Tempe, Arizona was in a collision involving a small piece of concrete at a parking lot at [XXX]. 
The Waymo AV was stopped facing north at the entrance of a parking lot at [XXX] for a passenger drop-off. After the passengers had exited, the Waymo AV traveled northbound to enter the parking lot and the front and undercarriage of the Waymo AV made contact with a small piece of concrete on the pavement in the center of the driveway and attached to a chain at the entrance of the parking lot. At the time of the impact, the Waymo AV's Level 4 ADS was engaged in autonomous mode. The Waymo AV sustained damage.
Waymo is reporting this crash under Request No. 2 of Standing General Order 2021-01. Waymo may supplement or correct its reporting with additional information as it may become available.", ,True, ,PHOENIX,Single Vehicle,False,False,post_june16,Y, ,"5th Generation ADS, Version 10", ,Verified Engaged, , , , , , , , ,Y, , , , , , , , , , ,"No Subject Vehicle, No Crash Partner","No Subject Vehicle, No Crash Partner",Subject Vehicle - No Passenger In Vehicle
30270-11426,1,Waymo LLC,Monthly,7.0,2025.0,AUG-2025,SADHW2S10R1,,,JAGUAR,I-PACE, ,2024.0, ,3d21ad706a5bd24,,,,,,,,,,,,,,,,,,,,,,,ADS,Waymo LLC, , ,Y, , , , ,,,JUL-2025, ,,11:40, ,0f38605821106e8,[MAY CONTAIN PERSONALLY IDENTIFIABLE INFORMATION], ,[MAY CONTAIN PERSONALLY IDENTIFIABLE INFORMATION], ,, ,Tempe, ,AZ,, ,Parking Lot,,,,,,Y, , ,, , ,,,,"Other, see Narrative",Property Damage. No Injured Reported,,"Other, see Narrative",,, , , , , , , , , , ,Y,Proceeding Straight,,,,5.0, , , , , , ,Y, , , , , , , ,Y, ,Y, , , ,,, ,,,,,,,,Yes, ,"On July [XXX], 2025 at 11:40 AM MT a Waymo Autonomous Vehicle (""Waymo AV"") operating in Tempe, Arizona was in a collision involving a line of shopping carts in a parking lot at [XXX]. 
The Waymo was parked at the curb facing south in a parking lot at [XXX] for a passenger pick-up. The AV completed its pick-up and began moving forward as a pedestrian pushing a line of shopping carts towards the curb approached the AV from the left. As the Waymo AV began moving forward, the pedestrian continued pushing the shopping carts forward and the front left of the Waymo AV made contact with the shopping carts. At the time of the impact, the Waymo AV's Level 4 ADS was engaged in autonomous mode. The Waymo AV sustained damage. The passenger was not belted at the time of the collision, having just entered the vehicle.
Waymo is reporting this crash under Request No. 2 of Standing General Order 2021-01. Waymo may supplement or correct its reporting with additional information as it may become available.", ,True, ,PHOENIX,Single Vehicle,False,False,post_june16,Y, ,"5th Generation ADS, Version 10", ,Verified Engaged, , , , , , , ,Y, , , , , , , , , , , ,"No Subject Vehicle, No Crash Partner","No Subject Vehicle, No Crash Partner",Subject Vehicle - Not Belted - see Narrative
30270-11424,1,Waymo LLC,5-Day,,,AUG-2025,SADHW2S15R1,,,JAGUAR,I-PACE, ,2024.0, ,62b4cc3ccf82b8e,,,,,,,,,,,,,,,,,,,,,,,ADS,Waymo LLC, , ,Y, , , , ,,,JUL-2025, ,,13:27, ,5f502707c16ba16,[MAY CONTAIN PERSONALLY IDENTIFIABLE INFORMATION], ,[MAY CONTAIN PERSONALLY IDENTIFIABLE INFORMATION], ,, ,Phoenix, ,AZ,, ,Parking Lot,,,,,,Y, , ,, , ,,,,SUV,Property Damage. No Injured Reported,,Backing,,, , , , , , , ,Y, , , ,Proceeding Straight,,,,5.0, , , , , , ,Y, , , , , , , ,Y, ,Y, , , ,,, ,,,,,,,,Yes, ,"On July [XXX], 2025 at 1:27 PM MT two Waymo Autonomous Vehicles (""Waymo AV"") operating in Phoenix, Arizona were involved in a collision in the West Parking Lot off of [XXX] at the [XXX].
The Waymo AV was parked facing north in a parking stall in the West Parking Lot off of [XXX]. The Waymo AV proceeded to reverse to exit the parking stall, and came to a stop, preparing to maneuver forward and to the left. While the Waymo AV was stopped, a second Waymo AV ([XXX]) that was parked in the left adjacent parking stall proceeded to reverse to exit its parking stall. While the second Waymo AV was reversing, the initial Waymo AV proceeded forward and the front left of the Waymo AV made contact with the right side of the second Waymo AV. At the time of the impact, both Waymo AV's Level 4 ADS were engaged in autonomous mode. Both vehicles sustained damage.
Waymo is reporting this crash under Request No. 1 of Standing General Order 2021-01 because a vehicle involved was towed away. Waymo may supplement or correct its reporting with additional information as it may become available.", ,False, ,PHOENIX,V2V Backing,False,False,post_june16,Y, ,"5th Generation ADS, Version 10", ,Verified Engaged, , , , , , , ,Y, , , , , , , , , , , ,"No Subject Vehicle, No Crash Partner","Yes Subject Vehicle, Yes Crash Partner",Subject Vehicle - No Passenger In Vehicle
30270-11419,1,Waymo LLC,Monthly,7.0,2025.0,AUG-2025,SADHW2S13R1,,,JAGUAR,I-PACE, ,2024.0, ,df813095ba967dd,,,In-Vehicle (Commercial / Test),,,,,,,,,,,,,,,,,,,,ADS,Waymo LLC, , ,Y, , , , ,,,JUL-2025, ,,19:36, ,65f46e4ce0abf66,[MAY CONTAIN PERSONALLY IDENTIFIABLE INFORMATION], ,[MAY CONTAIN PERSONALLY IDENTIFIABLE INFORMATION], ,, ,Austin, ,TX,, ,Parking Lot,,,,,,Y, , ,, , ,,,,Other Fixed Object,Property Damage. No Injured Reported,,,,,,,,,,,,,,,,Proceeding Straight,,,,3.0, , , , , ,Y, , , , , , , , ,Y, ,Y, , , ,,, ,,,,,,,,Yes, ,"On July [XXX], 2025 at 7:36 PM CT a Waymo Autonomous Vehicle (""Waymo AV"") operating in Austin, Texas was in a collision involving the roof of a covered parking stall at [XXX]. 
The Waymo AV was traveling northwestbound in a parking lot at [XXX] when the test driver transitioned the Waymo AV to manual mode. The test driver proceeded to make a right turn into a covered parking stall and the sensor mounted on the roof of the Waymo AV made contact with the front edge of the roof covering the parking stall. At the time of the impact, the Waymo AV's Level 4 ADS was not engaged and a test driver was operating the Waymo AV in manual mode. The Waymo AV sustained damage.
Waymo is reporting this crash under Request No. 2 of Standing General Order 2021-01.  Waymo may supplement or correct its reporting with additional information as it may become available.", ,,,,,,,post_june16,Y, ,"5th Generation ADS, Version 10", ,Verified Not Engaged, , , , , , , ,Y, , , , , , , , , , , ,"No Subject Vehicle, No Crash Partner","Yes Crash Partner, No Subject Vehicle",Subject Vehicle - All Belted
30270-11417,1,Waymo LLC,5-Day,,,AUG-2025,SADHW2S18R1,,,JAGUAR,I-PACE, ,2024.0, ,4fae7ee0ca48ec4,,,,,,,,,,,,,,,,,,,,,,,ADS,Waymo LLC, , ,Y, , , , ,,,JUL-2025, ,,01:35, ,9616ae79138526d,[MAY CONTAIN PERSONALLY IDENTIFIABLE INFORMATION], ,[MAY CONTAIN PERSONALLY IDENTIFIABLE INFORMATION], ,, ,Phoenix, ,AZ,, ,Street,,,,,,Y, , ,, , ,,,,Passenger Car,Property Damage. No Injured Reported,,Traveling Wrong Way,,, , ,Y, , , , , , , , ,Proceeding Straight,,,,12.0, , , ,Y, , , , , , , , , , ,Y, ,Y, , , ,,Phoenix Police Department, ,,,,,,,,Yes, ,"On July [XXX], 2025 at 1:35 AM MT a Waymo Autonomous Vehicle (""Waymo AV"") operating in Phoenix, Arizona was in a collision involving a passenger car on [XXX] near the [XXX] entrance.
The Waymo AV was traveling northeastbound on [XXX] in the right lane. A passenger car was traveling southwestbound on the wrong side of median-divided [XXX], directly in the Waymo AV's lane of travel.  The Waymo AV braked and initially maneuvered left to avoid the oncoming passenger car. However, the passenger car continued to proceed, maneuvering towards the Waymo AV. The Waymo AV then continued to brake and maneuvered back to the right, to again attempt to avoid the passenger car, but the passenger car once more maneuvered towards the Waymo AV. As the Waymo AV continued to brake and the passenger car continued off the southeast side of [XXX], the front passenger side of the passenger car made contact with the front passenger side of the Waymo AV. At the time of the impact, the Waymo AV's Level 4 ADS was engaged in autonomous mode. Both vehicles sustained damage.
Waymo is reporting this crash under Request No. 1 of Standing General Order 2021-01 because a vehicle involved was towed away. Waymo may supplement or correct its reporting with additional information as it may become available.", ,False, ,PHOENIX,V2V Head-on,True,False,post_june16,Y, ,"5th Generation ADS, Version 10", ,Verified Engaged, , , , , , , ,Y, , , , , , , , , , , ,"No Subject Vehicle, No Crash Partner","Yes Subject Vehicle, No Crash Partner",Subject Vehicle - All Belted
30270-11412,1,Waymo LLC,Monthly,7.0,2025.0,AUG-2025,SADHW2S15R1,,,JAGUAR,I-PACE, ,2024.0, ,86ebcd25fb576c4,,,,,,,,,,,,,,,,,,,,,,,ADS,Waymo LLC, , ,Y, , , , ,,,JUL-2025, ,,23:39, ,30dc6085adb052c,[MAY CONTAIN PERSONALLY IDENTIFIABLE INFORMATION], ,[MAY CONTAIN PERSONALLY IDENTIFIABLE INFORMATION], ,, ,Tempe, ,AZ,, ,Street,,,,,,Y, , ,, , ,,,,Passenger Car,Property Damage. No Injured Reported,,Crossing into Opposing Lane,,, ,Y, , , , , , , , , ,Stopped,,,,0.0, , ,Y, , , , , , , , , , , ,Y, ,Y, , , ,,Tempe Police Department, ,,,,,,,,Yes, ,"On July [XXX], 2025 at 11:39 PM MT a Waymo Autonomous Vehicle (""Waymo AV"") operating in Tempe, Arizona was in a collision involving a passenger car on [XXX] near [XXX].
The Waymo AV was traveling southbound on [XXX] and slowing to a stop in response to a passenger car that was traveling westbound on [XXX] and turning right onto northbound [XXX]. As the passenger car was completing its turn, it crossed the center line into the Waymo AV's lane of travel and the driver side of the passenger car made contact with the driver side of the stationary Waymo AV. At the time of the impact, the Waymo AV's Level 4 ADS was engaged in autonomous mode. Both vehicles sustained damage.
Waymo is reporting this crash under Request No. 2 of Standing General Order 2021-01. Waymo may supplement or correct its reporting with additional information as it may become available.", ,False, ,PHOENIX,V2V Head-on,True,False,post_june16,Y, ,"5th Generation ADS, Version 10", ,Verified Engaged, , , , , , , ,Y, , , , , , , , , , , ,"No Subject Vehicle, No Crash Partner","No Subject Vehicle, No Crash Partner",Subject Vehicle - All Belted
30270-11383,1,Waymo LLC,5-Day,,,JUL-2025,SADHW2S1XR1,,,JAGUAR,I-PACE, ,2024.0, ,862fc71b43699a6,,,,,,,,,,,,,,,,,,,,,,,ADS,Waymo LLC, , ,Y, , , , ,,,JUL-2025, ,,10:07, ,0b18a507fa15dc4,[MAY CONTAIN PERSONALLY IDENTIFIABLE INFORMATION], ,[MAY CONTAIN PERSONALLY IDENTIFIABLE INFORMATION], ,, ,Atlanta, ,GA,, ,Street,,,,,, , ,Y,, , ,,,,Passenger Car,Property Damage. No Injured Reported,,Changing Lanes,,, , , , , , , ,Y, , , ,Proceeding Straight,,,,23.0, , , , , , ,Y, , , , , , , ,Y, ,Y, , , ,,, ,,,,,,,,Yes, ,"On July [XXX], 2025 at 10:07 AM ET a Waymo Autonomous Vehicle (""Waymo AV"") operating in Atlanta, Georgia was in a collision involving a passenger car on [XXX] near [XXX]. 
The Waymo AV was traveling northbound on [XXX] in the rightmost lane. A passenger car, which was traveling behind an SUV heading northbound on [XXX] that had stopped in the second to the right lane, braked and maneuvered into the Waymo AV's lane of travel (the rightmost lane). The passenger side of the passenger car made contact with the front driver side of the Waymo AV. At the time of the impact, the Waymo AV's Level 4 ADS was engaged in autonomous mode. Both the passenger car and the Waymo AV sustained damage.
Waymo is reporting this crash under Request No. 1 of Standing General Order 2021-01 because a vehicle involved was towed away. Waymo may supplement or correct its reporting with additional information as it may become available.", ,False, ,ATLANTA,V2V Lateral,True,False,post_june16,Y, ,"5th Generation ADS, Version 10", ,Verified Engaged, , , , , , , ,Y, , , , , , , , , , , ,"No Subject Vehicle, No Crash Partner","Yes Subject Vehicle, No Crash Partner",Subject Vehicle - No Passenger In Vehicle