Report ID,Report Version,Reporting Entity,Report Type,Report Month,Report Year,Report Submission Date,VIN,VIN - Unknown,Serial Number,Make,Model,Model - Unknown,Model Year,Model Year - Unknown,Same Vehicle ID,Mileage,Mileage - Unknown,Driver / Operator Type,ADAS/ADS System Version,ADAS/ADS System Version - Unk,ADAS/ADS System Version CBI,ADAS/ADS Hardware Version,ADAS/ADS Hardware Version - Unk,ADAS/ADS Hardware Version CBI,ADAS/ADS Software Version,ADAS/ADS Software Version - Unk,ADAS/ADS Software Version CBI,Other Reporting Entities?,Other Reporting Entities? - Unk,Other Reporting Entities? - NA,Federal Regulatory Exemption?,Other Federal Reg. Exemption,Federal Reg. Exemption - Unk,Federal Reg. Exemption - No,State or Local Permit?,State or Local Permit,ADS Equipped?,Automation System Engaged?,Operating Entity,Operating Entity - Unknown,Source - Complaint/Claim,Source - Telematics,Source - Law Enforcement,Source - Field Report,Source - Testing,Source - Media,Source - Other,Source - Other Text,Incident Date,Incident Date - Unknown,Notice Received Date,Incident Time (24:00),Incident Time - Unknown,Same Incident ID,Latitude,Latitude - Unknown,Longitude,Longitude - Unknown,Address,Address - Unknown,City,City - Unknown,State,Zip Code,Zip Code - Unknown,Roadway Type,Roadway Surface,Roadway Description,Posted Speed Limit (MPH),Posted Speed Limit - Unknown,Lighting,Weather - Clear,Weather - Snow,Weather - Cloudy,Weather - Fog/Smoke,Weather - Rain,Weather - Severe Wind,Weather - Unknown,Weather - Other,Weather - Other Text,Crash With,Highest Injury Severity Alleged,Property Damage?,CP Pre-Crash Movement,CP Any Air Bags Deployed?,CP Was Vehicle Towed?,CP Contact Area - Rear Left,CP Contact Area - Left,CP Contact Area - Front Left,CP Contact Area - Rear,CP Contact Area - Top,CP Contact Area - Front,CP Contact Area - Rear Right,CP Contact Area - Right,CP Contact Area - Front Right,CP Contact Area - Bottom,CP Contact Area - Unknown,SV Pre-Crash Movement,SV Any Air Bags Deployed?,SV Was Vehicle Towed?,SV Were All Passengers Belted?,SV Precrash Speed (MPH),SV Pre-crash Speed - Unknown,SV Contact Area - Rear Left,SV Contact Area - Left,SV Contact Area - Front Left,SV Contact Area - Rear,SV Contact Area - Top,SV Contact Area - Front,SV Contact Area - Rear Right,SV Contact Area - Right,SV Contact Area - Front Right,SV Contact Area - Bottom,SV Contact Area - Unknown,Data Availability - EDR,Data Availability - Police Rpt,Data Availability - Telematics,Data Availability - Complaints,Data Availability - Video,Data Availability - Other,Data Availability - No Data,Data Availability - Unknown,Law Enforcement Investigating?,Investigating Agency,Investigating Agency - Unknown,Rep Ent Or Mfr Investigating?,Investigating Officer Name,Inv. Officer Name - Unknown,Investigating Officer Phone,Inv. Officer Phone - Unknown,Investigating Officer Email,Inv. Officer Email - Unknown,Within ODD?,Within ODD? - CBI,Narrative,Narrative - CBI?,hub_delta_v_less_than_1mph,hub_zip_code,hub_location,hub_crash_type,hub_is_police_reported,hub_is_any_injury_reported,data_period,VIN Decoded,Make - Unknown,Automation Feature Version,Automation Feature Version CBI,Engagement Status,Source - Internal Process Review,Source - NHTSA VOQ,Source - Other - See Narrative,Source - Other Entity,Source - State or Other Agency,Roadway-Degraded Surface,Roadway-Missing/Degraded Marking,Roadway-No Unusual Conditions,Roadway-Other-See Narrative,Roadway-Traffic Incident,Roadway-Unknown,Roadway-Wet Surface Condition,Roadway-Work Zone,Weather - Partly Cloudy,Weather - Fog/Smoke/Haze,Weather - Dust Storm,Weather - Severe Hurricane,Weather - Structure-Indoor,Weather - Unk - See Narrative,Any Air Bags Deployed?,Was Any Vehicle Towed?,Were All Passengers Belted?
30270-8027,1,Waymo LLC,5-Day,,,JUL-2024,SADHW2S18M1, ,,Jaguar,I-Pace, ,2021.0, ,2c7a9a00277e615,136899.0, ,,5th Generation ADS, , ,5th Generation, , ,Version 9, , ,, ,Y,,, ,Y,Yes (specify below),ADOT                   						,Yes,ADS,Waymo LLC, , ,Y, , , , , ,,JUN-2024, ,JUN-2024,00:21, ,0d3092a8f49cdcf,[MAY CONTAIN PERSONALLY IDENTIFIABLE INFORMATION], ,[MAY CONTAIN PERSONALLY IDENTIFIABLE INFORMATION], ,[MAY CONTAIN PERSONALLY IDENTIFIABLE INFORMATION], ,Phoenix, ,AZ ,[MAY CONTAIN PERSONALLY IDENTIFIABLE INFORMATION], ,Intersection,Dry,No Unusual Conditions,40.0, ,Dark - Lighted,Y, , , , , , , ,,Passenger Car,No Injuries Reported,Yes,Proceeding Straight,Yes,No, , ,Y, , ,Y, , ,Y, , ,Stopped,No,Yes,No Passengers in Vehicle,0.0, ,Y, , ,Y, , ,Y, , , , , , ,Y, ,Y,Y, , ,No,, ,Yes,, ,, ,, ,Yes, ,"On June [XXX], 2024 at 12:21 AM MT a Waymo Autonomous Vehicle (Waymo AV) operating in Phoenix, Arizona was in a collision involving a passenger car on [XXX] at [XXX]. 
The Waymo AV was stopped in traffic for a red light on eastbound [XXX] when a passenger car traveling at a high rate of speed approached the Waymo AV from behind. The front of the passenger car made contact with the rear of the Waymo AV. At the time of the impact, the Waymo AVs Level 4 ADS was engaged in autonomous mode. Both vehicles sustained damage, and the passenger car left the scene.
Waymo is reporting this crash under Request No. 1 of Standing General Order 2021-01 because a vehicle involved was towed away and an airbag deployed. Waymo may supplement or correct its reporting with additional information as it may become available.", ,False,85034,PHOENIX,V2V F2R,False,False,prior_june16,,,,,,,,,,,,,,,,,,,,,,,,,,,
30270-8120,1,Waymo LLC,Monthly,6.0,2024.0,JUL-2024,SADHW2S11M1, ,,Jaguar,I-Pace, ,2021.0, ,3da2202cd33026f,122972.0, ,,5th Generation ADS, , ,5th Generation, , ,Version 9, , ,, ,Y,,, ,Y,Yes (specify below),ADOT                                                						,Yes,ADS,Waymo LLC, , ,Y, , , , , ,,JUN-2024, ,JUN-2024,04:37, ,f76f598e5f5f3af,[MAY CONTAIN PERSONALLY IDENTIFIABLE INFORMATION], ,[MAY CONTAIN PERSONALLY IDENTIFIABLE INFORMATION], ,[MAY CONTAIN PERSONALLY IDENTIFIABLE INFORMATION], ,Phoenix, ,AZ ,[MAY CONTAIN PERSONALLY IDENTIFIABLE INFORMATION], ,Street,Dry,No Unusual Conditions,40.0, ,Dark - Lighted,Y, , , , , , , ,,Animal,No Injuries Reported,Yes,"Other, see Narrative",,, , , , , , , , , , , ,Proceeding Straight,No,No,Yes,35.0, ,Y, , , , , , , , ,Y, , , ,Y, ,Y,Y, , ,No,, ,Yes,, ,, ,, ,Yes, ,"On June [XXX], 2024 at 4:37 AM MT a Waymo Autonomous Vehicle (Waymo AV) operating in [XXX], Arizona was in a collision involving an animal on [XXX] near [XXX].
The Waymo AV was traveling east on [XXX] when an animal that appeared to be a cat ran into the roadway from the left side of the road in front of the Waymo AV. The rear drivers side of the Waymo AV then made contact with the animal. At the time of the impact, the Waymo AVs Level 4 ADS was engaged in autonomous mode. The Waymo AV sustained damage. 
Waymo is reporting this crash under Request No. 2 of Standing General Order 2021-01. Although the Waymo AV was towed, that happened for a reason unrelated to the crash so it was not covered by Request 1. D, which applies where ""the crash results in a vehicle tow-away."" Waymo may supplement or correct its reporting with additional information as it may become available.", ,True,85040,PHOENIX,All Others,False,False,prior_june16,,,,,,,,,,,,,,,,,,,,,,,,,,,
30270-8124,1,Waymo LLC,Monthly,6.0,2024.0,JUL-2024,SADHW2S15M1, ,,Jaguar,I-Pace, ,2021.0, ,a6b642eb78b0b79,129577.0, ,,5th Generation ADS, , ,5th Generation, , ,Version 9, , ,, ,Y,,, ,Y,Yes (specify below),ADOT                                                						,Yes,ADS,Waymo LLC, , ,Y, , , , , ,,JUN-2024, ,JUN-2024,10:38, ,d6ff7c26c42f9f3,[MAY CONTAIN PERSONALLY IDENTIFIABLE INFORMATION], ,[MAY CONTAIN PERSONALLY IDENTIFIABLE INFORMATION], ,[MAY CONTAIN PERSONALLY IDENTIFIABLE INFORMATION], ,Phoenix, ,AZ ,[MAY CONTAIN PERSONALLY IDENTIFIABLE INFORMATION], ,Street,Dry,No Unusual Conditions,40.0, ,Daylight,Y, , , , , , , ,,Heavy Truck,No Injuries Reported,Yes,Backing,No,No, , , ,Y, , , , , , , ,Stopped,No,No,Yes,0.0, , , , , , ,Y, , , , , , , ,Y, ,Y,Y, , ,No,, ,Yes,, ,, ,, ,Yes, ,"On June [XXX], 2024 at 10:38 AM MT a Waymo Autonomous Vehicle (Waymo AV) operating in Phoenix, Arizona was in a collision involving a heavy truck on [XXX] near [XXX]. 
The Waymo AV was traveling west on [XXX] when it came to a stop behind a heavy truck that was stopped in the same lane. The heavy truck then began reversing. While the Waymo AV remained stopped, the heavy truck continued reversing and made contact with the front of the Waymo AV. At the time of the impact, the Waymo AVs Level 4 ADS was engaged in autonomous mode. The Waymo AV sustained damage.
Waymo is reporting this crash under Request No. 2 of Standing General Order 2021-01. Waymo may supplement or correct its reporting with additional information as it may become available.", ,True,85034,PHOENIX,V2V Backing,False,False,prior_june16,,,,,,,,,,,,,,,,,,,,,,,,,,,
30270-8128,1,Waymo LLC,Monthly,6.0,2024.0,JUL-2024,SADHW2S11M1, ,,Jaguar,I-Pace, ,2021.0, ,376c8139f54419f,79252.0, ,,5th Generation ADS, , ,5th Generation, , ,Version 9, , ,, ,Y,,, ,Y,Yes (specify below),ADOT						,Yes,ADS,Waymo LLC, , ,Y, , , , , ,,JUN-2024, ,JUN-2024,23:49, ,8fe153dbccf449c,[MAY CONTAIN PERSONALLY IDENTIFIABLE INFORMATION], ,[MAY CONTAIN PERSONALLY IDENTIFIABLE INFORMATION], ,[MAY CONTAIN PERSONALLY IDENTIFIABLE INFORMATION], ,Phoenix, ,AZ ,[MAY CONTAIN PERSONALLY IDENTIFIABLE INFORMATION], ,Street,Dry,No Unusual Conditions,25.0, ,Dark - Lighted,Y, , , , , , , ,,SUV,No Injuries Reported,Yes,Crossing into Opposing Lane,No,No, , , , , , , ,Y, , , ,Stopped,No,No,Yes,0.0, ,Y, , , , , , , , , , , , ,Y, ,Y,Y, , ,No,, ,Yes,, ,, ,, ,Yes, ,"On June [XXX], 2024 at 11:49 PM MT a Waymo Autonomous Vehicle (Waymo AV) operating in [XXX], Arizona was in a collision involving an SUV on [XXX] near [XXX]. 
The Waymo AV was stopped partially in the eastbound lane of  [XXX] after completing a rider pickup when an SUV passed the Waymo AV on the left and the passenger side of the SUV made contact with the rear driver side corner of the Waymo AV.  At the time of the impact, the Waymo AVs Level 4 ADS was engaged in autonomous mode.  The Waymo AV sustained damage.
Waymo is reporting this crash under Request No. 2 of Standing General Order 2021-01. Waymo may supplement or correct its reporting with additional information as it may become available.", ,True,85004,PHOENIX,V2V F2R,False,False,prior_june16,,,,,,,,,,,,,,,,,,,,,,,,,,,
30270-11275,1,Waymo LLC,Monthly,6.0,2025.0,JUL-2025,SADHW2S17R1,,,JAGUAR,I-PACE, ,2024.0, ,02e5cad27058cb7,,,,,,,,,,,,,,,,,,,,,,,ADS,Waymo LLC, , ,Y, , , , ,,,JUN-2025, ,,23:29, ,37a20226020034f,[MAY CONTAIN PERSONALLY IDENTIFIABLE INFORMATION], ,[MAY CONTAIN PERSONALLY IDENTIFIABLE INFORMATION], ,, ,Scottsdale, ,AZ,, ,Street,,,,,,Y, , ,, , ,,,,"Other, see Narrative",Property Damage. No Injured Reported,,"Other, see Narrative",,, , , , , , , , , , ,Y,Proceeding Straight,,,,39.0, , , ,Y, , , , , , ,Y, , , ,Y, ,Y, , , ,,, ,,,,,,,,Yes, ,"On June [XXX], 2025 at 11:29 PM MT a Waymo Autonomous Vehicle (""Waymo AV"") operating in Scottsdale, Arizona was in a collision involving an unattended bicycle in the roadway on [XXX] near [XXX]. 
The Waymo AV was traveling eastbound in the rightmost lane of [XXX] when the Waymo AV's front passenger side and undercarriage made contact with an unattended bicycle that was laying in the roadway. At the time of the impact, the Waymo AV's Level 4 ADS was engaged in autonomous mode. The Waymo AV sustained damage. 
Waymo is reporting this crash under Request No. 2 of Standing General Order 2021-01. Waymo may supplement or correct its reporting with additional information as it may become available.", ,True, ,PHOENIX,Single Vehicle,False,False,post_june16,Y, ,"5th Generation ADS, Version 10", ,Verified Engaged, , , , , , , ,Y, , , , , , , , , , , ,"No Subject Vehicle, No Crash Partner","No Subject Vehicle, No Crash Partner",Subject Vehicle - All Belted
30270-11276,1,Waymo LLC,Monthly,6.0,2025.0,JUL-2025,SADHW2S1XR1,,,JAGUAR,I-PACE, ,2024.0, ,79055fc7011c55b,,,,,,,,,,,,,,,,,,,,,,,ADS,Waymo LLC, , ,Y, , , , ,,,JUN-2025, ,,23:03, ,54ca405cf28eaf0,[MAY CONTAIN PERSONALLY IDENTIFIABLE INFORMATION], ,[MAY CONTAIN PERSONALLY IDENTIFIABLE INFORMATION], ,, ,Atlanta, ,GA,, ,Street,,,,,,Y, , ,, , ,,,,SUV,Property Damage. No Injured Reported,,Backing,,, , , , , , ,Y, , , , ,Parked,,,,0.0, , , , ,Y, , , , , , , , , ,Y, ,Y, , , ,,, ,,,,,,,,Yes, ,"On June [XXX], 2025 at 11:03 PM ET a Waymo Autonomous Vehicle (""Waymo AV"") operating in Atlanta, Georgia was in a collision involving an SUV on [XXX] near [XXX].
The Waymo AV was parked at the curb facing north on [XXX] when an SUV reversed out of a driveway on the west side of [XXX], and the rear of the SUV made contact with the rear driver side of the stationary Waymo AV. At the time of the impact, the Waymo AV's Level 4 ADS was engaged in autonomous mode. The Waymo AV sustained damage.
Waymo is reporting this crash under Request No. 2 of Standing General Order 2021-01. Waymo may supplement or correct its reporting with additional information as it may become available.", ,False, ,ATLANTA,V2V Backing,False,False,post_june16,Y, ,"5th Generation ADS, Version 10", ,Verified Engaged, , , , , , , ,Y, , , , , , , , , , , ,"No Subject Vehicle, No Crash Partner","No Subject Vehicle, No Crash Partner",Subject Vehicle - No Passenger In Vehicle
30270-11190,1,Waymo LLC,5-Day,,,JUN-2025,SADHW2S10R1,,,JAGUAR,I-PACE, ,2024.0, ,5dfc67f0ba73f41,,,,,,,,,,,,,,,,,,,,,,,ADS,Waymo LLC, , ,Y, , , , ,,,JUN-2025, ,,02:46, ,798ecf194f8aecb,[MAY CONTAIN PERSONALLY IDENTIFIABLE INFORMATION], ,[MAY CONTAIN PERSONALLY IDENTIFIABLE INFORMATION], ,, ,Phoenix, ,AZ,, ,Intersection,,,,,,Y, , ,, , ,,,,Passenger Car,Property Damage. No Injured Reported,,Proceeding Straight,,, , , , , , , , ,Y, , ,Stopped,,,,0.0, , , , , , , ,Y, , , , , , ,Y, ,Y, , , ,,, ,,,,,,,,Yes, ,"On June [XXX], 2025 at 2:46 AM MT a Waymo Autonomous Vehicle (""Waymo AV"") operating in Phoenix, Arizona was in a collision involving a passenger car on [XXX at [XXX]. 
The Waymo AV was stopped facing south in the rightmost lane on [XXX] for a red light at the intersection at [XXX]. While the Waymo AV remained stopped, a passenger car traveling southbound in the rightmost lane on [XXX] approached the Waymo AV from behind and the front of the passenger car made contact with the rear of the Waymo AV. At the time of the impact, the Waymo AV's Level 4 ADS was engaged in autonomous mode. Both vehicles sustained damage.
Waymo is reporting this crash under Request No. 1 of Standing General Order 2021-01 because of airbag deployment and a vehicle involved was towed away. Waymo may supplement or correct its reporting with additional information as it may become available.", ,False, ,PHOENIX,V2V F2R,True,False,post_june16,Y, ,5th Generation ADS Version 10, ,Verified Engaged, , , , , , , ,Y, , , , , , , , , , , ,"Yes Crash Partner, No Subject Vehicle","Yes Subject Vehicle, No Crash Partner",Subject Vehicle - All Belted
30270-11291,1,Waymo LLC,Monthly,6.0,2025.0,JUL-2025,SADHW2S14R1,,,JAGUAR,I-PACE, ,2024.0, ,34cafac569b5647,,,,,,,,,,,,,,,,,,,,,,,ADS,Waymo LLC, , ,Y, , , , ,,,JUN-2025, ,,09:20, ,563b9b640f3a007,[MAY CONTAIN PERSONALLY IDENTIFIABLE INFORMATION], ,[MAY CONTAIN PERSONALLY IDENTIFIABLE INFORMATION], ,, ,Austin, ,TX,, ,Intersection,,,,,, , , ,, , ,,,,Heavy Truck,Property Damage. No Injured Reported,,Making Right Turn,,, , , , , , , ,Y, , , ,Proceeding Straight,,,,5.0, , ,Y, , , , , , , , , , , ,Y, ,Y, , , ,,, ,,,,,,,,Yes, ,"On June [XXX], 2025 at 9:20 AM CT a Waymo Autonomous Vehicle (""Waymo AV"") operating in Austin, Texas was in a collision involving a heavy truck on an unnamed service road off [XXX] near the intersection with [XXX].
The Waymo AV was traveling northwestbound in the right-most turn lane on an unnamed service road off [XXX] when it slowed at the intersection at [XXXX] to yield to northbound traffic in preparation for right turn onto northbound [XXX]. While the Waymo AV was slowing, a heavy truck that was stopped facing northwest in the left-most turn lane on the unnamed service road proceeded to turn right onto northbound [XXX] and crossed into the Waymo AV's lane of travel. The passenger side of the heavy truck made contact with the driver side of the Waymo AV. At the time of the impact, the Waymo AV's Level 4 ADS was engaged in autonomous mode. Both vehicles sustained damage.
Waymo is reporting this crash under Request No. 2 of Standing General Order 2021-01. Waymo may supplement or correct its reporting with additional information as it may become available.", ,True, ,AUSTIN,V2V Lateral,False,False,post_june16,Y, ,"5th Generation ADS, Version 10", ,Verified Engaged, , , , , , , ,Y, , , , , ,Y, , , , , ,"No Subject Vehicle, No Crash Partner","No Subject Vehicle, No Crash Partner",Subject Vehicle - No Passenger In Vehicle
30270-11088,1,Waymo LLC,5-Day,,,JUN-2025,SADHW2S12R1, ,,Jaguar,I-Pace, ,2024.0, ,ca62eeaf8438407,42680.0, ,,5th Generation ADS, , ,5th Generation, , ,Version 10, , ,, ,Y,,, ,Y,No,,Yes,ADS,Waymo LLC, , ,Y, , , , , ,,JUN-2025, ,JUN-2025,15:59, ,7c50c5417863464,[MAY CONTAIN PERSONALLY IDENTIFIABLE INFORMATION], ,[MAY CONTAIN PERSONALLY IDENTIFIABLE INFORMATION], ,[MAY CONTAIN PERSONALLY IDENTIFIABLE INFORMATION], ,Austin, ,TX ,[MAY CONTAIN PERSONALLY IDENTIFIABLE INFORMATION], ,Parking Lot,Dry,No Unusual Conditions,15.0, ,Daylight, , ,Y, , , , , ,,Other Fixed Object,No Injuries Reported,Yes,,,, , , , , , , , , , , ,Making Left Turn,No,Yes,Yes,9.0, , , , , , , , , , ,Y, , , ,Y, ,Y,Y, , ,No,, ,Yes,, ,, ,, ,Yes, ,"On June [XXX], 2025 at 3:59 PM CT a Waymo Autonomous Vehicle (""Waymo AV"") operating in Austin, Texas made contact with the pavement at a parking lot entrance off of [XXX] near [XXX] Interstate Highway [XXX]. 
The Waymo AV was traveling southbound on [XXX] when it turned left into a parking lot at [XXX]. Interstate Highway [XXX]. As the Waymo AV proceeded through the entrance of the parking lot, the Waymo AV's undercarriage made contact with the raised pavement at the entrance of the parking lot. At the time of the impact, the Waymo AV's Level 4 ADS was engaged in autonomous mode. The Waymo AV sustained damage.
Waymo is reporting this crash under Request No. 1 of Standing General Order 2021-01 because a vehicle involved was towed away. Waymo may supplement or correct its reporting with additional information as it may become available.", ,False,78701,AUSTIN,Single Vehicle,False,False,prior_june16,,,,,,,,,,,,,,,,,,,,,,,,,,,
30270-11087,1,Waymo LLC,5-Day,,,JUN-2025,SADHW2S14M1, ,,Jaguar,I-Pace, ,2021.0, ,92a927b3f78eb22,164698.0, ,,5th Generation ADS, , ,5th Generation, , ,Version 10, , ,, ,Y,,, ,Y,Yes (specify below),ADOT,Yes,ADS,Waymo LLC, , ,Y, , , , , ,,JUN-2025, ,JUN-2025,12:23, ,24241fa3b4af301,[MAY CONTAIN PERSONALLY IDENTIFIABLE INFORMATION], ,[MAY CONTAIN PERSONALLY IDENTIFIABLE INFORMATION], ,[MAY CONTAIN PERSONALLY IDENTIFIABLE INFORMATION], ,Phoenix, ,AZ ,[MAY CONTAIN PERSONALLY IDENTIFIABLE INFORMATION], ,Street,Dry,Work Zone,35.0, ,Daylight,Y, , , , , , , ,,Passenger Car,No Injuries Reported,Yes,Proceeding Straight,No,Yes, , , , , ,Y, , , , , ,Stopped,No,Yes,Yes,0.0, , , , ,Y, , , , , , , , , ,Y, ,Y,Y, , ,No,, ,Yes,, ,, ,, ,Yes, ,"On June [XXX], 2025 at 12:23 PM MT a Waymo Autonomous Vehicle (""Waymo AV"") operating in Phoenix, Arizona was in a collision involving a passenger car on [XXX] at [XXX]. 
The Waymo AV was traveling eastbound on [XXX] in the left lane and came to a stop in a queue of traffic. A passenger car traveling directly behind the Waymo AV approached the stationary Waymo AV and came to a stop. A passenger car hit the passenger car behind the Waymo AV and the front of that passenger car made contact with the rear of the Waymo AV. At the time of the impact, the Waymo AV's Level 4 ADS was engaged in autonomous mode. Both vehicles sustained damage.
Waymo is reporting this crash under Request No. 1 of Standing General Order 2021-01 because a vehicle involved was towed away. Waymo may supplement or correct its reporting with additional information as it may become available.", ,False,85014,PHOENIX,V2V F2R,False,False,prior_june16,,,,,,,,,,,,,,,,,,,,,,,,,,,
30270-11177,1,Waymo LLC,Monthly,6.0,2025.0,JUL-2025,SADHW2S19M1,,,JAGUAR,I-PACE, ,2021.0, ,fcda46c5029adeb,,,,,,,,,,,,,,,,,,,,,,,ADS,Waymo LLC, , ,Y, , , , ,,,JUN-2025, ,,12:45, ,fbb0b4e7ac9e1d9,[MAY CONTAIN PERSONALLY IDENTIFIABLE INFORMATION], ,[MAY CONTAIN PERSONALLY IDENTIFIABLE INFORMATION], ,, ,Phoenix, ,AZ,, ,Intersection,,,,,,Y, , ,, , ,,,,SUV,Property Damage. No Injured Reported,,Proceeding Straight,,, , , , , , , , ,Y, , ,Stopped,,,,0.0, , , , , , , ,Y, , , , , , ,Y, ,Y, , , ,,, ,,,,,,,,Yes, ,"On June [XXX], 2025 at 12:45 PM MT a Waymo Autonomous Vehicle (""Waymo AV"") operating in Phoenix, Arizona was in a collision involving an SUV on [XXX] at [XXX]. 
The Waymo AV was stopped facing south in the second from the right lane on [XXX] for a red light at the intersection at [XXX]. While the Waymo AV remained stopped, an SUV that was initially stopped directly behind the Waymo AV approached the Waymo AV and the front of the SUV made contact with the rear of the stationary Waymo AV. At the time of the impact, the Waymo AV's Level 4 ADS was engaged in autonomous mode. Both vehicles sustained damage.
Waymo is reporting this crash under Request No. 2 of Standing General Order 2021-01. Waymo may supplement or correct its reporting with additional information as it may become available.", ,False, ,PHOENIX,V2V F2R,False,False,post_june16,Y, ,5th Generation ADS Version 10, ,Verified Engaged, , , , , , , ,Y, , , , , , , , , , , ,"No Subject Vehicle, No Crash Partner","No Subject Vehicle, No Crash Partner",Subject Vehicle - All Belted
30270-11085,1,Waymo LLC,5-Day,,,JUN-2025,SADHW2S13R1, ,,Jaguar,I-Pace, ,2024.0, ,3447c06688ab8ec,45257.0, ,,5th Generation ADS, , ,5th Generation, , ,Version 10, , ,,Y, ,,, ,Y,No,,Yes,ADS,Waymo LLC, , ,Y, , , , , ,,JUN-2025, ,JUN-2025,07:56, ,2b573385de2630e,[MAY CONTAIN PERSONALLY IDENTIFIABLE INFORMATION], ,[MAY CONTAIN PERSONALLY IDENTIFIABLE INFORMATION], ,[MAY CONTAIN PERSONALLY IDENTIFIABLE INFORMATION], ,Austin, ,TX ,[MAY CONTAIN PERSONALLY IDENTIFIABLE INFORMATION], ,Street,Dry,No Unusual Conditions,30.0, ,Daylight,Y, , , , , , , ,,SUV,No Injuries Reported,Yes,Proceeding Straight,No,No, , ,Y, , , , , , , , ,Stopped,No,Yes,No Passengers in Vehicle,0.0, , , , , , , ,Y, , , , , , ,Y, ,Y,Y, , ,No,, ,Yes,, ,, ,, ,Yes, ,"On June [XXX], 2025 at 7:56 AM CT a Waymo Autonomous Vehicle (""Waymo AV"") operating in Austin, Texas was in a collision involving an SUV on [XXX] at [XXX]. 
The Waymo AV was traveling eastbound on [XXX] in the rightmost left turn lane and came to a stop for a red light at the intersection at [XXX]. An SUV traveling eastbound in the same lane approached the Waymo AV from behind, and the front driver side of the SUV made contact with the rear passenger side of the Waymo AV. At the time of the impact, the Waymo AV's Level 4 ADS was engaged in autonomous mode. Both vehicles sustained damage.
Waymo is reporting this crash under Request No. 1 of Standing General Order 2021-01 because a vehicle involved was towed away. Waymo may supplement or correct its reporting with additional information as it may become available.", ,False,78702,AUSTIN,V2V F2R,False,False,prior_june16,,,,,,,,,,,,,,,,,,,,,,,,,,,
30270-11174,1,Waymo LLC,5-Day,,,JUN-2025,SADHW2S19R1,,,JAGUAR,I-PACE, ,2024.0, ,5071b1e30878c2e,,,,,,,,,,,,,,,,,,,,,,,ADS,Waymo LLC, , ,Y, , , , ,,,JUN-2025, ,,08:16, ,14d3b0e6909827c,[MAY CONTAIN PERSONALLY IDENTIFIABLE INFORMATION], ,[MAY CONTAIN PERSONALLY IDENTIFIABLE INFORMATION], ,, ,Chandler, ,AZ,, ,Parking Lot,,,,,,Y, , ,, , ,,,,Other Fixed Object,No Injured Reported,,,,,,,,,,,,,,,,Proceeding Straight,,,,10.0, , , , , , , , , , ,Y, , , ,Y, ,Y, , , ,,, ,,,,,,,,Yes, ,"On June [XXX], 2025 at 8:16 AM MT a Waymo Autonomous Vehicle (""Waymo AV"") operating in Chandler, Arizona was in a collision involving an elevated gate track in a parking lot at [XXX]. 
The Waymo AV was traveling eastbound in a parking lot at [XXX] through a gate opening when the bottom of the Waymo AV made contact with the elevated gate track. At the time of the impact, the Waymo AV's Level 4 ADS was engaged in autonomous mode. The Waymo AV sustained damage.
Waymo is reporting this crash under Request No. 1 of Standing General Order 2021-01 because a vehicle involved was towed away. Waymo may supplement or correct its reporting with additional information as it may become available.", ,True, ,PHOENIX,Single Vehicle,False,False,post_june16,Y, ,"5th Generation ADS, Version 10", ,Verified Engaged, , , , , , , ,Y, , , , , , , , , , , ,"No Subject Vehicle, No Crash Partner","No Subject Vehicle, No Crash Partner",Subject Vehicle - No Passenger In Vehicle
30270-11173,1,Waymo LLC,Monthly,6.0,2025.0,JUL-2025,SADHW2S17R1,,,JAGUAR,I-PACE, ,2024.0, ,f865ba97155e173,,,,,,,,,,,,,,,,,,,,,,,ADS,Waymo LLC, , ,Y, , , , ,,,JUN-2025, ,,21:36, ,65b5f28a5b980bc,[MAY CONTAIN PERSONALLY IDENTIFIABLE INFORMATION], ,[MAY CONTAIN PERSONALLY IDENTIFIABLE INFORMATION], ,, ,Austin, ,TX,, ,Street,,,,,,Y, , ,, , ,,,,Pickup Truck,Property Damage. No Injured Reported,,"Other, see Narrative",,, , , , , , ,Y, ,Y, , ,Stopped,,,,0.0, , , , , , , , ,Y,Y, , , , ,Y, ,Y, , , ,,, ,,,,,,,,Yes, ,"On June [XXX], 2025 at 9:36 PM CT a Waymo Autonomous Vehicle (""Waymo AV"") operating in Austin, Texas was in a collision involving a pickup truck on [XXX] near [XXX]. 
The Waymo AV was stopped in-lane facing west on [XXX] for a passenger pick-up with hazard lights activated. A pickup truck approached the Waymo AV from behind, and the front of the pickup truck made contact with the rear of the stationary Waymo AV. The pickup truck then reversed, maneuvered around the left of the Waymo AV, and stopped directly in front of the stationary Waymo AV. While the Waymo AV remained stopped, the pickup truck reversed again, and the rear of the pickup truck made contact with the front of the Waymo AV. At the time of the impact, the Waymo AV's Level 4 ADS was engaged in autonomous mode. The Waymo AV sustained damage.
Waymo is reporting this crash under Request No. 2 of Standing General Order 2021-01. Waymo may supplement or correct its reporting with additional information as it may become available.", ,True, ,AUSTIN,V2V F2R,False,False,post_june16,Y, ,"5th Generation ADS, Version 9", ,Verified Engaged, , , , , , , ,Y, , , , , , , , , , , ,"No Subject Vehicle, No Crash Partner","No Subject Vehicle, No Crash Partner",Subject Vehicle - No Passenger In Vehicle