Report ID,Report Version,Reporting Entity,Report Type,Report Month,Report Year,Report Submission Date,VIN,VIN - Unknown,Serial Number,Make,Model,Model - Unknown,Model Year,Model Year - Unknown,Same Vehicle ID,Mileage,Mileage - Unknown,Driver / Operator Type,ADAS/ADS System Version,ADAS/ADS System Version - Unk,ADAS/ADS System Version CBI,ADAS/ADS Hardware Version,ADAS/ADS Hardware Version - Unk,ADAS/ADS Hardware Version CBI,ADAS/ADS Software Version,ADAS/ADS Software Version - Unk,ADAS/ADS Software Version CBI,Other Reporting Entities?,Other Reporting Entities? - Unk,Other Reporting Entities? - NA,Federal Regulatory Exemption?,Other Federal Reg. Exemption,Federal Reg. Exemption - Unk,Federal Reg. Exemption - No,State or Local Permit?,State or Local Permit,ADS Equipped?,Automation System Engaged?,Operating Entity,Operating Entity - Unknown,Source - Complaint/Claim,Source - Telematics,Source - Law Enforcement,Source - Field Report,Source - Testing,Source - Media,Source - Other,Source - Other Text,Incident Date,Incident Date - Unknown,Notice Received Date,Incident Time (24:00),Incident Time - Unknown,Same Incident ID,Latitude,Latitude - Unknown,Longitude,Longitude - Unknown,Address,Address - Unknown,City,City - Unknown,State,Zip Code,Zip Code - Unknown,Roadway Type,Roadway Surface,Roadway Description,Posted Speed Limit (MPH),Posted Speed Limit - Unknown,Lighting,Weather - Clear,Weather - Snow,Weather - Cloudy,Weather - Fog/Smoke,Weather - Rain,Weather - Severe Wind,Weather - Unknown,Weather - Other,Weather - Other Text,Crash With,Highest Injury Severity Alleged,Property Damage?,CP Pre-Crash Movement,CP Any Air Bags Deployed?,CP Was Vehicle Towed?,CP Contact Area - Rear Left,CP Contact Area - Left,CP Contact Area - Front Left,CP Contact Area - Rear,CP Contact Area - Top,CP Contact Area - Front,CP Contact Area - Rear Right,CP Contact Area - Right,CP Contact Area - Front Right,CP Contact Area - Bottom,CP Contact Area - Unknown,SV Pre-Crash Movement,SV Any Air Bags Deployed?,SV Was Vehicle Towed?,SV Were All Passengers Belted?,SV Precrash Speed (MPH),SV Pre-crash Speed - Unknown,SV Contact Area - Rear Left,SV Contact Area - Left,SV Contact Area - Front Left,SV Contact Area - Rear,SV Contact Area - Top,SV Contact Area - Front,SV Contact Area - Rear Right,SV Contact Area - Right,SV Contact Area - Front Right,SV Contact Area - Bottom,SV Contact Area - Unknown,Data Availability - EDR,Data Availability - Police Rpt,Data Availability - Telematics,Data Availability - Complaints,Data Availability - Video,Data Availability - Other,Data Availability - No Data,Data Availability - Unknown,Law Enforcement Investigating?,Investigating Agency,Investigating Agency - Unknown,Rep Ent Or Mfr Investigating?,Investigating Officer Name,Inv. Officer Name - Unknown,Investigating Officer Phone,Inv. Officer Phone - Unknown,Investigating Officer Email,Inv. Officer Email - Unknown,Within ODD?,Within ODD? - CBI,Narrative,Narrative - CBI?,hub_delta_v_less_than_1mph,hub_zip_code,hub_location,hub_crash_type,hub_is_police_reported,hub_is_any_injury_reported,data_period,VIN Decoded,Make - Unknown,Automation Feature Version,Automation Feature Version CBI,Engagement Status,Source - Internal Process Review,Source - NHTSA VOQ,Source - Other - See Narrative,Source - Other Entity,Source - State or Other Agency,Roadway-Degraded Surface,Roadway-Missing/Degraded Marking,Roadway-No Unusual Conditions,Roadway-Other-See Narrative,Roadway-Traffic Incident,Roadway-Unknown,Roadway-Wet Surface Condition,Roadway-Work Zone,Weather - Partly Cloudy,Weather - Fog/Smoke/Haze,Weather - Dust Storm,Weather - Severe Hurricane,Weather - Structure-Indoor,Weather - Unk - See Narrative,Any Air Bags Deployed?,Was Any Vehicle Towed?,Were All Passengers Belted?
30270-11238,1,Waymo LLC,5-Day,,,JUL-2025,SADHW2S14R1,,,JAGUAR,I-PACE, ,2024.0, ,fc430eff53d2ba1,,,,,,,,,,,,,,,,,,,,,,,ADS,Waymo LLC, , ,Y, , , , ,,,JUN-2025, ,,22:56, ,fb4ea910520b2d9,[MAY CONTAIN PERSONALLY IDENTIFIABLE INFORMATION], ,[MAY CONTAIN PERSONALLY IDENTIFIABLE INFORMATION], ,, ,Austin, ,TX,, ,Intersection,,,,,,Y, , ,, , ,,,,Passenger Car,Property Damage. No Injured Reported,,Changing Lanes,,, , , , , ,Y, , , , , ,Stopped,,,,0.0, ,Y, , , , , , , , , , , , ,Y, ,Y, , , ,,, ,,,,,,,,Yes, ,"On June [XXX], 2025 at 10:56 PM CT a Waymo Autonomous Vehicle (""Waymo AV"") operating in Austin, Texas was in a collision involving a passenger car on [XXX] at [XXX]. 
The Waymo AV was stopped facing northbound on [XXX] in the left lane at a red light at the intersection with [XXX]. A passenger car approached the Waymo AV from behind and began to change lanes to the right of the Waymo AV, and the front driver side of the passenger car made contact with the rear passenger side of the stationary Waymo AV. At the time of the impact, the Waymo AV's Level 4 ADS was engaged in autonomous mode. Both vehicles sustained damage.
Waymo is reporting this crash under Request No. 1 of Standing General Order 2021-01 because a vehicle involved was towed away. Waymo may supplement or correct its reporting with additional information as it may become available.", ,False, ,AUSTIN,V2V F2R,False,False,post_june16,Y, ,"5th Generation ADS, Version 10", ,Verified Engaged, , , , , , , ,Y, , , , , , , , , , , ,"No Subject Vehicle, No Crash Partner","Yes Subject Vehicle, No Crash Partner",Subject Vehicle - No Passenger In Vehicle
30270-11246,1,Waymo LLC,5-Day,,,JUL-2025,SADHW2S10R1,,,JAGUAR,I-PACE, ,2024.0, ,54a02e94e0a19eb,,,,,,,,,,,,,,,,,,,,,,,ADS,Waymo LLC, , ,Y, , , , ,,,JUN-2025, ,,18:59, ,85c4a2c33c09848,[MAY CONTAIN PERSONALLY IDENTIFIABLE INFORMATION], ,[MAY CONTAIN PERSONALLY IDENTIFIABLE INFORMATION], ,, ,Austin, ,TX,, ,Intersection,,,,,, , ,Y,, , ,,,,Pickup Truck,Property Damage. No Injured Reported,,Making Left Turn,,, , ,Y, , , , , , , , ,Making Left Turn,,,,10.0, , ,Y, , , , , , , , , , , ,Y, ,Y, , , ,,, ,,,,,,,,Yes, ,"On June [XXX], 2025 at 6:59 PM CT a Waymo Autonomous Vehicle (""Waymo AV"") operating in Austin, Texas was in a collision involving a pickup truck on [XXX] at [XXX]. 
The Waymo AV was stopped facing east in the outer dedicated left turn lane on [XXX] for a red light at the intersection at [XXX]. When the light turned green, the Waymo AV initiated a left turn from the outer left turn lane into the center lane of northbound [XXX]. While the Waymo AV was completing its left turn, a pickup truck turning left from the inner dedicated left turn lane entered the center lane of northbound [XXX], crossing the dotted white lane line. The front passenger side of the pickup truck made contact with the driver side of the Waymo AV. At the time of the impact, the Waymo AV's Level 4 ADS was engaged in autonomous mode. Both vehicles sustained damage.
Waymo is reporting this crash under Request No. 1 of Standing General Order 2021-01 because a vehicle involved was towed away. Waymo may supplement or correct its reporting with additional information as it may become available.", ,False, ,AUSTIN,V2V Lateral,False,False,post_june16,Y, ,"5th Generation ADS, Version 10", ,Verified Engaged, , , , , , , ,Y, , , , , , , , , , , ,"No Subject Vehicle, No Crash Partner","Yes Subject Vehicle, No Crash Partner",Subject Vehicle - All Belted
30270-11204,1,Waymo LLC,5-Day,,,JUN-2025,SADHW2S19M1,,,JAGUAR,I-PACE, ,2021.0, ,df84fa8aece7066,,,,,,,,,,,,,,,,,,,,,,,ADS,Waymo LLC, , ,Y, , , , ,,,JUN-2025, ,,05:58, ,48a69df2a6c3a88,[MAY CONTAIN PERSONALLY IDENTIFIABLE INFORMATION], ,[MAY CONTAIN PERSONALLY IDENTIFIABLE INFORMATION], ,, ,Phoenix, ,AZ,, ,Parking Lot,,,,,,Y, , ,, , ,,,,Van,No Injured Reported,,Lane / Road Departure,,, , , , , , , , ,Y, , ,Stopped,,,,0.0, , , , , , ,Y, , , , , , , ,Y, ,Y, , , ,,, ,,,,,,,,Yes, ,"On June [XXX], 2025 at 5:58 AM MT a Waymo Autonomous Vehicle (""Waymo AV"") operating in Phoenix, Arizona was in a collision involving a van at the entrance of a parking lot at [XXX]. 
The Waymo AV was stopped facing south at the entrance of a parking lot at [XXX] while yielding to traffic and preparing to make a left turn at the intersection at [XXX]. As the Waymo AV remained stopped, a van traveling westbound in the rightmost lane on [XXX] traveled onto the north sidewalk of [XXX]. It then entered the parking lot entrance from the sidewalk, traveling perpendicular to the standard direction of travel. The front of the van made contact with the front driver side of the Waymo AV, which was still stationary at intersection, causing the Waymo AV to spin and the front of the Waymo AV to then make contact with a sign pole. At the time of the impact, the Waymo AV's Level 4 ADS was engaged in autonomous mode. Both vehicles sustained damage.
Waymo is reporting this crash under Request No. 1 of Standing General Order 2021-01 because a vehicle involved was towed away. Waymo may supplement or correct its reporting with additional information as it may become available.", ,False, ,PHOENIX,Secondary Crash,True,False,post_june16,Y, ,"5th Generation ADS, Version 10", ,Verified Engaged, , , , , , , ,Y, , , , , , , , , , , ,"No Subject Vehicle, No Crash Partner","Yes Subject Vehicle, No Crash Partner",Subject Vehicle - No Passenger In Vehicle
30270-11206,1,Waymo LLC,Monthly,6.0,2025.0,JUL-2025,SADHW2S15M1,,,JAGUAR,I-PACE, ,2021.0, ,e801f0c281cadd6,,,,,,,,,,,,,,,,,,,,,,,ADS,Waymo LLC, , ,Y, , , , ,,,JUN-2025, ,,23:04, ,5e09559e538f126,[MAY CONTAIN PERSONALLY IDENTIFIABLE INFORMATION], ,[MAY CONTAIN PERSONALLY IDENTIFIABLE INFORMATION], ,, ,Phoenix, ,AZ,, ,Intersection,,,,,,Y, , ,, , ,,,,"Other, see Narrative",Property Damage. No Injured Reported,,"Other, see Narrative",,, , , , , , , , , , ,Y,Proceeding Straight,,,,21.0, , , , , , , , , ,Y, , , , ,Y, ,Y, , , ,,, ,,,,,,,,Yes, ,"On June [XXX], 2025 at 11:04 PM MT a Waymo Autonomous Vehicle (""Waymo AV"") operating in Phoenix, Arizona was in a collision involving a tire on [XXX] at [XXX]. 
The Waymo AV was traveling westbound on [XXX] in the second from the right lane when several tires fell from a trailer pulled by a recreation vehicle traveling westbound on [XXX] in front of the Waymo AV. The tires rolled into the roadway and the front of the Waymo AV made contact with one of the tires, which then went under the Waymo AV. At the time of the impact, the Waymo AV's Level 4 ADS was engaged in autonomous mode. The Waymo AV sustained damage. The passenger in the Waymo AV was not belted at the time of the collision.
Waymo is reporting this crash under Request No. 2 of Standing General Order 2021-01. Waymo may supplement or correct its reporting with additional information as it may become available.", ,True, ,PHOENIX,Single Vehicle,False,False,post_june16,Y, ,"5th Generation ADS, Version 10", ,Verified Engaged, , , , , , , ,Y, , , , , , , , , , , ,"No Subject Vehicle, No Crash Partner","No Subject Vehicle, No Crash Partner",Subject Vehicle - Not Belted - see Narrative
30270-11208,1,Waymo LLC,Monthly,6.0,2025.0,JUL-2025,SADHW2S12R1,,,JAGUAR,I-PACE, ,2024.0, ,105423dedd0a22f,,,,,,,,,,,,,,,,,,,,,,,ADS,Waymo LLC, , ,Y, , , , ,,,JUN-2025, ,,21:05, ,4b9386726e6715e,[MAY CONTAIN PERSONALLY IDENTIFIABLE INFORMATION], ,[MAY CONTAIN PERSONALLY IDENTIFIABLE INFORMATION], ,, ,Austin, ,TX,, ,Intersection,,,,,,Y, , ,, , ,,,,SUV,Property Damage. No Injured Reported,,Proceeding Straight,,, , , , , , , , ,Y, , ,Stopped,,,,0.0, , , , , , , ,Y, , , , , , ,Y, ,Y, , , ,,, ,,,,,,,,Yes, ,"On June [XXX], 2025 at 9:05 PM CT a Waymo Autonomous Vehicle (""Waymo AV"") operating in Austin, Texas was in a collision involving an SUV on [XXX] at [XXX]. 
The Waymo AV was traveling southbound on [XXX] and came to a stop for a red light at the intersection at [XXX]. An SUV approached the Waymo AV from behind, and the front of the SUV made contact with the rear of the stationary Waymo AV. At the time of the impact, the Waymo AV's Level 4 ADS was engaged in autonomous mode. The Waymo AV sustained damage.
Waymo is reporting this crash under Request No. 2 of Standing General Order 2021-01. Waymo may supplement or correct its reporting with additional information as it may become available.", ,False, ,AUSTIN,V2V F2R,False,False,post_june16,Y, ,"5th Generation ADS, Version 9", ,Verified Engaged, , , , , , , ,Y, , , , , , , , , , , ,"No Subject Vehicle, No Crash Partner","No Subject Vehicle, No Crash Partner",Subject Vehicle - All Belted
30270-11209,1,Waymo LLC,5-Day,,,JUN-2025,SADHW2S17R1,,,JAGUAR,I-PACE, ,2024.0, ,f48582523327e68,,,,,,,,,,,,,,,,,,,,,,,ADS,Waymo LLC, , ,Y, , , , ,,,JUN-2025, ,,09:05, ,c1816d4e297b197,[MAY CONTAIN PERSONALLY IDENTIFIABLE INFORMATION], ,[MAY CONTAIN PERSONALLY IDENTIFIABLE INFORMATION], ,, ,Chandler, ,AZ,, ,Parking Lot,,,,,,Y, , ,, , ,,,,Other Fixed Object,No Injured Reported,,,,,,,,,,,,,,,,Proceeding Straight,,,,10.0, , , , , , , , , , ,Y, , , ,Y, ,Y, , , ,,, ,,,,,,,,Yes, ,"On June [XXX], 2025 at 9:05 AM MT a Waymo Autonomous Vehicle (""Waymo AV"") operating in Chandler, Arizona was in a collision involving an elevated gate track in a parking lot at [XXX]. 
The Waymo AV was traveling eastbound in a parking lot at [XXX] through a gate opening when the bottom of the Waymo AV made contact with the elevated gate track. At the time of the impact, the Waymo AV's Level 4 ADS was engaged in autonomous mode. The Waymo AV sustained damage.
Waymo is reporting this crash under Request No. 1 of Standing General Order 2021-01 because a vehicle involved was towed away. Waymo may supplement or correct its reporting with additional information as it may become available.", ,True, ,PHOENIX,Single Vehicle,False,False,post_june16,Y, ,"5th Generation ADS, Version 10", ,Verified Engaged, , , , , , , ,Y, , , , , , , , , , , ,"No Subject Vehicle, No Crash Partner","Yes Subject Vehicle, No Crash Partner",Subject Vehicle - No Passenger In Vehicle
30270-11212,1,Waymo LLC,Monthly,6.0,2025.0,JUL-2025,SADHW2S18R1,,,JAGUAR,I-PACE, ,2024.0, ,7ebedc3d7f56e9b,,,,,,,,,,,,,,,,,,,,,,,ADS,Waymo LLC, , ,Y, , , , ,,,JUN-2025, ,,22:26, ,52f4d4273b22dfc,[MAY CONTAIN PERSONALLY IDENTIFIABLE INFORMATION], ,[MAY CONTAIN PERSONALLY IDENTIFIABLE INFORMATION], ,, ,Austin, ,TX,, ,Street,,,,,,Y, , ,, , ,,,,SUV,Minor W/O Hospitalization,,Proceeding Straight,,, , , , , , , , ,Y, , ,Stopped,,,,0.0, , , , , , , ,Y, , , , , , ,Y, ,Y, , , ,,, ,,,,,,,,Yes, ,"On June [XXX], 2025 at 10:26 PM CT a Waymo Autonomous Vehicle (""Waymo AV"") operating in Austin, Texas was in a collision involving an SUV on [XXX] near [XXX]. 
The Waymo AV was traveling southbound on [XXX] in the second lane from the right and came to a stop in a queue of traffic for a red light at the intersection at [XXX]. An SUV approached the Waymo AV from behind, and the front of the SUV made contact with the rear of the stationary Waymo AV. At the time of the impact, the Waymo AV's Level 4 ADS was engaged in autonomous mode. The passenger in the Waymo AV alleged a minor injury.
Waymo is reporting this crash under Request No. 2 of Standing General Order 2021-01. Waymo may supplement or correct its reporting with additional information as it may become available.", ,True, ,AUSTIN,V2V F2R,False,True,post_june16,Y, ,"5th Generation ADS, Version 9", ,Verified Engaged, , , , , , , ,Y, , , , , , , , , , , ,"No Subject Vehicle, No Crash Partner","No Subject Vehicle, No Crash Partner",Subject Vehicle - All Belted
30270-11214,1,Waymo LLC,Monthly,6.0,2025.0,JUL-2025,SADHW2S15R1,,,JAGUAR,I-PACE, ,2024.0, ,011b3519bb36005,,,,,,,,,,,,,,,,,,,,,,,ADS,Waymo LLC, , ,Y, , , , ,,,JUN-2025, ,,18:01, ,100be7e36c21998,[MAY CONTAIN PERSONALLY IDENTIFIABLE INFORMATION], ,[MAY CONTAIN PERSONALLY IDENTIFIABLE INFORMATION], ,, ,Guadalupe, ,AZ,, ,Street,,,,,,Y, , ,, , ,,,,Passenger Car,Property Damage. No Injured Reported,,Proceeding Straight,,, , , , , , , , ,Y, , ,Proceeding Straight,,,,15.0, , , , , , , ,Y, , , , , , ,Y, ,Y, , , ,,, ,,,,,,,,Yes, ,"On June [XXX], 2025 at 6:01 PM MT a Waymo Autonomous Vehicle (""Waymo AV"") operating in Guadalupe, Arizona was in a collision involving a passenger car on [XXX] near [XXX]. 
The Waymo AV was traveling southbound on [XXX] and began to slow for a queue of traffic at the intersection at [XXX]. A passenger car traveling southbound on [XXX] approached the Waymo AV from behind and the front of the passenger car made contact with the rear of the Waymo AV. At the time of the impact, the Waymo AV's Level 4 ADS was engaged in autonomous mode. Both vehicles sustained damage.
Waymo is reporting this crash under Request No. 2 of Standing General Order 2021-01. Waymo may supplement or correct its reporting with additional information as it may become available.", ,False, ,PHOENIX,V2V F2R,False,False,post_june16,Y, ,"5th Generation ADS, Version 10", ,Verified Engaged, , , , , , , ,Y, , , , , , , , , , , ,"No Subject Vehicle, No Crash Partner","No Subject Vehicle, No Crash Partner",Subject Vehicle - All Belted
30270-11215,1,Waymo LLC,Monthly,6.0,2025.0,JUL-2025,SADHW2S19R1,,,JAGUAR,I-PACE, ,2024.0, ,0c1e9551cc957f9,,,In-Vehicle (Commercial / Test),,,,,,,,,,,,,,,,,,,,ADS,Waymo LLC, , ,Y, , , , ,,,JUN-2025, ,,21:22, ,d63b77ecc314557,[MAY CONTAIN PERSONALLY IDENTIFIABLE INFORMATION], ,[MAY CONTAIN PERSONALLY IDENTIFIABLE INFORMATION], ,, ,Miami, ,FL,, ,Street,,,,,,Y, , ,, , ,,,,Passenger Car,Property Damage. No Injured Reported,,Proceeding Straight,,, , , , , , , ,Y, , , ,Passing,,,,4.0, , , , , , ,Y, , , , , , , ,Y, ,Y, , , ,,Miami Police Department, ,,,,,,,,Yes, ,"On June [XXX], 2025 at 9:22 PM ET a Waymo Autonomous Vehicle (""Waymo AV"") operating in Miami, Florida was in a collision involving a passenger car on [XXX] at [XXX]. 
The Waymo AV was traveling southbound on [XXX] in autonomous mode in the left lane when it approached a passenger car stopped in the left lane with its left turn signal activated at the intersection with [XXX]. The Waymo AV merged into the right lane to pass the passenger car and the test driver disengaged the Waymo AV's ADS as the Waymo AV began to merge back into the left lane. As the test driver attempted to merge in front of the passenger car, the passenger car proceeded straight and the passenger side of the passenger car made contact with the front driver side of the Waymo AV. At the time of the impact, the Waymo AV's Level 4 ADS was not engaged and a test driver was operating the Waymo AV in manual mode. Both vehicles sustained damage.
Waymo is reporting this crash under Request No. 2 of Standing General Order 2021-01. Waymo may supplement or correct its reporting with additional information as it may become available.", ,,,,,,,post_june16,Y, ,5th Generation ADS Version 10, ,Verified Not Engaged, , , , , , , ,Y, , , , , , , , , , , ,"No Subject Vehicle, No Crash Partner","No Subject Vehicle, No Crash Partner",Subject Vehicle - All Belted
30270-11216,1,Waymo LLC,Monthly,6.0,2025.0,JUL-2025,SADHW2S19R1,,,JAGUAR,I-PACE, ,2024.0, ,cbd3f1f6c9a8cb6,,,,,,,,,,,,,,,,,,,,,,,ADS,Waymo LLC, , ,Y, , , , ,,,JUN-2025, ,,16:56, ,a2efe3284b1523e,[MAY CONTAIN PERSONALLY IDENTIFIABLE INFORMATION], ,[MAY CONTAIN PERSONALLY IDENTIFIABLE INFORMATION], ,, ,Phoenix, ,AZ,, ,Street,,,,,,Y, , ,, , ,,,,Passenger Car,Property Damage. No Injured Reported,,Proceeding Straight,,, , , , , , , ,Y, , , ,Parked,,,,0.0, , , , ,Y, , , , , , , , , ,Y, ,Y, , , ,,, ,,,,,,,,Yes, ,"On June [XXX], 2025 at 4:56 PM MST a Waymo Autonomous Vehicle (""Waymo AV"") operating in Phoenix, Arizona was in a collision involving a passenger car on [XXX] near [XXX]. 
The Waymo AV was parked at the curb facing south on [XXX] for a passenger drop-off with hazard lights activated. While the Waymo AV remained parked, a passenger car traveling southbound on [XXX] with its front passenger side door open proceeded to pass to the left of the Waymo AV. The front passenger door of the passenger car made contact with the rear driver side of the stationary Waymo AV. At the time of the impact, the Waymo AV's Level 4 ADS was engaged in autonomous mode. The passenger seated in the Waymo AV was not belted at the time of the collision, having not put the seatbelt on at the start of the trip. Both vehicles sustained damage.
Waymo is reporting this crash under Request No. 2 of Standing General Order 2021-01. Waymo may supplement or correct its reporting with additional information as it may become available.", ,False, ,PHOENIX,All Others,False,False,post_june16,Y, ,"5th Generation ADS, Version 10", ,Verified Engaged, , , , , , , ,Y, , , , , , , , , , , ,"No Subject Vehicle, No Crash Partner","No Subject Vehicle, No Crash Partner",Subject Vehicle - Not Belted - see Narrative
30270-11217,1,Waymo LLC,Monthly,6.0,2025.0,JUL-2025,SADHW2S10R1,,,JAGUAR,I-PACE, ,2024.0, ,7748c1f8d3f6fe7,,,In-Vehicle (Commercial / Test),,,,,,,,,,,,,,,,,,,,ADS,Waymo LLC, , ,Y, , , , ,,,JUN-2025, ,,17:26, ,243a5cc53e4d04a,[MAY CONTAIN PERSONALLY IDENTIFIABLE INFORMATION], ,[MAY CONTAIN PERSONALLY IDENTIFIABLE INFORMATION], ,, ,Austin, ,TX,, ,Street,,,,,,Y, , ,, , ,,,,Passenger Car,Property Damage. No Injured Reported,,Proceeding Straight,,, , , , , , , , ,Y, , ,Proceeding Straight,,,,1.0, , , , , , , ,Y, , , , , , ,Y, ,Y, , , ,,, ,,,,,,,,Yes, ,"On June [XXX], 2025 at 5:26 PM CT a Waymo Autonomous Vehicle (""Waymo AV"") operating in Austin, Texas was in a collision involving a passenger car on [XXX] near [XXX]. 
The Waymo AV was traveling southbound on [XXX] in the third from the right lane and came to a stop in a queue of traffic. As traffic in all lanes started to proceed forward, the Waymo AV slowly proceeded forward with its left turn signal activated, yielding to traffic and momentarily stopping in an attempt to merge into the left adjacent lane. A passenger car that was initially stopped directly behind the Waymo AV began to proceed forward and the front of the passenger car made contact with the rear of the Waymo AV. At the time of the impact, the Waymo AV's Level 4 ADS was engaged in autonomous mode, and a test driver was present (in the driver's seating position).The Waymo AV sustained damage.
Waymo is reporting this crash under Request No. 2 of Standing General Order 2021-01. Waymo may supplement or correct its reporting with additional information as it may become available.", ,,,,,,,post_june16,Y, ,"5th Generation ADS, Version 10", ,Verified Engaged, , , , , , , ,Y, , , , , , , , , , , ,"No Subject Vehicle, No Crash Partner","No Subject Vehicle, No Crash Partner",Subject Vehicle - All Belted
30270-11219,1,Waymo LLC,Monthly,6.0,2025.0,JUL-2025,SADHW2S11R1,,,JAGUAR,I-PACE, ,2024.0, ,3484caaa1de941e,,,,,,,,,,,,,,,,,,,,,,,ADS,Waymo LLC, , ,Y, , , , ,,,JUN-2025, ,,12:11, ,9d7ddaa65663896,[MAY CONTAIN PERSONALLY IDENTIFIABLE INFORMATION], ,[MAY CONTAIN PERSONALLY IDENTIFIABLE INFORMATION], ,, ,Atlanta, ,GA,, ,Street,,,,,,Y, , ,, , ,,,,Heavy Truck,Minor W/O Hospitalization,,Proceeding Straight,,, ,Y, , , , , , , , , ,Stopped,,,,0.0, , , , ,Y, , , , , , , , , ,Y, ,Y, , , ,,, ,,,,,,,,Yes, ,"On June [XXX], 2025 at 12:11 PM ET a Waymo Autonomous Vehicle (""Waymo AV"") operating in Atlanta, Georgia was in a collision involving a heavy truck on [XXX] at [XXX]. 
The Waymo AV was traveling eastbound on [XXX] and came to a stop to yield to a heavy truck traveling westbound on a portion of [XXX] with vehicles parked at both curbs. As the heavy truck passed the stationary Waymo AV, the driver side of the heavy truck made contact with the rear driver side of the Waymo AV. At the time of the impact, the Waymo AV's Level 4 ADS was engaged in autonomous mode. The passenger in the Waymo AV alleged a minor injury. The Waymo AV sustained damage.
Waymo is reporting this crash under Request No. 2 of Standing General Order 2021-01. Waymo may supplement or correct its reporting with additional information as it may become available.", ,True, ,ATLANTA,V2V Head-on,False,True,post_june16,Y, ,"5th Generation ADS, Version 10", ,Verified Engaged, , , , , , , ,Y, , , , , , , , , , , ,"No Subject Vehicle, No Crash Partner","No Subject Vehicle, No Crash Partner",Subject Vehicle - All Belted
30270-11220,1,Waymo LLC,Monthly,6.0,2025.0,JUL-2025,SADHW2S14R1,,,JAGUAR,I-PACE, ,2024.0, ,b5be96ad288a508,,,,,,,,,,,,,,,,,,,,,,,ADS,Waymo LLC, , ,Y, , , , ,,,JUN-2025, ,,23:35, ,ea11ad2f69fa240,[MAY CONTAIN PERSONALLY IDENTIFIABLE INFORMATION], ,[MAY CONTAIN PERSONALLY IDENTIFIABLE INFORMATION], ,, ,Scottsdale, ,AZ,, ,Street,,,,,,Y, , ,, , ,,,,"Other, see Narrative",Property Damage. No Injured Reported,,"Other, see Narrative",,, , , , , , , , , , ,Y,Proceeding Straight,,,,23.0, , , , , , , , , ,Y,Y, , , ,Y, ,Y, , , ,,, ,,,,,,,,Yes, ,"On June [XXX], 2025 at 11:35 PM MT a Waymo Autonomous Vehicle (""Waymo AV"") operating in Scottsdale, Arizona was in a collision involving an unattended bicycle in the roadway on [XXX] near [XXX]. 
The Waymo AV was traveling eastbound in the rightmost lane of [XXX] when the Waymo AV's front and undercarriage made contact with an unattended bicycle that was laying in the middle of the roadway. At the time of the impact, the Waymo AV's Level 4 ADS was engaged in autonomous mode. The Waymo AV sustained damage. One of the passengers in the Waymo AV was not belted at the time of the collision.
Waymo is reporting this crash under Request No. 2 of Standing General Order 2021-01. Waymo may supplement or correct its reporting with additional information as it may become available.", ,True, ,PHOENIX,Single Vehicle,False,False,post_june16,Y, ,"5th Generation ADS, Version 10", ,Verified Engaged, , , , , , , ,Y, , , , , , , , , , , ,Not Applicable,"No Subject Vehicle, No Crash Partner",Subject Vehicle - Not Belted - see Narrative
30270-11224,1,Waymo LLC,5-Day,,,JUN-2025,SADHW2S17R1,,,JAGUAR,I-PACE, ,2024.0, ,101ca9eb2e2c6ed,,,,,,,,,,,,,,,,,,,,,,,ADS,Waymo LLC, , ,Y, , , , ,,,JUN-2025, ,,17:34, ,4e9b36dcecf6185,[MAY CONTAIN PERSONALLY IDENTIFIABLE INFORMATION], ,[MAY CONTAIN PERSONALLY IDENTIFIABLE INFORMATION], ,, ,Mesa, ,AZ,, ,Street,,,,,,Y, , ,, , ,,,,SUV,Property Damage. No Injured Reported,,Parked,,, ,Y, , , , , , , , , ,Proceeding Straight,,,,6.0, , , ,Y, , , , ,Y, , , , , ,Y, ,Y, , , ,,Chandler Police Department, ,,,,,,,,Yes, ,"On June [XXX], 2025 at 5:34 PM MT a Waymo Autonomous Vehicle (""Waymo AV"") operating in Mesa, Arizona was in a collision involving an autonomous vehicle on [XXX] near [XXX]. 
The Waymo AV was parked facing east for a passenger pick-up on [XXX] adjacent to a parking lot at [XXX]. A passenger entered the Waymo AV and the Waymo AV began to proceed forward momentarily before the passenger opened the front passenger side door and exited the Waymo AV, prompting the Waymo AV to stop. The passenger then re-entered the Waymo AV and the Waymo AV proceeded to pass to the left of a different Waymo AV stopped facing east on [XXX]. While the first Waymo AV was passing the stopped Waymo AV, the passenger in the moving Waymo AV opened the front passenger side door, which then made contact with the driver side mirror of the stopped Waymo AV. The passenger in the moving Waymo AV was not belted at the time of the collision. At the time of the impact, the Level 4 ADS of both Waymo AVs were engaged in autonomous mode. Both vehicles sustained damage.
Waymo is reporting this crash under Request No. 1 of Standing General Order 2021-01 because a vehicle involved was towed away. Waymo may supplement or correct its reporting with additional information as it may become available.", ,True, ,PHOENIX,All Others,True,False,post_june16,Y, ,"5th Generation ADS, Version 10", ,Verified Engaged, , , , , , , ,Y, , , , , , , , , , , ,"No Subject Vehicle, No Crash Partner","Yes Crash Partner, No Subject Vehicle",Subject Vehicle - Not Belted - see Narrative