Report ID,Report Version,Reporting Entity,Report Type,Report Month,Report Year,Report Submission Date,VIN,VIN - Unknown,Serial Number,Make,Model,Model - Unknown,Model Year,Model Year - Unknown,Same Vehicle ID,Mileage,Mileage - Unknown,Driver / Operator Type,ADAS/ADS System Version,ADAS/ADS System Version - Unk,ADAS/ADS System Version CBI,ADAS/ADS Hardware Version,ADAS/ADS Hardware Version - Unk,ADAS/ADS Hardware Version CBI,ADAS/ADS Software Version,ADAS/ADS Software Version - Unk,ADAS/ADS Software Version CBI,Other Reporting Entities?,Other Reporting Entities? - Unk,Other Reporting Entities? - NA,Federal Regulatory Exemption?,Other Federal Reg. Exemption,Federal Reg. Exemption - Unk,Federal Reg. Exemption - No,State or Local Permit?,State or Local Permit,ADS Equipped?,Automation System Engaged?,Operating Entity,Operating Entity - Unknown,Source - Complaint/Claim,Source - Telematics,Source - Law Enforcement,Source - Field Report,Source - Testing,Source - Media,Source - Other,Source - Other Text,Incident Date,Incident Date - Unknown,Notice Received Date,Incident Time (24:00),Incident Time - Unknown,Same Incident ID,Latitude,Latitude - Unknown,Longitude,Longitude - Unknown,Address,Address - Unknown,City,City - Unknown,State,Zip Code,Zip Code - Unknown,Roadway Type,Roadway Surface,Roadway Description,Posted Speed Limit (MPH),Posted Speed Limit - Unknown,Lighting,Weather - Clear,Weather - Snow,Weather - Cloudy,Weather - Fog/Smoke,Weather - Rain,Weather - Severe Wind,Weather - Unknown,Weather - Other,Weather - Other Text,Crash With,Highest Injury Severity Alleged,Property Damage?,CP Pre-Crash Movement,CP Any Air Bags Deployed?,CP Was Vehicle Towed?,CP Contact Area - Rear Left,CP Contact Area - Left,CP Contact Area - Front Left,CP Contact Area - Rear,CP Contact Area - Top,CP Contact Area - Front,CP Contact Area - Rear Right,CP Contact Area - Right,CP Contact Area - Front Right,CP Contact Area - Bottom,CP Contact Area - Unknown,SV Pre-Crash Movement,SV Any Air Bags Deployed?,SV Was Vehicle Towed?,SV Were All Passengers Belted?,SV Precrash Speed (MPH),SV Pre-crash Speed - Unknown,SV Contact Area - Rear Left,SV Contact Area - Left,SV Contact Area - Front Left,SV Contact Area - Rear,SV Contact Area - Top,SV Contact Area - Front,SV Contact Area - Rear Right,SV Contact Area - Right,SV Contact Area - Front Right,SV Contact Area - Bottom,SV Contact Area - Unknown,Data Availability - EDR,Data Availability - Police Rpt,Data Availability - Telematics,Data Availability - Complaints,Data Availability - Video,Data Availability - Other,Data Availability - No Data,Data Availability - Unknown,Law Enforcement Investigating?,Investigating Agency,Investigating Agency - Unknown,Rep Ent Or Mfr Investigating?,Investigating Officer Name,Inv. Officer Name - Unknown,Investigating Officer Phone,Inv. Officer Phone - Unknown,Investigating Officer Email,Inv. Officer Email - Unknown,Within ODD?,Within ODD? - CBI,Narrative,Narrative - CBI?,hub_delta_v_less_than_1mph,hub_zip_code,hub_location,hub_crash_type,hub_is_police_reported,hub_is_any_injury_reported,data_period,VIN Decoded,Make - Unknown,Automation Feature Version,Automation Feature Version CBI,Engagement Status,Source - Internal Process Review,Source - NHTSA VOQ,Source - Other - See Narrative,Source - Other Entity,Source - State or Other Agency,Roadway-Degraded Surface,Roadway-Missing/Degraded Marking,Roadway-No Unusual Conditions,Roadway-Other-See Narrative,Roadway-Traffic Incident,Roadway-Unknown,Roadway-Wet Surface Condition,Roadway-Work Zone,Weather - Partly Cloudy,Weather - Fog/Smoke/Haze,Weather - Dust Storm,Weather - Severe Hurricane,Weather - Structure-Indoor,Weather - Unk - See Narrative,Any Air Bags Deployed?,Was Any Vehicle Towed?,Were All Passengers Belted?
30270-9232,1,Waymo LLC,5-Day,,,NOV-2024,SADHW2S11M1, ,,Jaguar,I-Pace, ,2021.0, ,3939a6251560c3b,140129.0, ,In-Vehicle (Commercial / Test),5th Generation ADS, , ,5th Generation, , ,Version 9, , ,Transdev Alternative Services, , ,,, ,Y,No,,Yes,ADS,Waymo LLC, , ,Y, , , , , ,,NOV-2024, ,NOV-2024,23:04, ,7e4946ffe5ce559,[MAY CONTAIN PERSONALLY IDENTIFIABLE INFORMATION], ,[MAY CONTAIN PERSONALLY IDENTIFIABLE INFORMATION], ,[MAY CONTAIN PERSONALLY IDENTIFIABLE INFORMATION], ,Austin, ,TX ,[MAY CONTAIN PERSONALLY IDENTIFIABLE INFORMATION], ,Parking Lot,Dry,No Unusual Conditions,15.0, ,Dark - Not Lighted,Y, , , , , , , ,,Other Fixed Object,No Injuries Reported,Yes,,,, , , , , , , , , , , ,Proceeding Straight,No,Yes,Yes,8.0, , , , , , , , , , ,Y, , , ,Y, ,Y,Y, , ,No,, ,Yes,, ,, ,, ,Yes, ,"On Thursday, November [XXX], 2024 at 11:04 PM CST, a Waymo Autonomous Vehicle (""Waymo AV"") operating in Austin, Texas was in a collision involving a raised concrete curb in a parking lot on [XXX] near [XXX].
The Waymo AV was proceeding through a parking lot on [XXX] near [XXX] in autonomous mode when it encountered a passenger car parked outside the marked parking spaces occupying a portion of the parking lot apparently intended for ingress and egress from the lot rather than parking. The AV came to a stop, and shortly thereafter the test driver assumed manual control AV. The test driver reversed slightly and then proceeded through a vacant marked parking space to pass around the parked passenger car, and as the AV crossed through the vacant parking space it made contact with a raised concrete curb.
At the time of the impact, the Waymo AV's Level 4 ADS was not engaged and a test driver was operating the Waymo AV in manual mode. The Waymo AV sustained damage.
Waymo is reporting this crash under Request No. 1 of Standing General Order 2021-01 because a vehicle involved was towed away. Waymo may supplement or correct its reporting with additional information as it may become available.", ,,,,,,,prior_june16,,,,,,,,,,,,,,,,,,,,,,,,,,,
30270-9411,1,Waymo LLC,Monthly,11.0,2024.0,DEC-2024,SADHW2S11M1, ,,Jaguar,I-Pace, ,2021.0, ,cd201ac4bbd4c98,125018.0, ,,5th Generation ADS, , ,5th Generation, , ,Version 9, , ,, ,Y,,, ,Y,Yes (specify below),ADOT,Yes,ADS,Waymo LLC, , ,Y, , , , , ,,NOV-2024, ,NOV-2024,18:44, ,2086d3156e7d817,[MAY CONTAIN PERSONALLY IDENTIFIABLE INFORMATION], ,[MAY CONTAIN PERSONALLY IDENTIFIABLE INFORMATION], ,[MAY CONTAIN PERSONALLY IDENTIFIABLE INFORMATION], ,Tempe, ,AZ ,[MAY CONTAIN PERSONALLY IDENTIFIABLE INFORMATION], ,Street,Dry,No Unusual Conditions,45.0, ,Dark - Lighted,Y, , , , , , , ,,Van,Minor,Yes,Proceeding Straight,No,No, , , , , ,Y, , , , , ,Stopped,No,No,Yes,0.0, , , , ,Y, , , , , , , , , ,Y, ,Y,Y, , ,Yes,Tempe Police Department, ,Yes,[MAY CONTAIN PERSONALLY IDENTIFIABLE INFORMATION], ,,Y,,Y,Yes, ,"On November [XXX], 2024 at 6:44 PM MT a Waymo Autonomous Vehicle (""Waymo AV"") operating in Tempe, Arizona was in a collision involving a van on [XXX] at [XXX].
The Waymo AV was traveling north on [XXX] and came to a stop in the rightmost of two dedicated left turn lanes as the traffic signal changed to red at the intersection with [XXX]. A van located behind the Waymo AV proceeded in the turn lane without stopping and the front bumper of the van made contact with the rear bumper of the Waymo AV.  A passenger in the Waymo AV reported that their back was hurting but that they were not in need of emergency services.  At the time of the impact, the Waymo AV's Level 4 ADS was engaged in autonomous mode. Both vehicles sustained damage. The passenger in the Waymo AV reported a minor injury. 
Waymo is reporting this crash under Request No. 2 of Standing General Order 2021-01.  Waymo may supplement or correct its reporting with additional information as it may become available.", ,False,85283,PHOENIX,V2V F2R,True,True,prior_june16,,,,,,,,,,,,,,,,,,,,,,,,,,,
30270-9082,1,Waymo LLC,5-Day,,,NOV-2024,SADHW2S16R1, ,,Jaguar,I-Pace, ,2024.0, ,39f0ea8290e0976,50713.0, ,,5th Generation ADS, , ,5th Generation, , ,Version 9, , ,, ,Y,,, ,Y,Yes (specify below),ADOT      ,Yes,ADS,Waymo LLC, , ,Y, , , , , ,,NOV-2024, ,NOV-2024,20:54, ,d0a96ec36eb04a6,[MAY CONTAIN PERSONALLY IDENTIFIABLE INFORMATION], ,[MAY CONTAIN PERSONALLY IDENTIFIABLE INFORMATION], ,[MAY CONTAIN PERSONALLY IDENTIFIABLE INFORMATION], ,Tempe, ,AZ ,[MAY CONTAIN PERSONALLY IDENTIFIABLE INFORMATION], ,Street,Dry,No Unusual Conditions,40.0, ,Dark - Lighted,Y, , , , , , , ,,"Other, see Narrative",No Injuries Reported,Yes,"Other, see Narrative",Not Applicable,Not Applicable, , , , , , , , , , ,Y,Changing Lanes,No,Yes,Yes,20.0, , , , , , , , , ,Y, , , , ,Y, ,Y,Y, , ,No,, ,Yes,, ,, ,, ,Yes, ,"On November [XXX], 2024 at 8:54 PM MT a Waymo Autonomous Vehicle (Waymo AV) operating in Tempe, Arizona was in a collision involving debris on [XXX] near [XXX]. 
The Waymo AV was entering the leftmost dedicated left turn lane of [XXX] when the front passenger side of the Waymo AV made contact with a small, white metallic debris located in the middle of its lane. At the time of the impact, the Waymo AVs Level 4 ADS was engaged in autonomous mode. The Waymo AV sustained damage.
Waymo is reporting this crash under Request No. 1 of Standing General Order 2021-01 because a vehicle involved was towed away. Waymo may supplement or correct its reporting with additional information as it may become available.", ,True,85288,PHOENIX,Single Vehicle,False,False,prior_june16,,,,,,,,,,,,,,,,,,,,,,,,,,,
30270-9081,2,Waymo LLC,Update,,,JAN-2025,SADHW2S15R1, ,,Jaguar,I-Pace, ,2024.0, ,a4b1eea99ec5df5,11592.0, ,,5th Generation ADS, , ,5th Generation, , ,Version 9, , ,, ,Y,,, ,Y,Yes (specify below),ADOT     ,Yes,ADS,Waymo LLC, , ,Y, , , , , ,,NOV-2024, ,NOV-2024,08:50, ,5a181df177ae967,[MAY CONTAIN PERSONALLY IDENTIFIABLE INFORMATION], ,[MAY CONTAIN PERSONALLY IDENTIFIABLE INFORMATION], ,[MAY CONTAIN PERSONALLY IDENTIFIABLE INFORMATION], ,Phoenix, ,AZ ,[MAY CONTAIN PERSONALLY IDENTIFIABLE INFORMATION], ,Intersection,Dry,No Unusual Conditions,40.0, ,Daylight,Y, , , , , , , ,,Pickup Truck,Moderate,Yes,Proceeding Straight,No,No, , ,Y, , , , , , , , ,Stopped,No,Yes,Yes,0.0, , , , , , , ,Y, , , , , , ,Y, ,Y,Y, , ,Yes,Phoenix Police Department, ,Yes,[MAY CONTAIN PERSONALLY IDENTIFIABLE INFORMATION], ,,Y,,Y,Yes, ,"Waymo received notice that passengers in the Waymo AV alleged injuries of varying severity. One passenger alleged to have sustained a moderate injury, while the other passenger alleged an injury of unspecified severity. This report is being submitted as an update to the initial report submitted on November 12, 2024 [REDACTED, MAY CONTAIN CONFIDENTIAL BUSINESS INFORMATION]. Otherwise, the content of this report is unchanged.
On November [XXX], 2024 at 8:50 AM MT a Waymo Autonomous Vehicle (Waymo AV) operating in Phoenix, Arizona was in a collision involving a pickup truck on [XXX] at [XX]. 
The Waymo AV was stopped for a red light in the leftmost northbound lane of [XXX], preparing to make a U-turn at the intersection with [XXX]. While the Waymo AV remained stopped, a pickup truck traveling at a high rate of speed approached the Waymo AV from behind. The front driver side of the pickup truck made contact with the rear passenger side of the Waymo AV. At the time of the impact, the Waymo AVs Level 4 ADS was engaged in autonomous mode. Both vehicles sustained damage.
Waymo is reporting this crash under Request No. 1 of Standing General Order 2021-01 because a vehicle involved was towed away. Waymo may supplement or correct its reporting with additional information as it may become available.", ,False,85015,PHOENIX,V2V F2R,True,True,prior_june16,,,,,,,,,,,,,,,,,,,,,,,,,,,
30270-9442,1,Waymo LLC,Monthly,11.0,2024.0,DEC-2024,SADHW2S18M1, ,,Jaguar,I-Pace, ,2021.0, ,3fa13431ff0349d,196322.0, ,,5th Generation ADS, , ,5th Generation, , ,Version 9, , ,, ,Y,,, ,Y,Yes (specify below),ADOT,Yes,ADS,Waymo LLC, , ,Y, , , , , ,,NOV-2024, ,NOV-2024,22:36, ,5bfbec57cba2964,[MAY CONTAIN PERSONALLY IDENTIFIABLE INFORMATION], ,[MAY CONTAIN PERSONALLY IDENTIFIABLE INFORMATION], ,[MAY CONTAIN PERSONALLY IDENTIFIABLE INFORMATION], ,Chandler, ,AZ ,[MAY CONTAIN PERSONALLY IDENTIFIABLE INFORMATION], ,Street,Dry,No Unusual Conditions,45.0, ,Dark - Lighted,Y, , , , , , , ,,"Other, see Narrative",No Injuries Reported,Yes,"Other, see Narrative",Not Applicable,Not Applicable, , , , , , , , , , ,Y,Proceeding Straight,No,No,No Passengers in Vehicle,42.0, , , ,Y, , , , , , , , , , ,Y, ,Y,Y, , ,No,, ,Yes,, ,, ,, ,Yes, ,"On November [XXX], 2024 at 10:36 PM MT a Waymo Autonomous Vehicle (""Waymo AV"") operating in Chandler, Arizona was in a collision involving a shopping cart at [XXX] near [XXX].
The Waymo AV was traveling north in the leftmost of two northbound lanes on [XXX] near [XXX] when it encountered an empty shopping cart within its lane. The Waymo AV applied braking and the front of the Waymo AV made contact with the shopping cart. At the time of the impact, the Waymo AV's Level 4 ADS was engaged in autonomous mode. The Waymo AV sustained damage.
Waymo is reporting this crash under Request No. 2 of Standing General Order 2021-01. Waymo may supplement or correct its reporting with additional information as it may become available.", ,True,85226,PHOENIX,Single Vehicle,False,False,prior_june16,,,,,,,,,,,,,,,,,,,,,,,,,,,
30270-9430,1,Waymo LLC,Monthly,11.0,2024.0,DEC-2024,SADHW2S15M1, ,,Jaguar,I-Pace, ,2021.0, ,18759114accd4fb,117674.0, ,,5th Generation ADS, , ,5th Generation, , ,Version 9, , ,, ,Y,,, ,Y,Yes (specify below),ADOT   ,Yes,ADS,Waymo LLC, , ,Y, , , , , ,,NOV-2024, ,NOV-2024,16:52, ,326c05decff6b90,[MAY CONTAIN PERSONALLY IDENTIFIABLE INFORMATION], ,[MAY CONTAIN PERSONALLY IDENTIFIABLE INFORMATION], ,[MAY CONTAIN PERSONALLY IDENTIFIABLE INFORMATION], ,Phoenix, ,AZ ,[MAY CONTAIN PERSONALLY IDENTIFIABLE INFORMATION], ,Intersection,Dry,No Unusual Conditions,25.0, ,Daylight, , ,Y, , , , , ,,Passenger Car,No Injuries Reported,Yes,Proceeding Straight,No,No, , ,Y, , ,Y, , , , , ,Stopped,No,No,No Passengers in Vehicle,0.0, , , , ,Y, , ,Y, , , , , , ,Y, ,Y,Y, , ,No,, ,Yes,, ,, ,, ,Yes, ,"On November [XXX], 2024 at 4:52 PM MT a Waymo Autonomous Vehicle (Waymo AV) operating in Phoenix, Arizona was in a collision involving a passenger car on [XXX] at [XXX].
The Waymo AV was stopped in traffic for a red light on eastbound [XXX] when a passenger car approached the Waymo AV from behind. The front of the passenger car made contact with the rear of the Waymo AV. At the time of the impact, the Waymo AVs Level 4 ADS was engaged in autonomous mode. Both vehicles sustained damage.
Waymo is reporting this crash under Request No. 2 of Standing General Order 2021-01. Waymo may supplement or correct its reporting with additional information as it may become available.", ,False,85004,PHOENIX,V2V F2R,False,False,prior_june16,,,,,,,,,,,,,,,,,,,,,,,,,,,
30270-9417,1,Waymo LLC,Monthly,11.0,2024.0,DEC-2024,SADHW2S15M1, ,,Jaguar,I-Pace, ,2021.0, ,da56693df88b7ca,121374.0, ,,5th Generation ADS, , ,5th Generation, , ,Version 9, , ,, ,Y,,, ,Y,Yes (specify below),ADOT                                                                                                                ,Yes,ADS,Waymo LLC, , ,Y, , , , , ,,NOV-2024, ,NOV-2024,00:03, ,0785e3e49e6df60,[MAY CONTAIN PERSONALLY IDENTIFIABLE INFORMATION], ,[MAY CONTAIN PERSONALLY IDENTIFIABLE INFORMATION], ,[MAY CONTAIN PERSONALLY IDENTIFIABLE INFORMATION], ,Scottsdale, ,AZ ,[MAY CONTAIN PERSONALLY IDENTIFIABLE INFORMATION], ,Street,Dry,No Unusual Conditions,25.0, ,Dark - Lighted,Y, , , , , , , ,,Van,No Injuries Reported,Yes,Proceeding Straight,No,No,Y, , , , , , , , , , ,Stopped,No,No,"No, see Narrative",0.0, ,Y, , , , , , , , , , , , ,Y, ,Y,Y, , ,No,, ,Yes,, ,, ,, ,Yes, ,"On November [XXX], 2024 at 12:03 AM MT a Waymo Autonomous Vehicle (Waymo AV) operating in Scottsdale, Arizona was in a collision involving a van on [XXX] near [XXX].
The Waymo AV was stopped facing west on [XXX]  for a passenger pick-up. The Waymo AV remained stopped as an oncoming van in the narrow roadway with parked vehicles on both sides of the street approached it. As the oncoming van passed the stopped Waymo AV, the drivers side rear of the van made contact with the drivers side rear of the Waymo AV. At the time of the impact, the Waymo AVs Level 4 ADS was engaged in autonomous mode, and the passenger in the Waymo AV was in the process of putting on their seatbelt after boarding the Waymo AV. The Waymo AV sustained damage. 
Waymo is reporting this crash under Request No. 2 of Standing General Order 2021-01. Waymo may supplement or correct its reporting with additional information as it may become available.", ,True,85257,PHOENIX,V2V Head-on,False,False,prior_june16,,,,,,,,,,,,,,,,,,,,,,,,,,,
30270-13165,1,Waymo LLC,Monthly,11.0,2025.0,DEC-2025,SADHW2S15M1,,[MAY CONTAIN PERSONALLY IDENTIFIABLE INFORMATION],JAGUAR,I-PACE, ,2021.0, ,5029f28c707f0ca,,,,,,,,,,,,,,,,,,,,,,,ADS,Waymo LLC, , ,Y, , , , ,,,NOV-2025, ,,15:27, ,0beda96ff956725,[MAY CONTAIN PERSONALLY IDENTIFIABLE INFORMATION], ,[MAY CONTAIN PERSONALLY IDENTIFIABLE INFORMATION], ,[MAY CONTAIN PERSONALLY IDENTIFIABLE INFORMATION], ,Phoenix, ,AZ,[MAY CONTAIN PERSONALLY IDENTIFIABLE INFORMATION], ,Street,,,,,, , ,Y,, , ,,,,Passenger Car,Property Damage. No Injured Reported,,Proceeding Straight,,, , , , , , , , ,Y, , ,Stopped,,,,0.0, , , , , , , ,Y, , , , , , ,Y, ,Y, , , ,,, ,,,,,,,,Yes, ,"On November 18, 2025 at 3:27 PM MT a Waymo Autonomous Vehicle (""Waymo AV"") operating in Phoenix, Arizona was in a collision involving a passenger car on N. 16th Street near E. Windsor Avenue. 
The Waymo AV was traveling northbound on N. 16th Street in the left lane on N. 16th Street when it slowed to a stop to yield to a pedestrian that had begun crossing the roadway from the east side of N. 16th Street. While the pedestrian continued to cross the Waymo AV's lane of travel and the Waymo AV remained stopped, a passenger car that was traveling northbound in the left lane on N. 16th Street approached the Waymo AV from behind, and the front of the passenger car made contact with the rear of the stationary Waymo AV. At the time of the impact, the Waymo AV's Level 4 ADS was engaged in autonomous mode. Both vehicles sustained damage.
Waymo is reporting this crash under Request No. 2 of Standing General Order 2021-01. Waymo may supplement or correct its reporting with additional information as it may become available.", ,,,,,,,post_june16,Y, ,"5th Generation ADS, Version 10", ,Verified Engaged, , , , , , , , , , , ,Y,Y, , , , , , ,"No Subject Vehicle, No Crash Partner","No Subject Vehicle, No Crash Partner",Subject Vehicle - All Belted
30270-13164,1,Waymo LLC,Monthly,11.0,2025.0,DEC-2025,SADHW2S15R1,,[MAY CONTAIN PERSONALLY IDENTIFIABLE INFORMATION],JAGUAR,I-PACE, ,2024.0, ,5f8e37936d1fa86,,,,,,,,,,,,,,,,,,,,,,,ADS,Waymo LLC, , ,Y, , , , ,,,NOV-2025, ,,00:27, ,fd462c604311b17,[MAY CONTAIN PERSONALLY IDENTIFIABLE INFORMATION], ,[MAY CONTAIN PERSONALLY IDENTIFIABLE INFORMATION], ,[MAY CONTAIN PERSONALLY IDENTIFIABLE INFORMATION], ,Austin, ,TX,[MAY CONTAIN PERSONALLY IDENTIFIABLE INFORMATION], ,Parking Lot,,,,,,Y, , ,, , ,,,,Passenger Car,Property Damage. No Injured Reported,,Backing,,,Y, , , , , , , , , , ,Parked,,,,0.0, , , , , , ,Y, , , , , , , ,Y, ,Y, , , ,,, ,,,,,,,,Yes, ,"On November 15, 2025 at 12:27 AM CT a Waymo Autonomous Vehicle (""Waymo AV"") operating in Austin, Texas was in a collision involving a passenger car in a parking lot at 120 N. Loop Boulevard East.
The Waymo AV was traveling eastbound in the parking lot at 120 N. Loop Boulevard East when it came to a stop for a passenger pick-up with hazard lights activated. While the Waymo AV was stopped, a passenger car that was reversing out of a parking stall in front of and to the right of the Waymo AV continued to reverse and the rear right side of the passenger car made contact with the front left side of the Waymo AV. At the time of the impact, the Waymo AV's Level 4 ADS was engaged in autonomous mode. Both vehicles sustained damage.

Waymo is reporting this crash under Request No. 2 of Standing General Order 2021-01. Waymo may supplement or correct its reporting with additional information as it may become available.", ,,,,,,,post_june16,Y, ,"5th Generation ADS, Version 10", ,Verified Engaged, , , , , , , ,Y, , , , , , , , , , , ,"No Subject Vehicle, No Crash Partner","No Subject Vehicle, No Crash Partner",Subject Vehicle - No Passenger In Vehicle
30270-13163,1,Waymo LLC,Monthly,11.0,2025.0,DEC-2025,SADHW2S1XR1,,[MAY CONTAIN PERSONALLY IDENTIFIABLE INFORMATION],JAGUAR,I-PACE, ,2024.0, ,7915114defe2e2e,,,,,,,,,,,,,,,,,,,,,,,ADS,Waymo LLC, , ,Y, , , , ,,,NOV-2025, ,,17:40, ,3c3b5bdd25e239a,[MAY CONTAIN PERSONALLY IDENTIFIABLE INFORMATION], ,[MAY CONTAIN PERSONALLY IDENTIFIABLE INFORMATION], ,[MAY CONTAIN PERSONALLY IDENTIFIABLE INFORMATION], ,Tempe, ,AZ,[MAY CONTAIN PERSONALLY IDENTIFIABLE INFORMATION], ,Street,,,,,, , ,Y,, , ,,,,Passenger Car,Property Damage. No Injured Reported,,Proceeding Straight,,, , , , , , , , ,Y, , ,Stopped,,,,0.0, , , , , , , ,Y, , , , , , ,Y, ,Y, , , ,,, ,,,,,,,,Yes, ,"On November 18, 2025 at 5:40 PM MT a Waymo Autonomous Vehicle (""Waymo AV"") operating in Tempe, Arizona was in a collision involving a passenger car on Rural Road near S. Terrace Road. 
The Waymo AV was stopped facing south in the designated left turn lane on Rural Road for a queue of traffic for a red light at the intersection with S. Terrace Road. While the Waymo AV was stopped, a passenger car that was initially stopped directly behind the Waymo AV approached the Waymo AV from behind and the front of the passenger car made contact with the rear of the Waymo AV. At the time of the impact, the Waymo AV's Level 4 ADS was engaged in autonomous mode. Both vehicles sustained damage.

Waymo is reporting this crash under Request No. 2 of Standing General Order 2021-01. Waymo may supplement or correct its reporting with additional information as it may become available.", ,,,,,,,post_june16,Y, ,"5th Generation ADS, Version 10", ,Verified Engaged, , , , , , , ,Y, , , , , , , , , , , ,"No Subject Vehicle, No Crash Partner","No Subject Vehicle, No Crash Partner",Subject Vehicle - All Belted
30270-13160,1,Waymo LLC,5-Day,,,NOV-2025,SADHW2S11R1,,[MAY CONTAIN PERSONALLY IDENTIFIABLE INFORMATION],JAGUAR,I-PACE, ,2024.0, ,390044f737879e8,,,,,,,,,,,,,,,,,,,,,,,ADS,Waymo LLC, , ,Y, , , , ,,,NOV-2025, ,,16:48, ,e58f9c1ddfb6571,[MAY CONTAIN PERSONALLY IDENTIFIABLE INFORMATION], ,[MAY CONTAIN PERSONALLY IDENTIFIABLE INFORMATION], ,[MAY CONTAIN PERSONALLY IDENTIFIABLE INFORMATION], ,Austin, ,TX,[MAY CONTAIN PERSONALLY IDENTIFIABLE INFORMATION], ,Parking Lot,,,,,,Y, , ,, , ,,,,"Other, see Narrative",Property Damage. No Injured Reported,,"Other, see Narrative",,, , , , , , , , , , ,Y,Proceeding Straight,,,,8.0, , , , , , , , , , ,Y, , , ,Y, ,Y, , , ,,, ,,,,,,,,Yes, ,"On November 16, 2025 at 4:48 PM CT a Waymo Autonomous Vehicle (""Waymo AV"") operating in Austin, Texas was in a collision with the pavement at the parking lot entrance at 2153 S. Lamar Boulevard.
The Waymo AV was stopped facing west  in the center lane on S. Lamar Boulevard with its left turn signal activated, waiting to turn left into a parking lot at 2153 S. Lamar Boulevard. After eastbound traffic cleared, the Waymo AV proceeded to turn left into the parking lot at 2153 S. Lamar Boulevard, and the Waymo AV's undercarriage made contact with the pavement at the entrance of the parking lot. At the time of the impact, the Waymo AV's Level 4 ADS was engaged in autonomous mode. The Waymo AV sustained damage.

Waymo is reporting this crash under Request No. 1  of Standing General Order 2021-01 because a vehicle involved was towed away. Waymo may supplement or correct its reporting with additional information as it may become available.", ,,,,,,,post_june16,Y, ,"5th Generation ADS, Version 10", ,Verified Engaged, , , , , , , ,Y, , , , , , , , , , , ,"No Subject Vehicle, No Crash Partner","Yes Subject Vehicle, No Crash Partner",Subject Vehicle - All Belted
30270-13148,1,Waymo LLC,5-Day,,,NOV-2025,SADHW2S16R1,,[MAY CONTAIN PERSONALLY IDENTIFIABLE INFORMATION],JAGUAR,I-PACE, ,2024.0, ,acb50447ab56fda,,,,,,,,,,,,,,,,,,,,,,,ADS,Waymo LLC, , ,Y, , , , ,,,NOV-2025, ,,03:15, ,f1cfe336ab9946d,[MAY CONTAIN PERSONALLY IDENTIFIABLE INFORMATION], ,[MAY CONTAIN PERSONALLY IDENTIFIABLE INFORMATION], ,[MAY CONTAIN PERSONALLY IDENTIFIABLE INFORMATION], ,Atlanta, ,GA,[MAY CONTAIN PERSONALLY IDENTIFIABLE INFORMATION], ,Intersection,,,,,,Y, , ,, , ,,,,Passenger Car,Property Damage. No Injured Reported,,Proceeding Straight,,, , , , , , , , ,Y, , ,Stopped,,,,0.0, , , , , , , ,Y, , , , , , ,Y, ,Y, , , ,,, ,,,,,,,,Yes, ,"On November 16, 2025 at 3:15 AM ET a Waymo Autonomous Vehicle (""Waymo AV"") operating in Atlanta, Georgia was in a collision involving a passenger car on Peachtree Street NE at 7th Street NE. 
The Waymo AV came to a stop in the left lane facing south on Peachtree Street NE at a red light. Two pedestrians approached the Waymo AV and tried unsuccessfully to board the Waymo AV while it was stopped. While the Waymo AV remained stopped, the traffic light turned green and a passenger car traveling southbound on Peachtree Street NE in the left lane approached the Waymo AV from behind and the front of the passenger car made contact with the rear of the Waymo AV. At the time of the impact, the Waymo AV's Level 4 ADS was engaged in autonomous mode. Both vehicles sustained damage.

Waymo is reporting this crash under Request No. 1 of Standing General Order 2021-01 a vehicle involved was towed away. Waymo may supplement or correct its reporting with additional information as it may become available.", ,,,,,,,post_june16,Y, ,"5th Generation ADS, Version 10", ,Verified Engaged, , , , , , , ,Y, , , , , , , , , , , ,"No Subject Vehicle, No Crash Partner","Yes Subject Vehicle, No Crash Partner",Subject Vehicle - No Passenger In Vehicle