Report ID,Report Version,Reporting Entity,Report Type,Report Month,Report Year,Report Submission Date,VIN,VIN - Unknown,Serial Number,Make,Model,Model - Unknown,Model Year,Model Year - Unknown,Same Vehicle ID,Mileage,Mileage - Unknown,Driver / Operator Type,ADAS/ADS System Version,ADAS/ADS System Version - Unk,ADAS/ADS System Version CBI,ADAS/ADS Hardware Version,ADAS/ADS Hardware Version - Unk,ADAS/ADS Hardware Version CBI,ADAS/ADS Software Version,ADAS/ADS Software Version - Unk,ADAS/ADS Software Version CBI,Other Reporting Entities?,Other Reporting Entities? - Unk,Other Reporting Entities? - NA,Federal Regulatory Exemption?,Other Federal Reg. Exemption,Federal Reg. Exemption - Unk,Federal Reg. Exemption - No,State or Local Permit?,State or Local Permit,ADS Equipped?,Automation System Engaged?,Operating Entity,Operating Entity - Unknown,Source - Complaint/Claim,Source - Telematics,Source - Law Enforcement,Source - Field Report,Source - Testing,Source - Media,Source - Other,Source - Other Text,Incident Date,Incident Date - Unknown,Notice Received Date,Incident Time (24:00),Incident Time - Unknown,Same Incident ID,Latitude,Latitude - Unknown,Longitude,Longitude - Unknown,Address,Address - Unknown,City,City - Unknown,State,Zip Code,Zip Code - Unknown,Roadway Type,Roadway Surface,Roadway Description,Posted Speed Limit (MPH),Posted Speed Limit - Unknown,Lighting,Weather - Clear,Weather - Snow,Weather - Cloudy,Weather - Fog/Smoke,Weather - Rain,Weather - Severe Wind,Weather - Unknown,Weather - Other,Weather - Other Text,Crash With,Highest Injury Severity Alleged,Property Damage?,CP Pre-Crash Movement,CP Any Air Bags Deployed?,CP Was Vehicle Towed?,CP Contact Area - Rear Left,CP Contact Area - Left,CP Contact Area - Front Left,CP Contact Area - Rear,CP Contact Area - Top,CP Contact Area - Front,CP Contact Area - Rear Right,CP Contact Area - Right,CP Contact Area - Front Right,CP Contact Area - Bottom,CP Contact Area - Unknown,SV Pre-Crash Movement,SV Any Air Bags Deployed?,SV Was Vehicle Towed?,SV Were All Passengers Belted?,SV Precrash Speed (MPH),SV Pre-crash Speed - Unknown,SV Contact Area - Rear Left,SV Contact Area - Left,SV Contact Area - Front Left,SV Contact Area - Rear,SV Contact Area - Top,SV Contact Area - Front,SV Contact Area - Rear Right,SV Contact Area - Right,SV Contact Area - Front Right,SV Contact Area - Bottom,SV Contact Area - Unknown,Data Availability - EDR,Data Availability - Police Rpt,Data Availability - Telematics,Data Availability - Complaints,Data Availability - Video,Data Availability - Other,Data Availability - No Data,Data Availability - Unknown,Law Enforcement Investigating?,Investigating Agency,Investigating Agency - Unknown,Rep Ent Or Mfr Investigating?,Investigating Officer Name,Inv. Officer Name - Unknown,Investigating Officer Phone,Inv. Officer Phone - Unknown,Investigating Officer Email,Inv. Officer Email - Unknown,Within ODD?,Within ODD? - CBI,Narrative,Narrative - CBI?,hub_delta_v_less_than_1mph,hub_zip_code,hub_location,hub_crash_type,hub_is_police_reported,hub_is_any_injury_reported,data_period,VIN Decoded,Make - Unknown,Automation Feature Version,Automation Feature Version CBI,Engagement Status,Source - Internal Process Review,Source - NHTSA VOQ,Source - Other - See Narrative,Source - Other Entity,Source - State or Other Agency,Roadway-Degraded Surface,Roadway-Missing/Degraded Marking,Roadway-No Unusual Conditions,Roadway-Other-See Narrative,Roadway-Traffic Incident,Roadway-Unknown,Roadway-Wet Surface Condition,Roadway-Work Zone,Weather - Partly Cloudy,Weather - Fog/Smoke/Haze,Weather - Dust Storm,Weather - Severe Hurricane,Weather - Structure-Indoor,Weather - Unk - See Narrative,Any Air Bags Deployed?,Was Any Vehicle Towed?,Were All Passengers Belted?
30270-13252,1,Waymo LLC,5-Day,,,DEC-2025,SADHW2S1XR1,,[MAY CONTAIN PERSONALLY IDENTIFIABLE INFORMATION],JAGUAR,I-PACE, ,2024.0, ,4052955e6b85b89,,,In-Vehicle (Commercial / Test),,,,,,,,,,,,,,,,,,,,ADS,Waymo LLC, , ,Y, , , , ,,,NOV-2025, ,,18:55, ,8f3a886d8e8dd95,[MAY CONTAIN PERSONALLY IDENTIFIABLE INFORMATION], ,[MAY CONTAIN PERSONALLY IDENTIFIABLE INFORMATION], ,[MAY CONTAIN PERSONALLY IDENTIFIABLE INFORMATION], ,Washington, ,DC,[MAY CONTAIN PERSONALLY IDENTIFIABLE INFORMATION], ,Intersection,,,,,,Y, , ,, , ,,,,Other Fixed Object,Property Damage. No Injured Reported,,,,,,,,,,,,,,,,Making Right Turn,,,,13.0, , , , , , ,Y, , , , , , , ,Y, ,Y, , , ,,, ,,,,,,,,Yes, ,"On November 26, 2025 at 6:55 PM ET a Waymo Autonomous Vehicle (""Waymo AV"") operating in Washington, D.C. was in a collision involving a curb on Sheridan Street NW at Piney Branch Road NW. 
The Waymo AV was traveling eastbound on Sheridan Street NW in autonomous mode when it began to turn right at the intersection with Piney Branch Road NW. As the Waymo AV proceeded to turn right, it approached the right hand curb. The test driver transitioned the Waymo AV to manual mode and the front right tire of the Waymo AV made contact with the curb. At the time of the impact, the Waymo AV's Level 4 ADS was not engaged and a test driver was operating the Waymo AV in manual mode. The Waymo AV sustained damage.

Waymo is reporting this crash under Request No. 1 of Standing General Order 2021-01 because a vehicle involved was towed away. Waymo may supplement or correct its reporting with additional information as it may become available.", ,,,,,,,post_june16,Y, ,"5th Generation ADS, Version 10", ,Verified Not Engaged, , , , , , , ,Y, , , , , , , , , , , ,"No Subject Vehicle, No Crash Partner","Yes Subject Vehicle, No Crash Partner",Subject Vehicle - All Belted
30270-13276,1,Waymo LLC,Monthly,11.0,2025.0,DEC-2025,SADHW2S18R1,,[MAY CONTAIN PERSONALLY IDENTIFIABLE INFORMATION],JAGUAR,I-PACE, ,2024.0, ,5dbb5f59cee23d3,,,,,,,,,,,,,,,,,,,,,,,ADS,Waymo LLC, , ,Y, , , , ,,,NOV-2025, ,,10:24, ,a5ba9c361d5c1b2,[MAY CONTAIN PERSONALLY IDENTIFIABLE INFORMATION], ,[MAY CONTAIN PERSONALLY IDENTIFIABLE INFORMATION], ,[MAY CONTAIN PERSONALLY IDENTIFIABLE INFORMATION], ,Atlanta, ,GA,[MAY CONTAIN PERSONALLY IDENTIFIABLE INFORMATION], ,Street,,,,,,Y, , ,, , ,,,,SUV,Property Damage. No Injured Reported,,Proceeding Straight,,, , ,Y, , , , , , , , ,Proceeding Straight,,,,13.0, , , , ,Y, , , , , , , , , ,Y, ,Y, , , ,,Atlanta Police Department, ,,,,,,,,Yes, ,"On November 28, 2025 at 10:24 AM ET a Waymo Autonomous Vehicle (""Waymo AV"") operating in Atlanta, Georgia was in a collision involving an SUV on John Lewis Freedom Parkway NE near Boulevard NE. 
The Waymo AV was traveling northeastbound in the left lane on John Lewis Freedom Parkway NE when it began slowing for a tree branch situated directly above the roadway. While the Waymo AV was slowing, an SUV traveling northeastbound in the left lane on John Lewis Freedom Parkway NE approached the Waymo AV from behind and maneuvered to the left, and the front right side of the SUV made contact with the rear left side of the Waymo AV. At the time of the impact, the Waymo AV's Level 4 ADS was engaged in autonomous mode. Both vehicles sustained damage.

Waymo is reporting this crash under Request No. 2 of Standing General Order 2021-01. Waymo may supplement or correct its reporting with additional information as it may become available.", ,,,,,,,post_june16,Y, ,"5th Generation ADS, Version 10", ,Verified Engaged, , , , , , , ,Y, , , , , , , , , , , ,"No Subject Vehicle, No Crash Partner","No Subject Vehicle, No Crash Partner",Subject Vehicle - All Belted
30270-13275,1,Waymo LLC,Monthly,11.0,2025.0,DEC-2025,SADHW2S12R1,,[MAY CONTAIN PERSONALLY IDENTIFIABLE INFORMATION],JAGUAR,I-PACE, ,2024.0, ,867be7d02de97dd,,,,,,,,,,,,,,,,,,,,,,,ADS,Waymo LLC, , ,Y, , , , ,,,NOV-2025, ,,23:46, ,4e6bd638c28f802,[MAY CONTAIN PERSONALLY IDENTIFIABLE INFORMATION], ,[MAY CONTAIN PERSONALLY IDENTIFIABLE INFORMATION], ,[MAY CONTAIN PERSONALLY IDENTIFIABLE INFORMATION], ,Atlanta, ,GA,[MAY CONTAIN PERSONALLY IDENTIFIABLE INFORMATION], ,Street,,,,,,Y, , ,, , ,,,,Passenger Car,Property Damage. No Injured Reported,,Proceeding Straight,,, , ,Y, , , , , , , , ,Stopped,,,,0.0, , , , ,Y, , , , , , , , , ,Y, ,Y, , , ,,, ,,,,,,,,Yes, ,"On November 23, 2025 at 11:46 PM ET a Waymo Autonomous Vehicle (""Waymo AV"") operating in Atlanta, Georgia was in a collision involving a passenger car on 14th Street NW near Howell Mill Road. 
The Waymo AV was stopped at the curb facing west on 14th Street NW for a passenger pick-up when a passenger car traveling westbound in the right lane on 14th Street NW approached the Waymo AV from behind, and the front right side of the passenger car made contact with the rear left side of the stationary Waymo AV. At the time of the impact, the Waymo AV's Level 4 ADS was engaged in autonomous mode. Both vehicles sustained damage.

Waymo is reporting this crash under Request No. 2 of Standing General Order 2021-01. Waymo may supplement or correct its reporting with additional information as it may become available.", ,,,,,,,post_june16,Y, ,"5th Generation ADS, Version 10", ,Verified Engaged, , , , , , , ,Y, , , , , , , , , , , ,"No Subject Vehicle, No Crash Partner","No Subject Vehicle, No Crash Partner",Subject Vehicle - No Passenger In Vehicle
30270-13269,1,Waymo LLC,Monthly,11.0,2025.0,DEC-2025,SADHW2S19R1,,[MAY CONTAIN PERSONALLY IDENTIFIABLE INFORMATION],JAGUAR,I-PACE, ,2024.0, ,6783f8800de6b51,,,,,,,,,,,,,,,,,,,,,,,ADS,Waymo LLC, , ,Y, , , , ,,,NOV-2025, ,,11:49, ,0f4b2c30b2b9d2a,[MAY CONTAIN PERSONALLY IDENTIFIABLE INFORMATION], ,[MAY CONTAIN PERSONALLY IDENTIFIABLE INFORMATION], ,[MAY CONTAIN PERSONALLY IDENTIFIABLE INFORMATION], ,Austin, ,TX,[MAY CONTAIN PERSONALLY IDENTIFIABLE INFORMATION], ,Intersection,,,,,,Y, , ,, , ,,,,Pickup Truck,Property Damage. No Injured Reported,,Making Left Turn,,, , ,Y, , , , , , , , ,Making Left Turn,,,,15.0, , ,Y, , , , , , , , , , , ,Y, ,Y, , , ,,, ,,,,,,,,Yes, ,"On November 15, 2025 at 11:49 AM CT a Waymo Autonomous Vehicle (""Waymo AV"") operating in Austin, Texas was in a collision involving a pickup truck on North Interstate 35 Frontage Road at U.S. 290 Frontage Road. 
The Waymo AV was traveling northbound on North Interstate 35 Frontage Road in the second to the right lane with its left turn signal activated and preparing to change lanes to the adjacent left lane to make a left turn at the intersection with U.S. 290 Frontage Road. A pickup truck was traveling northbound on North Interstate 35 Frontage Road in the adjacent dedicated left turn lane to the left of the Waymo AV. As the Waymo AV approached the intersection at U.S. 290 Frontage Road, the Waymo AV initiated a left turn from the second to the right lane, entering the dedicated left turn lane of travel, and the front right side of the pickup truck made contact with the left side of the Waymo AV. At the time of the impact, the Waymo AV's Level 4 ADS was engaged in autonomous mode. The Waymo AV sustained damage.

Waymo is reporting this crash under Request No. 2 of Standing General Order 2021-01. Waymo may supplement or correct its reporting with additional information as it may become available.", ,,,,,,,post_june16,Y, ,"5th Generation ADS, Version 10", ,Verified Engaged, , , , , , , ,Y, , , , , , , , , , , ,"No Subject Vehicle, No Crash Partner","No Subject Vehicle, No Crash Partner",Subject Vehicle - All Belted
30270-13256,1,Waymo LLC,Monthly,11.0,2025.0,DEC-2025,SADHW2S15R1,,[MAY CONTAIN PERSONALLY IDENTIFIABLE INFORMATION],JAGUAR,I-PACE, ,2024.0, ,c333793295acf1b,,,,,,,,,,,,,,,,,,,,,,,ADS,Waymo LLC, , ,Y, , , , ,,,NOV-2025, ,,13:18, ,d42f320f6f44668,[MAY CONTAIN PERSONALLY IDENTIFIABLE INFORMATION], ,[MAY CONTAIN PERSONALLY IDENTIFIABLE INFORMATION], ,[MAY CONTAIN PERSONALLY IDENTIFIABLE INFORMATION], ,Atlanta, ,GA,[MAY CONTAIN PERSONALLY IDENTIFIABLE INFORMATION], ,Street,,,,,, , , ,, , ,,,,Other Fixed Object,Property Damage. No Injured Reported,,,,,,,,,,,,,,,,Proceeding Straight,,,,12.0, , , , , , , , , ,Y, , , , ,Y, ,Y, , , ,,Atlanta Fire Department Fire Station 19, ,,,,,,,,Yes, ,"On November 26, 2025 at 1:18 PM ET a Waymo Autonomous Vehicle (""Waymo AV"") operating in Atlanta, Georgia was in a collision involving a fallen utility line on N. Morningside Drive NE near Yorkshire Road NE. 
The Waymo AV was traveling southbound on N. Morningside Drive NE when it slowed and maneuvered to the left for a fallen utility line hanging in the travel lane. As the Waymo AV proceeded forward, the front of the Waymo AV made contact with the fallen utility line. At the time of the impact, the Waymo AV's Level 4 ADS was engaged in autonomous mode. The Waymo AV sustained damage.

Waymo is reporting this crash under Request No. 2 of Standing General Order 2021-01. Waymo may supplement or correct its reporting with additional information as it may become available.", ,,,,,,,post_june16,Y, ,"5th Generation ADS, Version 10", ,Verified Engaged, , , , , , , ,Y, , , , , ,Y, , , , , ,"No Subject Vehicle, No Crash Partner","No Subject Vehicle, No Crash Partner",Subject Vehicle - All Belted
30270-1583,1,Waymo LLC,1-Day,,,NOV-2021,2C4RC1K70HR, ,,Chrysler,Pacifica, ,2017.0, ,142fc9bec7dfe3e,18698.0, ,,4th Generation ADS, , ,, , ,, , ,, , ,,, , ,,,Yes,ADS,Waymo LLC, , ,Y, , , , , ,,OCT-2021, ,OCT-2021,14:44, ,6f2cffa37c36b66,[MAY CONTAIN PERSONALLY IDENTIFIABLE INFORMATION], ,[MAY CONTAIN PERSONALLY IDENTIFIABLE INFORMATION], ,[MAY CONTAIN PERSONALLY IDENTIFIABLE INFORMATION], ,Chandler, ,AZ ,[MAY CONTAIN PERSONALLY IDENTIFIABLE INFORMATION], ,Intersection,Dry,No Unusual Conditions,45.0, ,Daylight,Y, , , , , , , ,,Passenger Car,No Injuries Reported,Yes,Changing Lanes,No,Unknown,Y, , ,Y, , ,Y, , , , ,Proceeding Straight,No,Yes,No Passengers in Vehicle,21.0, , , ,Y, , ,Y, , , , , , , ,Y, ,Y,Y, , ,No,, ,Yes,, ,, ,, ,Yes, ,"Other than the addition of the zip code in which the incident occurred, the content of this report is unchanged from the initial report submitted on October [XXX], 2021 [Report ID # 30270-1535-1]. 
On October [XXX], 2021 at 2:44 PM PDT a Waymo Autonomous Vehicle (""Waymo AV"") operating in Chandler, AZ was in a collision involving a passenger car at [XXX] and [XXX].
The Waymo AV was traveling eastbound on [XXX] when it approached [XXX]. As the traffic signal turned yellow, a passenger vehicle in the left adjacent lane changed lanes to the right in front of the Waymo AV and immediately braked. The Waymo AV exerted maximum brake force to avoid contact, but  was unable to stop before making contact with the rear of the passenger vehicle, which had entered the intersection and was still braking. At the time of contact, the Waymo AV was traveling at approximately 21 mph and the passenger vehicle was traveling at approximately 10 mph. The Waymo AV sustained minor damage to its front bumper, and the passenger vehicle sustained moderate damage to its rear bumper. At the time of the impact, the Waymo AV's Level 4 ADS was engaged in autonomous mode.
Waymo is reporting this crash under Request No. 1 of Standing General Order 2021-01 because a vehicle involved was towed away. Waymo may supplement or correct its reporting with additional information as it may become available. This report was submitted from the Pacific time zone on the required date.x", ,False,85226,PHOENIX,V2V F2R,True,False,prior_june16,,,,,,,,,,,,,,,,,,,,,,,,,,,
30270-1535,1,Waymo LLC,1-Day,,,OCT-2021,2C4RC1K70HR, ,,Chrysler,Pacifica, ,2017.0, ,142fc9bec7dfe3e,18698.0, ,,4th Generation ADS, , ,, , ,, , ,, , ,,, , ,,,Yes,ADS,Waymo LLC, , ,Y, , , , , ,,OCT-2021, ,OCT-2021,14:44, ,6f2cffa37c36b66,[MAY CONTAIN PERSONALLY IDENTIFIABLE INFORMATION], ,[MAY CONTAIN PERSONALLY IDENTIFIABLE INFORMATION], ,[MAY CONTAIN PERSONALLY IDENTIFIABLE INFORMATION], ,Chandler, ,AZ ,,Y,Intersection,Dry,No Unusual Conditions,45.0, ,Daylight,Y, , , , , , , ,,Passenger Car,No Injuries Reported,Yes,Changing Lanes,No,Unknown,Y, , ,Y, , ,Y, , , , ,Proceeding Straight,No,Yes,No Passengers in Vehicle,21.0, , , ,Y, , ,Y, , , , , , , ,Y, ,Y,Y, , ,No,, ,Yes,, ,, ,, ,Yes, ,"On October [XXX], 2021 at 2:44 PM PDT a Waymo Autonomous Vehicle ('Waymo AV') operating in Chandler, AZ was in a collision involving a passenger car at [XXX] and [XXX].
The Waymo AV was traveling eastbound on [XXX] when it approached [XXX]. As the traffic signal turned yellow, a passenger vehicle in the left adjacent lane changed lanes to the right in front of the Waymo AV and immediately braked. The Waymo AV exerted maximum brake force to avoid contact, but was unable to stop before making contact with the rear of the passenger vehicle, which had entered the intersection and was still braking. At the time of contact, the Waymo AV was traveling at approximately 21 mph and the passenger vehicle was traveling at approximately 10 mph. The Waymo AV sustained minor damage to its front bumper, and the passenger vehicle sustained moderate damage to its rear bumper. At the time of the impact, the Waymo AV's Level 4 ADS was engaged in autonomous mode.
Waymo is reporting this crash under Request No. 1 of Standing General Order 2021-01 because a vehicle involved was towed away. Waymo may supplement or correct its reporting with additional information as it may become available. This report was submitted from the Pacific time zone on the required date.", ,,,,,,,prior_june16,,,,,,,,,,,,,,,,,,,,,,,,,,,
30270-1730,1,Waymo LLC,Monthly,10.0,2021.0,NOV-2021,2C4RC1K73HR, ,,Chrysler,Pacifica, ,2017.0, ,6d49baca1da8d0f,20619.0, ,,4th Generation ADS, , ,, , ,, , ,, , ,,, , ,,,Yes,ADS,Waymo LLC, , ,Y, , , , , ,,OCT-2021, ,OCT-2021,13:48, ,f9d5189db0a4978,[MAY CONTAIN PERSONALLY IDENTIFIABLE INFORMATION], ,[MAY CONTAIN PERSONALLY IDENTIFIABLE INFORMATION], ,[MAY CONTAIN PERSONALLY IDENTIFIABLE INFORMATION], ,Mesa, ,AZ ,[MAY CONTAIN PERSONALLY IDENTIFIABLE INFORMATION], ,Street,Dry,No Unusual Conditions,25.0, ,Daylight,Y, , , , , , , ,,SUV,No Injuries Reported,Yes,Backing,No,No, , , , , , , , , , ,Y,Parked,No,No,No Passengers in Vehicle,0.0, , , , ,Y, , ,Y, , , , , , ,Y, ,Y,Y, , ,No,, ,Yes,, ,, ,, ,Yes, ,"On October [XXX], 2021 at 1:48 PM PDT a Waymo Autonomous Vehicle (""Waymo AV"") operating in Mesa, AZ was in a collision involving an SUV on the 700 block of [XXX]. 
The Waymo AV was stopped in front of a residential home when an SUV began to reverse out of the home's driveway. While reversing, the SUV's rear bumper made contact with the Waymo AV's trunk. The Waymo AV sustained minor damage to its trunk. At the time of the impact, the Waymo's Level 4 ADS was engaged in autonomous mode.
Waymo is reporting this crash under Request No. 2 of Standing General Order 2021-01. Waymo may supplement or correct its reporting with additional information as it may become available. This report was submitted from the Pacific time zone on the required date.", ,False,85202,PHOENIX,V2V Backing,False,False,prior_june16,,,,,,,,,,,,,,,,,,,,,,,,,,,
30270-4104,2,Waymo LLC,10-Day Update,,,NOV-2022,1XPBD49X9ND, ,,Peterbilt,579 Epiq, ,2022.0, ,ecbf8e4637f763d,151927.0, ,In-Vehicle (Commercial / Test),5th Generation ADS, , ,, , ,, , ,, , ,,, , ,,,Yes,ADS,Waymo LLC, , ,Y, , , , , ,,OCT-2022, ,OCT-2022,13:35, ,17c618d238f493f,[MAY CONTAIN PERSONALLY IDENTIFIABLE INFORMATION], ,[MAY CONTAIN PERSONALLY IDENTIFIABLE INFORMATION], ,[MAY CONTAIN PERSONALLY IDENTIFIABLE INFORMATION], ,Tempe, ,AZ ,[MAY CONTAIN PERSONALLY IDENTIFIABLE INFORMATION], ,Highway / Freeway,Dry,No Unusual Conditions,65.0, ,Daylight,Y, , , , , , , ,,Passenger Car,No Injuries Reported,Yes,"Other, see Narrative",Yes,Unknown, , ,Y, , ,Y, , ,Y, , ,Proceeding Straight,No,Yes,Yes,59.0, , , , , , , ,Y,Y, , , , , ,Y, ,Y,Y, , ,Yes,AZ Highway Patrol Division, ,Yes,[MAY CONTAIN PERSONALLY IDENTIFIABLE INFORMATION], ,[MAY CONTAIN PERSONALLY IDENTIFIABLE INFORMATION], ,,Y,Yes, ,"The content of this report is unchanged from the initial report submitted on October [XXX], 2022 [REDACTED, MAY CONTAIN CONFIDENTIAL BUSINESS INFORMATION]. 
On October [XXX], 2022 at 1:35 PM PST a Waymo Autonomous Vehicle (""Waymo AV"") Peterbilt Class 8 semi-truck and trailer, operating in Tempe, Arizona was in a collision involving a passenger vehicle on [XXX] near [XXX].
The Waymo AV was traveling in autonomous mode on southbound [XXX] and an SUV was traveling ahead of the Waymo AV in the right adjacent lane. The SUV approached stopped traffic in its lane and struck a passenger vehicle. The Waymo AV test driver then transitioned to manual mode. The passenger vehicle that was struck by the SUV spun 90 degrees counterclockwise and was pushed partially into the Waymo AV's lane, making contact with the right side of the Waymo AV and trailer. At the time of the impact, the Waymo AV's Level 4 ADS was not engaged and a test driver was operating the Waymo AV in manual mode. The Waymo AV, trailer, and passenger vehicle sustained damage.
Waymo is reporting this crash under Request No. 1 of Standing General Order 2021-01 because an airbag deployed (in the passenger vehicle) and a vehicle involved was towed away. Waymo may supplement or correct its reporting with additional information as it may become available.", ,,,,,,,prior_june16,,,,,,,,,,,,,,,,,,,,,,,,,,,
30270-6542,1,Waymo LLC,5-Day,,,OCT-2023,SADHW2S18M1, ,,Jaguar,I-Pace, ,2023.0, ,006bac2ce63f1bf,76843.0, ,,5th Generation, , ,5th Generation, , ,Version 8, , ,, ,Y,,, ,Y,Yes (specify below),ADOT,Yes,ADS,Waymo LLC, , ,Y, , , , , ,,OCT-2023, ,OCT-2023,08:59, ,2e94dccbdb96501,[MAY CONTAIN PERSONALLY IDENTIFIABLE INFORMATION], ,[MAY CONTAIN PERSONALLY IDENTIFIABLE INFORMATION], ,[MAY CONTAIN PERSONALLY IDENTIFIABLE INFORMATION], ,Scottsdale, ,AZ ,[MAY CONTAIN PERSONALLY IDENTIFIABLE INFORMATION], ,Street,Dry,"Other, see Narrative",45.0, ,Daylight,Y, , , , , , , ,,"Other, see Narrative",Unknown,Yes,"Other, see Narrative",Unknown,Unknown,Y, , ,Y, , ,Y, , , , ,"Other, see Narrative",No,No,Yes,6.0, , , , , , , , , , , ,Y, , ,Y, ,Y,Y, , ,Unknown,,Y,Yes,,Y,,Y,,Y,Yes, ,"On October [XXX], 2023 at 8:59 AM PT a collision occurred in Scottsdale, Arizona involving two passenger vehicles traveling behind a Waymo Autonomous Vehicle (Waymo AV) on [XXX] near [XXX].
The Waymo AV was traveling northbound on [XXX] in the far left lane, with an SUV approaching from behind in the adjacent right lane, when the Waymo AV detected fallen tree branches in the left adjacent median, partially obstructing its own lane. As the Waymo AV approached and passed the tree branches, and as the SUV passed the Waymo AV, the Waymo AV braked. The passenger vehicle behind the Waymo AV was then impacted by the passenger vehicle traveling behind it. At the time of the impact between the two passenger vehicles, the Waymo AVs Level 4 ADS was engaged in autonomous mode. The two passenger vehicles sustained damage, but the Waymo AV did not. Waymo became aware of the collision on October 19, 2023 during an internal review process.
Waymo is reporting this crash under Request No. 1 of Standing General Order 2021-01 because video appears to show that airbags deployed in the striking vehicle. Waymo may supplement or correct its reporting with additional information as it may become available.", ,False,85257,PHOENIX,V2V F2R,False,False,prior_june16,,,,,,,,,,,,,,,,,,,,,,,,,,,
30270-6548,1,Waymo LLC,5-Day,,,OCT-2023,SADHW2S18M1, ,,Jaguar,I-Pace, ,2021.0, ,c076b8ec8eaf73f,76624.0, ,,5th Generation, , ,5th Generation, , ,Version 8, , ,, ,Y,,, ,Y,Yes (specify below),ADOT,Yes,ADS,Waymo LLC, , ,Y, , , , , ,,OCT-2023, ,OCT-2023,18:53, ,f23075bf3ae4c1d,[MAY CONTAIN PERSONALLY IDENTIFIABLE INFORMATION], ,[MAY CONTAIN PERSONALLY IDENTIFIABLE INFORMATION], ,[MAY CONTAIN PERSONALLY IDENTIFIABLE INFORMATION], ,Phoenix, ,AZ ,[MAY CONTAIN PERSONALLY IDENTIFIABLE INFORMATION], ,Street,Dry,Work Zone,25.0, ,Dark - Lighted,Y, , , , , , , ,,"Other, see Narrative",No Injuries Reported,Yes,"Other, see Narrative",Not Applicable,Not Applicable, , , , , , , , , , ,Y,Lane / Road Departure,No,Yes,Yes,8.0, , , , , , , , , , ,Y, , , ,Y, ,Y,Y, , ,No,, ,Yes,, ,, ,, ,Yes, ,"On October [XXX], 2023 at 6:53 PM PT a Waymo Autonomous Vehicle (Waymo AV) operating in Phoenix, Arizona experienced underbody damage in a construction zone on [XXX] near [XXX].
The Waymo AV was traveling through a construction zone on eastbound [XXX] and prepared to make a left turn onto northbound [XXX]. The Waymo AV entered a lane undergoing construction on [XXX], encountered a section of roadway that had been removed, and the front drivers side wheel dropped off the paved roadway. At the time of the event, the Waymo AVs Level 4 ADS was engaged in autonomous mode. The Waymo AV sustained damage.
Waymo is reporting this crash under Request No. 1 of Standing General Order 2021-01 because a vehicle involved was towed away. Waymo may supplement or correct its reporting with additional information as it may become available.", ,False,85004,PHOENIX,Single Vehicle,True,False,prior_june16,,,,,,,,,,,,,,,,,,,,,,,,,,,
30270-6561,1,Waymo LLC,5-Day,,,OCT-2023,SADHW2S10M1, ,,Jaguar,I-Pace, ,2021.0, ,269b2953f5264a1,73225.0, ,,5th Generation, , ,5th Generation, , ,Version 8, , ,, ,Y,,, ,Y,Yes (specify below),ADOT,Yes,ADS,Waymo LLC, , ,Y, , , , , ,,OCT-2023, ,OCT-2023,13:29, ,e3bd842f3d0ff71,[MAY CONTAIN PERSONALLY IDENTIFIABLE INFORMATION], ,[MAY CONTAIN PERSONALLY IDENTIFIABLE INFORMATION], ,[MAY CONTAIN PERSONALLY IDENTIFIABLE INFORMATION], ,Phoenix, ,AZ ,[MAY CONTAIN PERSONALLY IDENTIFIABLE INFORMATION], ,Street,Dry,No Unusual Conditions,25.0, ,Daylight,Y, , , , , , , ,,"Other, see Narrative",No Injuries Reported,Yes,"Other, see Narrative",Not Applicable,Not Applicable, , , , , , , , , , ,Y,Proceeding Straight,No,Yes,Yes,19.0, , , , , , , , ,Y,Y, , , , ,Y, ,Y,Y, , ,Yes,Phoenix Police Department, ,Yes,[MAY CONTAIN PERSONALLY IDENTIFIABLE INFORMATION], ,,Y,[MAY CONTAIN PERSONALLY IDENTIFIABLE INFORMATION], ,Yes, ,"On October [XXX], 2023 at 1:29 PM PT a Waymo Autonomous Vehicle (Waymo AV) operating in Phoenix, Arizona was in a collision involving an automatic gate in a parking lot driveway at Central High School. 
The Waymo AV exited a parking lot at Central High School and was traveling eastbound toward [XXX], when the passengers side sensors and side mirror made contact with an automatic gate that was in the process of closing. At the time of the impact, the Waymo AVs Level 4 ADS was engaged in autonomous mode. The Waymo AV sustained damage.
Waymo is reporting this crash under Request No. 1 of Standing General Order 2021-01 because a vehicle involved was towed away. Waymo may supplement or correct its reporting with additional information as it may become available.", ,True,85012,PHOENIX,Single Vehicle,True,False,prior_june16,,,,,,,,,,,,,,,,,,,,,,,,,,,