Report ID,Report Version,Reporting Entity,Report Type,Report Month,Report Year,Report Submission Date,VIN,VIN - Unknown,Serial Number,Make,Model,Model - Unknown,Model Year,Model Year - Unknown,Same Vehicle ID,Mileage,Mileage - Unknown,Driver / Operator Type,ADAS/ADS System Version,ADAS/ADS System Version - Unk,ADAS/ADS System Version CBI,ADAS/ADS Hardware Version,ADAS/ADS Hardware Version - Unk,ADAS/ADS Hardware Version CBI,ADAS/ADS Software Version,ADAS/ADS Software Version - Unk,ADAS/ADS Software Version CBI,Other Reporting Entities?,Other Reporting Entities? - Unk,Other Reporting Entities? - NA,Federal Regulatory Exemption?,Other Federal Reg. Exemption,Federal Reg. Exemption - Unk,Federal Reg. Exemption - No,State or Local Permit?,State or Local Permit,ADS Equipped?,Automation System Engaged?,Operating Entity,Operating Entity - Unknown,Source - Complaint/Claim,Source - Telematics,Source - Law Enforcement,Source - Field Report,Source - Testing,Source - Media,Source - Other,Source - Other Text,Incident Date,Incident Date - Unknown,Notice Received Date,Incident Time (24:00),Incident Time - Unknown,Same Incident ID,Latitude,Latitude - Unknown,Longitude,Longitude - Unknown,Address,Address - Unknown,City,City - Unknown,State,Zip Code,Zip Code - Unknown,Roadway Type,Roadway Surface,Roadway Description,Posted Speed Limit (MPH),Posted Speed Limit - Unknown,Lighting,Weather - Clear,Weather - Snow,Weather - Cloudy,Weather - Fog/Smoke,Weather - Rain,Weather - Severe Wind,Weather - Unknown,Weather - Other,Weather - Other Text,Crash With,Highest Injury Severity Alleged,Property Damage?,CP Pre-Crash Movement,CP Any Air Bags Deployed?,CP Was Vehicle Towed?,CP Contact Area - Rear Left,CP Contact Area - Left,CP Contact Area - Front Left,CP Contact Area - Rear,CP Contact Area - Top,CP Contact Area - Front,CP Contact Area - Rear Right,CP Contact Area - Right,CP Contact Area - Front Right,CP Contact Area - Bottom,CP Contact Area - Unknown,SV Pre-Crash Movement,SV Any Air Bags Deployed?,SV Was Vehicle Towed?,SV Were All Passengers Belted?,SV Precrash Speed (MPH),SV Pre-crash Speed - Unknown,SV Contact Area - Rear Left,SV Contact Area - Left,SV Contact Area - Front Left,SV Contact Area - Rear,SV Contact Area - Top,SV Contact Area - Front,SV Contact Area - Rear Right,SV Contact Area - Right,SV Contact Area - Front Right,SV Contact Area - Bottom,SV Contact Area - Unknown,Data Availability - EDR,Data Availability - Police Rpt,Data Availability - Telematics,Data Availability - Complaints,Data Availability - Video,Data Availability - Other,Data Availability - No Data,Data Availability - Unknown,Law Enforcement Investigating?,Investigating Agency,Investigating Agency - Unknown,Rep Ent Or Mfr Investigating?,Investigating Officer Name,Inv. Officer Name - Unknown,Investigating Officer Phone,Inv. Officer Phone - Unknown,Investigating Officer Email,Inv. Officer Email - Unknown,Within ODD?,Within ODD? - CBI,Narrative,Narrative - CBI?,hub_delta_v_less_than_1mph,hub_zip_code,hub_location,hub_crash_type,hub_is_police_reported,hub_is_any_injury_reported,data_period,VIN Decoded,Make - Unknown,Automation Feature Version,Automation Feature Version CBI,Engagement Status,Source - Internal Process Review,Source - NHTSA VOQ,Source - Other - See Narrative,Source - Other Entity,Source - State or Other Agency,Roadway-Degraded Surface,Roadway-Missing/Degraded Marking,Roadway-No Unusual Conditions,Roadway-Other-See Narrative,Roadway-Traffic Incident,Roadway-Unknown,Roadway-Wet Surface Condition,Roadway-Work Zone,Weather - Partly Cloudy,Weather - Fog/Smoke/Haze,Weather - Dust Storm,Weather - Severe Hurricane,Weather - Structure-Indoor,Weather - Unk - See Narrative,Any Air Bags Deployed?,Was Any Vehicle Towed?,Were All Passengers Belted?
30270-11957,1,Waymo LLC,Monthly,10.0,2025.0,NOV-2025,SADHW2S12R1,,[MAY CONTAIN PERSONALLY IDENTIFIABLE INFORMATION],JAGUAR,I-PACE, ,2024.0, ,8842a1f0a42ec07,,,,,,,,,,,,,,,,,,,,,,,ADS,Waymo LLC, , ,Y, , , , ,,,OCT-2025, ,,18:00, ,0744f69d86405c7,[MAY CONTAIN PERSONALLY IDENTIFIABLE INFORMATION], ,[MAY CONTAIN PERSONALLY IDENTIFIABLE INFORMATION], ,[MAY CONTAIN PERSONALLY IDENTIFIABLE INFORMATION], ,Austin, ,TX,[MAY CONTAIN PERSONALLY IDENTIFIABLE INFORMATION], ,Street,,,,,, , ,Y,, , ,,,,Heavy Truck,Property Damage. No Injured Reported,,Proceeding Straight,,, , ,Y, , , , , , , , ,Stopped,,,,0.0, , , , , , ,Y, , , , , , , ,Y, ,Y, , , ,,, ,,,,,,,,Yes, ,"On October 16, 2025 at 6:00 PM CT a Waymo Autonomous Vehicle (""Waymo AV"") operating in Austin, Texas was in a collision involving a heavy truck on Montopolis Drive near Burleson Road.
The Waymo AV was stopped facing southwest in the rightmost lane on Montopolis Drive when it activated its left turn signal and proceeded to change lanes to the second from the right lane. While changing lanes, the Waymo AV came to a stop, partially in the rightmost lane and partially in the second to the right  lane, to yield to traffic ahead and a heavy truck that was stopped facing southwest in the adjacent lane behind and to the left of the Waymo AV. The heavy truck proceeded forward momentarily and then stopped. As traffic ahead advanced, the heavy truck proceeded forward and the front right side of the heavy truck made contact with the front left side of the stationary Waymo AV. At the time of the impact, the Waymo AV's Level 4 ADS was engaged in autonomous mode. Both vehicles sustained damage.

Waymo is reporting this crash under Request No. 2 of Standing General Order 2021-01. Waymo may supplement or correct its reporting with additional information as it may become available.", ,,,,,,,post_june16,Y, ,"5th Generation ADS, Version 10", ,Verified Engaged, , , , , , , ,Y, , , , , , , , , , , ,"No Subject Vehicle, No Crash Partner","No Subject Vehicle, No Crash Partner",Subject Vehicle - No Passenger In Vehicle
30270-11991,1,Waymo LLC,5-Day,,,OCT-2025,SADHW2S15R1,,,JAGUAR,I-PACE, ,2024.0, ,e460e2082dd0af4,,,In-Vehicle (Commercial / Test),,,,,,,,,,,,,,,,,,,,ADS,Waymo LLC, , ,Y, , , , ,,,OCT-2025, ,,17:38, ,b306c8f759ea3de,[MAY CONTAIN PERSONALLY IDENTIFIABLE INFORMATION], ,[MAY CONTAIN PERSONALLY IDENTIFIABLE INFORMATION], ,[MAY CONTAIN PERSONALLY IDENTIFIABLE INFORMATION], ,Austin, ,TX,[MAY CONTAIN PERSONALLY IDENTIFIABLE INFORMATION], ,Street,,,,,, , ,Y,, , ,,,,Pickup Truck,Property Damage. No Injured Reported,,Proceeding Straight,,, , ,Y, , , , , , , , ,Changing Lanes,,,,1.0, , , , , , ,Y, , , , , , , ,Y, ,Y, , , ,,, ,,,,,,,,Yes, ,"On October 24, 2025 at 5:38 PM CT a Waymo Autonomous Vehicle (""Waymo AV"") operating in Austin, Texas was in a collision involving a pickup truck on S. Highway 183 near Burleson Road.
The Waymo AV was traveling southbound in the left of two lanes on S. Highway 183 in autonomous mode when it came to a stop in a queue of traffic at the intersection with Burleson Road. Leading up to the intersection, a queue of traffic had formed on the left shoulder to enter the dedicated left turn lane at the intersection. The Waymo AV began to initiate a lane change to the designated left turn lane at the point at which that lane began, and came to a stop next to a pickup truck that was stationary, positioned partially in the left shoulder and partially at the entrance to the dedicated left turn lane. As traffic began to advance, the Waymo AV began to proceed forward at a low rate of speed to continue changing lanes. The test driver of the Waymo AV transitioned the Waymo AV to manual mode and began to brake as the pickup truck proceeded forward into the dedicated left turn lane, and the right side of the pickup truck made contact with the front left of the Waymo AV. At the time of the impact, the Waymo AV's Level 4 ADS was not engaged and a test driver was operating the Waymo AV in manual mode. Both vehicles sustained damage.

Waymo is reporting this crash under Request No. 1 of Standing General Order 2021-01  because a vehicle involved was towed away. Waymo may supplement or correct its reporting with additional information as it may become available.", ,,,,,,,post_june16,Y, ,"5th Generation ADS, Version 10", ,Verified Not Engaged, , , , , , , ,Y, , , , , , , , , , , ,"No Subject Vehicle, No Crash Partner","Yes Subject Vehicle, No Crash Partner",Subject Vehicle - All Belted
30270-11886,1,Waymo LLC,5-Day,,,OCT-2025,SADHW2S15R1,,,JAGUAR,I-PACE, ,2024.0, ,d96eceff2af56e0,,,In-Vehicle and Remote (Commercial / Test),,,,,,,,,,,,,,,,,,,,ADS,Waymo LLC, , ,Y, , , , ,,,OCT-2025, ,,16:57, ,de6893d4278e92f,[MAY CONTAIN PERSONALLY IDENTIFIABLE INFORMATION], ,[MAY CONTAIN PERSONALLY IDENTIFIABLE INFORMATION], ,[MAY CONTAIN PERSONALLY IDENTIFIABLE INFORMATION], ,Tempe, ,AZ,[MAY CONTAIN PERSONALLY IDENTIFIABLE INFORMATION], ,Intersection,,,,,, , ,Y,, , ,,,,Passenger Car,Property Damage. No Injured Reported,,Making Left Turn,,, , , , , ,Y, , , , , ,Making Left Turn,,,,2.0, , , , , , , ,Y, , , , , , ,Y, ,Y, , , ,,Arizona Department of Public Safety, ,,,,,,,,Yes, ,"On October 10, 2025 at 4:57 PM MT a Waymo Autonomous Vehicle (""Waymo AV"") operating in Tempe, Arizona was in a collision involving a passenger car on E. Rio Salado Parkway at the on-ramp entrance to State Route 101.
The Waymo AV was stopped facing east on E. Rio Salado Parkway in the designated left turn lane for a red light at the intersection with the on-ramp entrance to State Route 101, in autonomous mode and with its left turn signal activated. After the light turned green and westbound traffic cleared, the Waymo AV proceeded to make an unprotected left turn onto the on-ramp entrance to State Route 101. As the Waymo AV was completing the left turn and was exiting the intersection, it began slowing and a passenger car traveling directly behind the Waymo AV approached the Waymo AV from behind, and the front left of the passenger car made contact with the rear of the Waymo AV. The test driver of the Waymo AV transitioned to manual mode immediately after the passenger car made contact with the Waymo AV. At the time of the impact, the Waymo AV's Level 4 ADS was engaged in autonomous mode, and a test driver was present in the driver's seating position. Both vehicles sustained damage.

Waymo is reporting this crash under Request No. 1 of Standing General Order 2021-01 because a vehicle involved was towed away. Waymo may supplement or correct its reporting with additional information as it may become available.", ,,,,,,,post_june16,Y, ,"5th Generation, Version 10", ,Verified Engaged, , , , , , , ,Y, , , , , , , , , , , ,"No Subject Vehicle, No Crash Partner","Yes Crash Partner, No Subject Vehicle",Subject Vehicle - All Belted
30270-11838,1,Waymo LLC,5-Day,,,OCT-2025,SADHW2S17R1,,,JAGUAR,I-PACE, ,2024.0, ,d485ed61f897924,,,,,,,,,,,,,,,,,,,,,,,ADS,Waymo LLC, , ,Y, , , , ,,,OCT-2025, ,,09:37, ,c64589b500c4428,[MAY CONTAIN PERSONALLY IDENTIFIABLE INFORMATION], ,[MAY CONTAIN PERSONALLY IDENTIFIABLE INFORMATION], ,[MAY CONTAIN PERSONALLY IDENTIFIABLE INFORMATION], ,Phoenix, ,AZ,[MAY CONTAIN PERSONALLY IDENTIFIABLE INFORMATION], ,Street,,,,,,Y, , ,, , ,,,,Pickup Truck,Property Damage. No Injured Reported,,Proceeding Straight,,, , , , , , , , ,Y, , ,Stopped,,,,0.0, , , , , , , ,Y, , , , , , ,Y, ,Y, , , ,,, ,,,,,,,,Yes, ,"On October 5, 2025 at 9:37 AM MT a Waymo Autonomous Vehicle (""Waymo AV"") operating in Phoenix, Arizona was in a collision involving a pickup truck on E. Oak Street near N. 27th Street. 
The Waymo AV was traveling eastbound on E. Oak Street when it began to slow to a stop to yield to an animal that ran into the roadway from in front of a parked car on the south side of E. Oak Street. As the Waymo AV slowed to a stop, a pickup truck that was traveling eastbound on E. Oak Street behind the Waymo AV approached the Waymo AV from behind and the front of the pickup truck made contact with the rear of the Waymo AV. At the time of the impact, the Waymo AV's Level 4 ADS was engaged in autonomous mode. Both vehicles sustained damage.

Waymo is reporting this crash under Request No. 1 of Standing General Order 2021-01 because a vehicle involved was towed away. Waymo may supplement or correct its reporting with additional information as it may become available.", ,,,,,,,post_june16,Y, ,"5th Generation ADS, Version 10", ,Verified Engaged, , , , , , , ,Y, , , , , , , , , , , ,"No Subject Vehicle, No Crash Partner","Yes Subject Vehicle, No Crash Partner",Subject Vehicle - No Passenger In Vehicle
30270-11836,1,Waymo LLC,5-Day,,,OCT-2025,SADHW2S19R1,,,JAGUAR,I-PACE, ,2024.0, ,bc680d592472f72,,,,,,,,,,,,,,,,,,,,,,,ADS,Waymo LLC, , ,Y, , , , ,,,OCT-2025, ,,16:14, ,bfc23b58aba27de,[MAY CONTAIN PERSONALLY IDENTIFIABLE INFORMATION], ,[MAY CONTAIN PERSONALLY IDENTIFIABLE INFORMATION], ,[MAY CONTAIN PERSONALLY IDENTIFIABLE INFORMATION], ,Phoenix, ,AZ,[MAY CONTAIN PERSONALLY IDENTIFIABLE INFORMATION], ,Street,,,,,,Y, , ,, , ,,,,Heavy Truck,Property Damage. No Injured Reported,,Parked,,, , , ,Y, , , , , , , ,Passing,,,,1.0, , , ,Y, , , , , , , , , , ,Y, ,Y, , , ,,, ,,,,,,,,Yes, ,"On October 2, 2025 at 4:14 PM MT a Waymo Autonomous Vehicle (""Waymo AV"") operating in Phoenix, Arizona was in a collision involving a heavy truck with a flatbed trailer on E. Indianola Avenue near N. 16th Street. 
The Waymo AV was traveling eastbound on E. Indianola Avenue behind a heavy truck with an attached flatbed trailer when the heavy truck slowed to a stop and parked at the curb on the south side of E. Indianola Avenue near a stop sign at the intersection with N. 16th Street. The Waymo AV slowed to a stop to yield to the parked heavy truck, which was partially in the Waymo AV's lane of travel. The Waymo AV proceeded to maneuver around the left side of the heavy truck and the front right side of the Waymo AV made contact with the rear left side of the flatbed of the heavy truck. At the time of the impact, the Waymo AV's Level 4 ADS was engaged in autonomous mode. The Waymo AV sustained damage. 

Waymo is reporting this crash under Request No. 1 of Standing General Order 2021-01 because a vehicle involved was towed away. Waymo may supplement or correct its reporting with additional information as it may become available.", ,,,,,,,post_june16,Y, ,"5th Generation ADS, Version 10", ,Verified Engaged, , , , , , , ,Y, , , , , , , , , , , ,"No Subject Vehicle, No Crash Partner","Yes Subject Vehicle, No Crash Partner",Subject Vehicle - All Belted
30270-12044,1,Waymo LLC,5-Day,,,NOV-2025,SADHW2S10R1,,[MAY CONTAIN PERSONALLY IDENTIFIABLE INFORMATION],JAGUAR,I-PACE, ,2024.0, ,bbbfab6ed0fa88e,,,,,,,,,,,,,,,,,,,,,,,ADS,Waymo LLC, , ,Y, , , , ,,,OCT-2025, ,,15:39, ,e492ceaa28f9a3b,[MAY CONTAIN PERSONALLY IDENTIFIABLE INFORMATION], ,[MAY CONTAIN PERSONALLY IDENTIFIABLE INFORMATION], ,[MAY CONTAIN PERSONALLY IDENTIFIABLE INFORMATION], ,Tempe, ,AZ,[MAY CONTAIN PERSONALLY IDENTIFIABLE INFORMATION], ,Street,,,,,,Y, , ,, , ,,,,"Other, see Narrative",Property Damage. No Injured Reported,,"Other, see Narrative",,, , , , , , , , , , ,Y,Proceeding Straight,,,,4.0, ,Y, , , , , , , , , , , , ,Y, ,Y, , , ,,, ,,,,,,,,Yes, ,"On October 31, 2025 at 3:39 PM MT a Waymo Autonomous Vehicle (""Waymo AV"") operating in Tempe, Arizona was in a collision involving a gate on W. Caroline Lane at S. Beck Avenue. 
The Waymo AV was stopped at the curb facing north in a cul-de-sac on W. Caroline Lane for a passenger pickup near the gated entrance separating W. Caroline Lane from S. Beck Avenue. While the Waymo AV was stopped, a passenger car approached the other side of the gated entrance and the north side of the swinging gate began swinging out into the roadway towards the Waymo AV. As the swinging gate was opening, the Waymo AV proceeded straight and the swinging gate made contact with the rear right side of the Waymo AV. At the time of the impact, the Waymo AV's Level 4 ADS was engaged in autonomous mode. The Waymo AV and the gate sustained damage.

Waymo is reporting this crash under Request No. 1 of Standing General Order 2021-01 because a vehicle involved was towed away. Waymo may supplement or correct its reporting with additional information as it may become available.", ,,,,,,,post_june16,Y, ,"5th Generation ADS, Version 10", ,Verified Engaged, , , , , , , ,Y, , , , , , , , , , , ,"No Subject Vehicle, Unknown Crash Partner","Yes Subject Vehicle, Unknown Crash Partner",Subject Vehicle - All Belted
30270-12052,1,Waymo LLC,5-Day,,,NOV-2025,SADHW2S11R1,,[MAY CONTAIN PERSONALLY IDENTIFIABLE INFORMATION],JAGUAR,I-PACE, ,2024.0, ,0507c8ddad77a9c,,,,,,,,,,,,,,,,,,,,,,,ADS,Waymo LLC, , ,Y, , , , ,,,OCT-2025, ,,00:37, ,d22f3c0f546b64e,[MAY CONTAIN PERSONALLY IDENTIFIABLE INFORMATION], ,[MAY CONTAIN PERSONALLY IDENTIFIABLE INFORMATION], ,[MAY CONTAIN PERSONALLY IDENTIFIABLE INFORMATION], ,Scottsdale, ,AZ,[MAY CONTAIN PERSONALLY IDENTIFIABLE INFORMATION], ,Street,,,,,,Y, , ,, , ,,,,Passenger Car,Property Damage. No Injured Reported,,Passing,,, ,Y, , , , , , , , , ,Stopped,,,,0.0, , , , ,Y, , , , , , , , , ,Y, ,Y, , , ,,, ,,,,,,,,Yes, ,"On October 31, 2025 at 12:37 AM MT a Waymo Autonomous Vehicle (""Waymo AV"") operating in Scottsdale, Arizona was in a collision involving a passenger car in an alley behind 7325 E. Shoeman Lane.
The Waymo AV was parked facing east in the alley behind 7325 E. Shoeman Lane with hazard lights activated when a passenger car that was traveling southbound on N. Wells Fargo Avenue made a right turn into the alley. As the passenger car proceeded westbound in the alley to pass the parked Waymo AV on the left, the left side of the passenger car made contact with the rear left side of the stationary Waymo AV. At the time of the impact, the Waymo AV's Level 4 ADS was engaged in autonomous mode. Both vehicles sustained damage.

Waymo is reporting this crash under Request No. 1 of Standing General Order 2021-01 because a vehicle involved was towed away. Waymo may supplement or correct its reporting with additional information as it may become available.", ,,,,,,,post_june16,Y, ,"5th Generation ADS, Version 10", ,Verified Engaged, , , , , , , ,Y, , , , , , , , , , , ,"No Subject Vehicle, No Crash Partner","Yes Subject Vehicle, No Crash Partner",Subject Vehicle - No Passenger In Vehicle
30270-12053,1,Waymo LLC,5-Day,,,NOV-2025,SADHW2S18R1,,[MAY CONTAIN PERSONALLY IDENTIFIABLE INFORMATION],JAGUAR,I-PACE, ,2024.0, ,26315ce12f70421,,,,,,,,,,,,,,,,,,,,,,,ADS,Waymo LLC, , ,Y, , , , ,,,OCT-2025, ,,06:42, ,211c0979b29b3ef,[MAY CONTAIN PERSONALLY IDENTIFIABLE INFORMATION], ,[MAY CONTAIN PERSONALLY IDENTIFIABLE INFORMATION], ,[MAY CONTAIN PERSONALLY IDENTIFIABLE INFORMATION], ,Phoenix, ,AZ,[MAY CONTAIN PERSONALLY IDENTIFIABLE INFORMATION], ,Street,,,,,, , ,Y,, , ,,,,Pickup Truck,Property Damage. No Injured Reported,,Proceeding Straight,,, , , , , , , , ,Y, , ,Stopped,,,,0.0, , , , , , , ,Y, , , , , , ,Y, ,Y, , , ,,Phoenix Police Department, ,,,,,,,,Yes, ,"On October 31, 2025 at 6:42 AM MT a Waymo Autonomous Vehicle (""Waymo AV"") operating in Phoenix, Arizona was in a collision involving a pickup truck on Thomas Road near N. 12th Street. 
The Waymo AV was traveling eastbound in the third from the right lane on Thomas Road. As the Waymo AV approached the intersection at N. 12th Street, it slowed to a stop prior to entering the intersection due to debris in the Waymo AV's lane of travel. A pickup truck traveling eastbound on Thomas Road behind the Waymo AV approached the Waymo AV from behind and the front of the pickup truck made contact with the rear of the stationary Waymo AV. At the time of the impact, the Waymo AV's Level 4 ADS was engaged in autonomous mode. Both vehicles sustained damage.

Waymo is reporting this crash under Request No. 1 of Standing General Order 2021-01 because a vehicle involved was towed away. Waymo may supplement or correct its reporting with additional information as it may become available.", ,,,,,,,post_june16,Y, ,"5th Generation ADS, Version 10", ,Verified Engaged, , , , , , , ,Y, , , , , , , , , , , ,"No Subject Vehicle, No Crash Partner","Yes Subject Vehicle, No Crash Partner",Subject Vehicle - All Belted
30270-13026,1,Waymo LLC,Monthly,10.0,2025.0,NOV-2025,SADHW2S18R1,,[MAY CONTAIN PERSONALLY IDENTIFIABLE INFORMATION],JAGUAR,I-PACE, ,2024.0, ,77d6d53bf2f20e3,,,In-Vehicle (Commercial / Test),,,,,,,,,,,,,,,,,,,,ADS,Waymo LLC, , ,Y, , , , ,,,OCT-2025, ,,13:28, ,8182bf3ee7005af,[MAY CONTAIN PERSONALLY IDENTIFIABLE INFORMATION], ,[MAY CONTAIN PERSONALLY IDENTIFIABLE INFORMATION], ,[MAY CONTAIN PERSONALLY IDENTIFIABLE INFORMATION], ,Washington, ,DC,[MAY CONTAIN PERSONALLY IDENTIFIABLE INFORMATION], ,Street,,,,,,Y, , ,, , ,,,,SUV,Property Damage. No Injured Reported,,Proceeding Straight,,, , , , , , ,Y, , , , ,Proceeding Straight,,,,2.0, , , , , , , ,Y, , , , , , ,Y, ,Y, , , ,,Metropolitan Police Department of the District of Columbia, ,,,,,,,,Yes, ,"On October 31, 2025 at 1:28 PM ET a Waymo Autonomous Vehicle (""Waymo AV"") operating in Washington, D.C. was in a collision involving an SUV on N. Capitol Street NW near P Street NW. 
The Waymo AV was stopped facing south in the left lane on N. Capitol Street NW in a queue of traffic for a red light at the intersection with P Street NW. After the light turned green and traffic ahead advanced, the Waymo AV began to proceed forward at a low rate of speed and an SUV that was initially stopped directly behind the Waymo AV approached the Waymo AV from behind and the front of the SUV made contact with the rear of the Waymo AV. At the time of the impact, the Waymo AV's Level 4 ADS was engaged in autonomous mode, and a test driver was present in the driver's seating position. Both vehicles sustained damage.

Waymo is reporting this crash under Request No. 2 of Standing General Order 2021-01. Waymo may supplement or correct its reporting with additional information as it may become available.", ,,,,,,,post_june16,Y, ,"5th Generation ADS, Version 10", ,Verified Engaged, , , , , , , ,Y, , , , , , , , , , , ,"No Subject Vehicle, No Crash Partner","No Subject Vehicle, No Crash Partner",Subject Vehicle - All Belted
30270-13028,1,Waymo LLC,Monthly,10.0,2025.0,NOV-2025,SADHW2S11R1,,[MAY CONTAIN PERSONALLY IDENTIFIABLE INFORMATION],JAGUAR,I-PACE, ,2024.0, ,28048860fd50fc5,,,,,,,,,,,,,,,,,,,,,,,ADS,Waymo LLC, , ,Y, , , , ,,,OCT-2025, ,,22:20, ,c29240f2dbc64e7,[MAY CONTAIN PERSONALLY IDENTIFIABLE INFORMATION], ,[MAY CONTAIN PERSONALLY IDENTIFIABLE INFORMATION], ,[MAY CONTAIN PERSONALLY IDENTIFIABLE INFORMATION], ,Atlanta, ,GA,[MAY CONTAIN PERSONALLY IDENTIFIABLE INFORMATION], ,Street,,,,,,Y, , ,, , ,,,,Passenger Car,Property Damage. No Injured Reported,,Backing,,, , , ,Y, , , , , , , ,Stopped,,,,0.0, , , ,Y, , , , , , , , , , ,Y, ,Y, , , ,,, ,,,,,,,,Yes, ,"On October 30, 2025 at 10:20 PM ET a Waymo Autonomous Vehicle (""Waymo AV"") operating in Atlanta, Georgia was in a collision involving a passenger car on Irby Avenue NW near Cains Hill Place NW.
The Waymo AV was traveling eastbound on Irby Avenue NW with its left turn signal activated when it slowed to a stop to yield to a passenger car that was stopped partially in-lane facing east at the southern curb of Irby Avenue NW. After westbound traffic on Irby Avenue NW cleared, the Waymo proceeded to pass the stationary passenger car on the left. As the Waymo AV proceeded forward and to the left, the passenger car reversed and the Waymo AV came to a stop to yield to the passenger car. The passenger car continued to reverse and the rear left of the passenger car made contact with the front right of the stationary Waymo AV. At the time of the impact, the Waymo AV's Level 4 ADS was engaged in autonomous mode. The passenger car sustained damage.

Waymo is reporting this crash under Request No. 2 of Standing General Order 2021-01. Waymo may supplement or correct its reporting with additional information as it may become available.", ,,,,,,,post_june16,Y, ,"5th Generation ADS, Version 10", ,Verified Engaged, , , , , , , ,Y, , , , , , , , , , , ,"No Subject Vehicle, No Crash Partner","No Subject Vehicle, No Crash Partner",Subject Vehicle - All Belted
30270-11887,1,Waymo LLC,Monthly,10.0,2025.0,NOV-2025,SADHW2S19M1,,[MAY CONTAIN PERSONALLY IDENTIFIABLE INFORMATION],JAGUAR,I-PACE, ,2021.0, ,82a413f84a9cd60,,,,,,,,,,,,,,,,,,,,,,,ADS,Waymo LLC, , ,Y, , , , ,,,OCT-2025, ,,23:57, ,e5e7fbb48fed3ea,[MAY CONTAIN PERSONALLY IDENTIFIABLE INFORMATION], ,[MAY CONTAIN PERSONALLY IDENTIFIABLE INFORMATION], ,[MAY CONTAIN PERSONALLY IDENTIFIABLE INFORMATION], ,Tempe, ,AZ,[MAY CONTAIN PERSONALLY IDENTIFIABLE INFORMATION], ,Street,,,,,,Y, , ,, , ,,,,SUV,Property Damage. No Injured Reported,,Stopped,,, , , , , , , ,Y, , , ,Proceeding Straight,,,,7.0, , , , ,Y, , , , , , , , , ,Y, ,Y, , , ,,Tempe Police Department, ,,,,,,,,Yes, ,"On October 7, 2025 at 11:57 PM MT a Waymo Autonomous Vehicle (""Waymo AV"") operating in Tempe, Arizona was in a collision involving a SUV on W. Broadway Road at Priest Drive. 
The Waymo AV was stopped facing east in the fourth to the right lane on W. Broadway Road in a queue of traffic for a red light at the intersection with Priest Drive. An SUV was stopped facing east in the adjacent designated left turn lane to the left of the Waymo AV. As the light turned green and the Waymo AV began to proceed forward, a passenger in the SUV opened the front right side door, and the open front right side door of the SUV made contact with the rear left side of the Waymo AV. At the time of the impact, the Waymo AV's Level 4 ADS was engaged in autonomous mode. The Waymo AV sustained damage.

Waymo is reporting this crash under Request No. 2 of Standing General Order 2021-01. Waymo may supplement or correct its reporting with additional information as it may become available.", ,,,,,,,post_june16,Y, ,"5th Generation ADS, Version 10", ,Verified Engaged, , , , , , , ,Y, , , , , , , , , , , ,"No Subject Vehicle, No Crash Partner","No Subject Vehicle, No Crash Partner",Subject Vehicle - All Belted
30270-12035,1,Waymo LLC,5-Day,,,NOV-2025,SADHW2S11R1,,,JAGUAR,I-PACE, ,2024.0, ,bc3d0068e6fa58e,,,,,,,,,,,,,,,,,,,,,,,ADS,Waymo LLC, , ,Y, , , , ,,,OCT-2025, ,,21:00, ,3af663c87eac5ea,[MAY CONTAIN PERSONALLY IDENTIFIABLE INFORMATION], ,[MAY CONTAIN PERSONALLY IDENTIFIABLE INFORMATION], ,[MAY CONTAIN PERSONALLY IDENTIFIABLE INFORMATION], ,Tempe, ,AZ,[MAY CONTAIN PERSONALLY IDENTIFIABLE INFORMATION], ,Street,,,,,,Y, , ,, , ,,,,Other Fixed Object,Property Damage. No Injured Reported,,,,,,,,,,,,,,,,Proceeding Straight,,,,5.0, , , , , , , , , , ,Y, , , ,Y, ,Y, , , ,,, ,,,,,,,,Yes, ,"On October 30, 2025 at 9:00 PM MT a Waymo Autonomous Vehicle (""Waymo AV"") operating in Tempe, Arizona was in a collision involving a speed bump on W. 7th Street near S. Maple Avenue. 
The Waymo AV was traveling northwestbound on W. 7th Street at a low rate of speed when the undercarriage of the Waymo AV made contact with a speed bump. At the time of the impact, the Waymo AV's Level 4 ADS was engaged in autonomous mode. The Waymo AV sustained damage. A passenger in the Waymo AV was not belted at the time of the collision.

Waymo is reporting this crash under Request No. 1 of Standing General Order 2021-01 because a vehicle involved was towed away. Waymo may supplement or correct its reporting with additional information as it may become available.", ,,,,,,,post_june16,Y, ,"5th Generation ADS, Version 10", ,Verified Engaged, , , , , , , ,Y, , , , , , , , , , , ,"No Subject Vehicle, No Crash Partner","Yes Subject Vehicle, No Crash Partner",Subject Vehicle - Not Belted - see Narrative