Report ID,Report Version,Reporting Entity,Report Type,Report Month,Report Year,Report Submission Date,VIN,VIN - Unknown,Serial Number,Make,Model,Model - Unknown,Model Year,Model Year - Unknown,Same Vehicle ID,Mileage,Mileage - Unknown,Driver / Operator Type,ADAS/ADS System Version,ADAS/ADS System Version - Unk,ADAS/ADS System Version CBI,ADAS/ADS Hardware Version,ADAS/ADS Hardware Version - Unk,ADAS/ADS Hardware Version CBI,ADAS/ADS Software Version,ADAS/ADS Software Version - Unk,ADAS/ADS Software Version CBI,Other Reporting Entities?,Other Reporting Entities? - Unk,Other Reporting Entities? - NA,Federal Regulatory Exemption?,Other Federal Reg. Exemption,Federal Reg. Exemption - Unk,Federal Reg. Exemption - No,State or Local Permit?,State or Local Permit,ADS Equipped?,Automation System Engaged?,Operating Entity,Operating Entity - Unknown,Source - Complaint/Claim,Source - Telematics,Source - Law Enforcement,Source - Field Report,Source - Testing,Source - Media,Source - Other,Source - Other Text,Incident Date,Incident Date - Unknown,Notice Received Date,Incident Time (24:00),Incident Time - Unknown,Same Incident ID,Latitude,Latitude - Unknown,Longitude,Longitude - Unknown,Address,Address - Unknown,City,City - Unknown,State,Zip Code,Zip Code - Unknown,Roadway Type,Roadway Surface,Roadway Description,Posted Speed Limit (MPH),Posted Speed Limit - Unknown,Lighting,Weather - Clear,Weather - Snow,Weather - Cloudy,Weather - Fog/Smoke,Weather - Rain,Weather - Severe Wind,Weather - Unknown,Weather - Other,Weather - Other Text,Crash With,Highest Injury Severity Alleged,Property Damage?,CP Pre-Crash Movement,CP Any Air Bags Deployed?,CP Was Vehicle Towed?,CP Contact Area - Rear Left,CP Contact Area - Left,CP Contact Area - Front Left,CP Contact Area - Rear,CP Contact Area - Top,CP Contact Area - Front,CP Contact Area - Rear Right,CP Contact Area - Right,CP Contact Area - Front Right,CP Contact Area - Bottom,CP Contact Area - Unknown,SV Pre-Crash Movement,SV Any Air Bags Deployed?,SV Was Vehicle Towed?,SV Were All Passengers Belted?,SV Precrash Speed (MPH),SV Pre-crash Speed - Unknown,SV Contact Area - Rear Left,SV Contact Area - Left,SV Contact Area - Front Left,SV Contact Area - Rear,SV Contact Area - Top,SV Contact Area - Front,SV Contact Area - Rear Right,SV Contact Area - Right,SV Contact Area - Front Right,SV Contact Area - Bottom,SV Contact Area - Unknown,Data Availability - EDR,Data Availability - Police Rpt,Data Availability - Telematics,Data Availability - Complaints,Data Availability - Video,Data Availability - Other,Data Availability - No Data,Data Availability - Unknown,Law Enforcement Investigating?,Investigating Agency,Investigating Agency - Unknown,Rep Ent Or Mfr Investigating?,Investigating Officer Name,Inv. Officer Name - Unknown,Investigating Officer Phone,Inv. Officer Phone - Unknown,Investigating Officer Email,Inv. Officer Email - Unknown,Within ODD?,Within ODD? - CBI,Narrative,Narrative - CBI?,hub_delta_v_less_than_1mph,hub_zip_code,hub_location,hub_crash_type,hub_is_police_reported,hub_is_any_injury_reported,data_period,VIN Decoded,Make - Unknown,Automation Feature Version,Automation Feature Version CBI,Engagement Status,Source - Internal Process Review,Source - NHTSA VOQ,Source - Other - See Narrative,Source - Other Entity,Source - State or Other Agency,Roadway-Degraded Surface,Roadway-Missing/Degraded Marking,Roadway-No Unusual Conditions,Roadway-Other-See Narrative,Roadway-Traffic Incident,Roadway-Unknown,Roadway-Wet Surface Condition,Roadway-Work Zone,Weather - Partly Cloudy,Weather - Fog/Smoke/Haze,Weather - Dust Storm,Weather - Severe Hurricane,Weather - Structure-Indoor,Weather - Unk - See Narrative,Any Air Bags Deployed?,Was Any Vehicle Towed?,Were All Passengers Belted?
30270-11806,1,Waymo LLC,5-Day,,,OCT-2025,SADHW2S12R1,,,JAGUAR,I-PACE, ,2024.0, ,f5b3c33807d2ff8,,,,,,,,,,,,,,,,,,,,,,,ADS,Waymo LLC, , ,Y, , , , ,,,SEP-2025, ,,14:56, ,877df876ab59edb,[MAY CONTAIN PERSONALLY IDENTIFIABLE INFORMATION], ,[MAY CONTAIN PERSONALLY IDENTIFIABLE INFORMATION], ,[MAY CONTAIN PERSONALLY IDENTIFIABLE INFORMATION], ,Atlanta, ,GA,[MAY CONTAIN PERSONALLY IDENTIFIABLE INFORMATION], ,Street,,,,,,Y, , ,, , ,,,,Non-Motorist: Cyclist,Minor W/ Hospitalization,,Entering Traffic,,,,,,,,,,,,,,Proceeding Straight,,,,19.0, , , , ,Y, , , , , , , , , ,Y, ,Y, , , ,,Atlanta Police Department, ,,,,,,,,Yes, ,"On September 30, 2025 at 2:56 PM ET a Waymo Autonomous Vehicle (""Waymo AV"") operating in Atlanta, Georgia was in a collision involving a cyclist on Griffin Street near Donald Lee Hollowell Parkway NW. 
A Waymo AV was traveling north on Griffin Street near the intersection with the Donald Lee Hollowell Parkway NW when it approached the Westside Beltline Connector shared use bicycle/pedestrian trail. As the AV approached the crossing with the trail, a cyclist traveling east on the trail approached the crossing with the roadway and continued into the roadway without stopping at the stop sign controlling bicycle traffic from the trail. The bicycle then made contact with the rear driver side of the Waymo AV and the impact caused the cyclist to fall from their bicycle. At the time of the impact, the Waymo AV's Level 4 ADS was engaged in autonomous mode. The Waymo AV and the bicycle sustained damage.

Waymo is reporting this crash under Request No. 1 of Standing General Order 2021-01 because a vehicle involved was towed away and an individual involved was transported from the scene to a hospital for medical treatment. Waymo may supplement or correct its reporting with additional information as it may become available.", ,False,30318,ATLANTA,Cyclist,True,True,post_june16,Y, ,"5th Generation ADS, Version 10", ,Verified Engaged, , , , , , , ,Y, , , , , , , , , , , ,"No Subject Vehicle, No Crash Partner","Yes Subject Vehicle, No Crash Partner",Subject Vehicle - No Passenger In Vehicle
30270-11831,1,Waymo LLC,Monthly,9.0,2025.0,OCT-2025,SADHW2S18R1,,,JAGUAR,I-PACE, ,2024.0, ,1a775515c7d2801,,,,,,,,,,,,,,,,,,,,,,,ADS,Waymo LLC, , ,Y, , , , ,,,SEP-2025, ,,15:48, ,1e3b951cf45ca7b,[MAY CONTAIN PERSONALLY IDENTIFIABLE INFORMATION], ,[MAY CONTAIN PERSONALLY IDENTIFIABLE INFORMATION], ,[MAY CONTAIN PERSONALLY IDENTIFIABLE INFORMATION], ,Tempe, ,AZ,[MAY CONTAIN PERSONALLY IDENTIFIABLE INFORMATION], ,Street,,,,,,Y, , ,, , ,,,,Passenger Car,Property Damage. No Injured Reported,,Proceeding Straight,,, , , , , , , , ,Y, , ,Stopped,,,,0.0, , , , , , , ,Y, , , , , , ,Y, ,Y, , , ,,, ,,,,,,,,Yes, ,"On September 1, 2025 at 3:48 PM MT a Waymo Autonomous Vehicle (""Waymo AV"") operating in Tempe, Arizona was in a collision involving a passenger car on E. Broadway Road at S. McClintock Drive. 
The Waymo AV was stopped facing west in the rightmost lane on E. Broadway Road with its right turn signal activated in a queue of traffic for a red light at the intersection with S. McClintock Drive. After an SUV directly in front of the Waymo AV turned right onto S. McClintock Drive, the Waymo AV briefly proceeded forward and then stopped for the red light. While the Waymo AV was stopped to yield to the red light and northbound traffic, a passenger car that was initially stopped behind the Waymo AV proceeded forward and the front of the passenger car made contact with the rear of the stationary Waymo AV. At the time of the impact, the Waymo AV's Level 4 ADS was engaged in autonomous mode. Both vehicles sustained damage.

Waymo is reporting this crash under Request No. 2 of Standing General Order 2021-01. Waymo may supplement or correct its reporting with additional information as it may become available.", ,False,85282,PHOENIX,V2V F2R,False,False,post_june16,Y, ,"5th Generation ADS, Version 10", ,Verified Engaged, , , , , , , ,Y, , , , , , , , , , , ,"No Subject Vehicle, No Crash Partner","No Subject Vehicle, No Crash Partner",Subject Vehicle - No Passenger In Vehicle
30270-11840,1,Waymo LLC,Monthly,9.0,2025.0,OCT-2025,SADHW2S12R1,,,JAGUAR,I-PACE, ,2024.0, ,d839170fc8b2e10,,,,,,,,,,,,,,,,,,,,,,,ADS,Waymo LLC, , ,Y, , , , ,,,SEP-2025, ,,23:34, ,4ff19a5f7f16d32,[MAY CONTAIN PERSONALLY IDENTIFIABLE INFORMATION], ,[MAY CONTAIN PERSONALLY IDENTIFIABLE INFORMATION], ,[MAY CONTAIN PERSONALLY IDENTIFIABLE INFORMATION], ,Austin, ,TX,[MAY CONTAIN PERSONALLY IDENTIFIABLE INFORMATION], ,Street,,,,,,Y, , ,, , ,,,,Animal,Unknown,,"Other, see Narrative",,,,,,,,,,,,,,Proceeding Straight,,,,26.0, , , , , , , , , ,Y, , , , ,Y, ,Y, , , ,,, ,,,,,,,,Yes, ,"On September 15, 2025 at 11:34 PM CT a Waymo Autonomous Vehicle (""Waymo AV"") operating in Austin, Texas was in a collision involving a domestic animal on Santa Rosa Street near Julian Teran Street. 
The Waymo AV was traveling eastbound on a narrow portion of Santa Rosa Street with vehicles parked at the curb in both directions. A domestic animal emerged from behind a vehicle that was parked on the north side of Santa Rosa Street and entered the Waymo AV's lane of travel, and the front of the Waymo AV made contact with the domestic animal, which appears to be a cat. At the time of the impact, the Waymo AV's Level 4 ADS was engaged in autonomous mode. The domestic animal sustained injuries.

Waymo is reporting this crash under Request No. 2 of Standing General Order 2021-01. Waymo may supplement or correct its reporting with additional information as it may become available.", ,True,78702,AUSTIN,All Others,False,False,post_june16,Y, ,"5th Generation ADS, Version 10", ,Verified Engaged, , , , , , , ,Y, , , , , , , , , , , ,"No Subject Vehicle, No Crash Partner","No Subject Vehicle, No Crash Partner",Subject Vehicle - All Belted
30270-11850,1,Waymo LLC,Monthly,9.0,2025.0,OCT-2025,SADHW2S10R1,,,JAGUAR,I-PACE, ,2024.0, ,09ec4e314f6343e,,,,,,,,,,,,,,,,,,,,,,,ADS,Waymo LLC, , ,Y, , , , ,,,SEP-2025, ,,08:40, ,e7773de4d188cd2,[MAY CONTAIN PERSONALLY IDENTIFIABLE INFORMATION], ,[MAY CONTAIN PERSONALLY IDENTIFIABLE INFORMATION], ,[MAY CONTAIN PERSONALLY IDENTIFIABLE INFORMATION], ,Austin, ,TX,[MAY CONTAIN PERSONALLY IDENTIFIABLE INFORMATION], ,Intersection,,,,,,Y, , ,, , ,,,,SUV,Property Damage. No Injured Reported,,Proceeding Straight,,, , , , , , , , ,Y, , ,Proceeding Straight,,,,1.0, , , , , , , ,Y, , , , , , ,Y, ,Y, , , ,,, ,,,,,,,,Yes, ,"On September 24, 2025 at 8:40 AM CT a Waymo Autonomous Vehicle (""Waymo AV"") operating in Austin, Texas was in a collision involving an SUV on Burnet Road at Buell Avenue. 
The Waymo AV was traveling southbound in the left lane on Burnet Road when it came to a stop at a red light at the intersection at Buell Avenue. As the traffic light turned green and traffic ahead advanced, the Waymo AV initially proceeded forward and then began to slow before entering the intersection, after detecting a siren from an emergency vehicle. As the Waymo AV was slowing, an SUV approached the Waymo AV from behind and the front of the SUV made contact with the rear of the Waymo AV. At the time of the impact, the Waymo AV's Level 4 ADS was engaged in autonomous mode. Both vehicles sustained damage.

Waymo is reporting this crash under Request No. 2 of Standing General Order 2021-01. Waymo may supplement or correct its reporting with additional information as it may become available.", ,False,78757,AUSTIN,V2V F2R,False,False,post_june16,Y, ,"5th Generation ADS, Version 10", ,Verified Engaged, , , , , , , ,Y, , , , , , , , , , , ,"No Subject Vehicle, No Crash Partner","No Subject Vehicle, No Crash Partner",Subject Vehicle - No Passenger In Vehicle
30270-11792,1,Waymo LLC,5-Day,,,OCT-2025,SADHW2S1XR1,,,JAGUAR,I-PACE, ,2024.0, ,eb7924677ad1d9e,,,,,,,,,,,,,,,,,,,,,,,ADS,Waymo LLC, , ,Y, , , , ,,,SEP-2025, ,,08:01, ,7509c0f51e161bd,[MAY CONTAIN PERSONALLY IDENTIFIABLE INFORMATION], ,[MAY CONTAIN PERSONALLY IDENTIFIABLE INFORMATION], ,[MAY CONTAIN PERSONALLY IDENTIFIABLE INFORMATION], ,Atlanta, ,GA,[MAY CONTAIN PERSONALLY IDENTIFIABLE INFORMATION], ,Intersection,,,,,,Y, , ,, , ,,,,Pickup Truck,Property Damage. No Injured Reported,,Backing,,, , , ,Y, , , , , , , ,Proceeding Straight,,,,17.0, , , , , , , , ,Y, , , , , ,Y, ,Y, , , ,,Atlanta Police Department, ,,,,,,,,Yes, ,"On September 26, 2025 at 8:01 AM ET a Waymo Autonomous Vehicle (""Waymo AV"") operating in Atlanta, Georgia was in a collision involving a pickup truck on Ivan Allen Jr. Boulevard NW at Magnum Street NW. 
The Waymo AV was traveling westbound in the left lane on Ivan Allen Jr. Boulevard NW. A pickup truck that was traveling eastbound in the left turn lane on Ivan Allen Jr. Boulevard NW initiated a U-turn onto westbound Ivan Allen Jr. Boulevard NW at the intersection with Magnum Street NW. As the pickup truck was completing its U-turn, it stopped facing northwest in the right lane on Ivan Allen Jr. Boulevard NW, unable to complete the turn due to the north side sidewalk. As the Waymo AV continued through the intersection with Magnum Street NW and began to passed the pickup truck, the pickup truck began to reverse into the Waymo AV's lane of travel and the rear left side of the pickup truck made contact with the front right side of the Waymo AV. At the time of the impact, the Waymo AV's Level 4 ADS was engaged in autonomous mode. Both vehicles sustained damage.

Waymo is reporting this crash under Request No. 1 of Standing General Order 2021-01 because a vehicle involved was towed away. Waymo may supplement or correct its reporting with additional information as it may become available.", ,False,30318,ATLANTA,V2V Backing,True,False,post_june16,Y, ,"5th Generation ADS, Version 10", ,Verified Engaged, , , , , , , ,Y, , , , , , , , , , , ,"No Subject Vehicle, No Crash Partner","Yes Subject Vehicle, No Crash Partner",Subject Vehicle - All Belted
30270-11612,1,Waymo LLC,5-Day,,,SEP-2025,SADHW2S13R1,,,JAGUAR,I-PACE, ,2024.0, ,075e604001abb0b,,,,,,,,,,,,,,,,,,,,,,,ADS,Waymo LLC, , ,Y, , , , ,,,SEP-2025, ,,18:41, ,71db0433e9fe6dd,[MAY CONTAIN PERSONALLY IDENTIFIABLE INFORMATION], ,[MAY CONTAIN PERSONALLY IDENTIFIABLE INFORMATION], ,, ,Austin, ,TX,, ,Intersection,,,,,,Y, , ,, , ,,,,SUV,Property Damage. No Injured Reported,,Proceeding Straight,,, , , , , , , ,Y, , , ,Making Left Turn,,,,14.0, , ,Y, , , , , ,Y, , , , , ,Y, ,Y, , , ,,Austin Police Department, ,,,,,,,,Yes, ,"On September [XXX], 2025 at 6:41 PM CT a Waymo Autonomous Vehicle (""Waymo AV"") operating in Austin, Texas was in a collision involving an SUV on [XXX] at [XXX]. 
The Waymo AV was traveling northwestbound on [XXX] with its left turn signal activated in the second from the left lane, which is a designated left turn and through lane. An SUV was traveling northwestbound in the adjacent leftmost lane, which is a designated left turn-only lane. As the Waymo AV and the SUV entered the intersection at [XXX], the Waymo AV began to turn left and the SUV in the left turn-only lane continued to proceed forward without turning left. The right side of the SUV made contact with the left side of the Waymo AV. At the time of the impact, the Waymo AV's Level 4 ADS was engaged in autonomous mode. The Waymo AV sustained damage.
Waymo is reporting this crash under Request No. 1 of Standing General Order 2021-01 because a vehicle involved was towed away. Waymo may supplement or correct its reporting with additional information as it may become available.", ,False, ,AUSTIN,V2V Intersection,True,False,post_june16,Y, ,"5th Generation ADS, Version 10", ,Verified Engaged, , , , , , , ,Y, , , , , , , , , , , ,"No Subject Vehicle, No Crash Partner","Yes Subject Vehicle, No Crash Partner",Subject Vehicle - No Passenger In Vehicle
30270-11623,1,Waymo LLC,5-Day,,,SEP-2025,SADHW2S10R1,,,JAGUAR,I-PACE, ,2024.0, ,056bf0722360f10,,,,,,,,,,,,,,,,,,,,,,,ADS,Waymo LLC, , ,Y, , , , ,,,SEP-2025, ,,17:54, ,c9b668922c6913c,[MAY CONTAIN PERSONALLY IDENTIFIABLE INFORMATION], ,[MAY CONTAIN PERSONALLY IDENTIFIABLE INFORMATION], ,, ,Austin, ,TX,, ,Street,,,,,, , ,Y,, , ,,,,Pickup Truck,Property Damage. No Injured Reported,,Proceeding Straight,,, , , , , ,Y, , , , , ,Changing Lanes,,,,8.0, ,Y, , , , , , , , , , , , ,Y, ,Y, , , ,,, ,,,,,,,,Yes, ,"On September [XXX], 2025 at 5:54 PM CT a Waymo Autonomous Vehicle (""Waymo AV"") operating in Austin, Texas was in a collision involving a pickup truck on [XXX] near [XXX]. 
The Waymo AV was traveling northbound on [XXX] in the second from the right lane when it came to a stop to yield to a pickup truck that was stopped facing north in the rightmost lane and partially in the Waymo AV's lane of travel. The Waymo AV maneuvered to the left to go around the pickup truck and change lanes to the rightmost lane. As the Waymo AV was completing the lane change maneuver, the pickup truck proceeded forward, and the front left of the pickup truck made contact with the rear right side of the Waymo AV. At the time of the impact, the Waymo AV's Level 4 ADS was engaged in autonomous mode. Both vehicles sustained damage.
Waymo is reporting this crash under Request No. 1 of Standing General Order 2021-01 because a vehicle involved was towed away. Waymo may supplement or correct its reporting with additional information as it may become available.", ,True, ,AUSTIN,V2V Lateral,False,False,post_june16,Y, ,"5th Generation ADS, Version 10", ,Verified Engaged, , , , , , , , , ,Y, , , , , , , , , ,"No Subject Vehicle, No Crash Partner","Yes Subject Vehicle, No Crash Partner",Subject Vehicle - No Passenger In Vehicle
30270-11672,1,Waymo LLC,5-Day,,,SEP-2025,SADHW2S12R1,,,JAGUAR,I-PACE, ,2024.0, ,1ff69f13f6312e5,,,,,,,,,,,,,,,,,,,,,,,ADS,Waymo LLC, , ,Y, , , , ,,,SEP-2025, ,,00:09, ,e31618acd1737c2,[MAY CONTAIN PERSONALLY IDENTIFIABLE INFORMATION], ,[MAY CONTAIN PERSONALLY IDENTIFIABLE INFORMATION], ,, ,Atlanta, ,GA,, ,Street,,,,,,Y, , ,, , ,,,,"Other, see Narrative",Property Damage. No Injured Reported,,"Other, see Narrative",,, , , , , , , , , , ,Y,Proceeding Straight,,,,25.0, , , ,Y, , , , , , ,Y, , , ,Y, ,Y, , , ,,, ,,,,,,,,Yes, ,"On September [XXX], 2025 at 12:09 AM ET a Waymo Autonomous Vehicle (""Waymo AV"") operating in Atlanta, Georgia was in a collision involving a pothole on [XXX] near [XXX]. 
The Waymo AV was traveling southwestbound on [XXX] in the rightmost lane when the Waymo AV's right front tire made contact with a pothole. At the time of the impact, the Waymo AV's Level 4 ADS was engaged in autonomous mode. The Waymo AV sustained damage.
Waymo is reporting this crash under Request No. 1 of Standing General Order 2021-01 because a vehicle involved was towed away. Waymo may supplement or correct its reporting with additional information as it may become available.", ,False, ,ATLANTA,Single Vehicle,False,False,post_june16,Y, ,"5th Generation ADS, Version 10", ,Verified Engaged, , , , , , , , ,Y, , , , , , , , , , ,"No Subject Vehicle, No Crash Partner","No Subject Vehicle, No Crash Partner",Subject Vehicle - No Passenger In Vehicle
30270-11692,1,Waymo LLC,Monthly,9.0,2025.0,OCT-2025,SADHW2S19R1,,,JAGUAR,I-PACE, ,2024.0, ,6783f8800de6b51,,,,,,,,,,,,,,,,,,,,,,,ADS,Waymo LLC, , ,Y, , , , ,,,SEP-2025, ,,18:11, ,85bc53247dde956,[MAY CONTAIN PERSONALLY IDENTIFIABLE INFORMATION], ,[MAY CONTAIN PERSONALLY IDENTIFIABLE INFORMATION], ,[MAY CONTAIN PERSONALLY IDENTIFIABLE INFORMATION], ,Austin, ,TX,[MAY CONTAIN PERSONALLY IDENTIFIABLE INFORMATION], ,Street,,,,,,Y, , ,, , ,,,,Passenger Car,Property Damage. No Injured Reported,,Backing,,, , , , , , ,Y, , , , ,Backing,,,,3.0, , , , , , , , , ,Y, , , , ,Y, ,Y, , , ,,, ,,,,,,,,Yes, ,"On September 8, 2025 at 6:11 PM CT a Waymo Autonomous Vehicle (""Waymo AV"") operating in Austin, Texas was in a collision involving a passenger car on W. 5th Street near Baylor Street. 
The Waymo AV was traveling southeastbound in the leftmost lane on W. 5th Street when it slowed to a stop to yield to an SUV that was initially traveling in the leftmost lane but had stopped in-lane. The passenger car reversed, and then the Waymo AV reversed to yield to the passenger car. The passenger car continued to reverse and the rear of the passenger car made contact with the front of the Waymo AV. At the time of the impact, the Waymo AV's Level 4 ADS was engaged in autonomous mode. Both vehicles sustained damage.

Waymo is reporting this crash under Request No. 2 of Standing General Order 2021-01. Waymo may supplement or correct its reporting with additional information as it may become available.", ,False,78703,AUSTIN,V2V Backing,False,False,post_june16,Y, ,"5th Generation ADS, Version 10", ,Verified Engaged, , , , , , , ,Y, , , , , , , , , , , ,"No Subject Vehicle, No Crash Partner","No Subject Vehicle, No Crash Partner",Subject Vehicle - No Passenger In Vehicle
30270-11698,1,Waymo LLC,Monthly,9.0,2025.0,OCT-2025,SADHW2S11R1,,,JAGUAR,I-PACE, ,2024.0, ,687940d09c15ecf,,,,,,,,,,,,,,,,,,,,,,,ADS,Waymo LLC, , ,Y, , , , ,,,SEP-2025, ,,02:45, ,7cc1c63fa251fd7,[MAY CONTAIN PERSONALLY IDENTIFIABLE INFORMATION], ,[MAY CONTAIN PERSONALLY IDENTIFIABLE INFORMATION], ,[MAY CONTAIN PERSONALLY IDENTIFIABLE INFORMATION], ,Austin, ,TX,[MAY CONTAIN PERSONALLY IDENTIFIABLE INFORMATION], ,Street,,,,,,Y, , ,, , ,,,,Animal,Property Damage. No Injured Reported,,Entering Traffic,,,,,,,,,,,,,,Proceeding Straight,,,,16.0, , , ,Y, , , , , , , , , , ,Y, ,Y, , , ,,, ,,,,,,,,Yes, ,"On September 9, 2025 at 2:45 AM CT a Waymo Autonomous Vehicle (""Waymo AV"") operating in Austin, Texas was in a collision involving a domestic animal on Donahue Lane near Pepper Lane. 
The Waymo AV was traveling northwestbound on a narrow portion of Donahue Lane with vehicles parked at the curb in both directions when a domestic animal emerged from in front of a parked vehicle and entered the Waymo AV's lane of travel. The front right tire of the Waymo AV made contact with the domestic animal. At the time of the impact, the Waymo AV's Level 4 ADS was engaged in autonomous mode. The domestic animal sustained injuries.

Waymo is reporting this crash under Request No. 2 of Standing General Order 2021-01. Waymo may supplement or correct its reporting with additional information as it may become available.", ,True,78744,AUSTIN,All Others,False,False,post_june16,Y, ,"5th Generation ADS, Version 10", ,Verified Engaged, , , , , , , ,Y, , , , , , , , , , , ,"No Subject Vehicle, No Crash Partner","No Subject Vehicle, No Crash Partner",Subject Vehicle - No Passenger In Vehicle
30270-11713,1,Waymo LLC,5-Day,,,SEP-2025,SADHW2S1XR1,,,JAGUAR,I-PACE, ,2024.0, ,9eebe23c15459e8,,,,,,,,,,,,,,,,,,,,,,,ADS,Waymo LLC, , ,Y, , , , ,,,SEP-2025, ,,01:21, ,dc166aecd5b4265,[MAY CONTAIN PERSONALLY IDENTIFIABLE INFORMATION], ,[MAY CONTAIN PERSONALLY IDENTIFIABLE INFORMATION], ,[MAY CONTAIN PERSONALLY IDENTIFIABLE INFORMATION], ,Tempe, ,AZ,[MAY CONTAIN PERSONALLY IDENTIFIABLE INFORMATION], ,Street,,,,,,Y, , ,, , ,,,,Motorcycle,Fatality,,Proceeding Straight,,, , ,Y, , , , , ,Y, , ,Making Right Turn,,,,8.0, , , , ,Y, , , , , , , , , ,Y, ,Y, , , ,,Tempe Police Department, ,,,,,,,,Yes, ,"On September [XXX], 2025 at 1:21 AM PT a Waymo Autonomous Vehicle (""Waymo AV"") operating in Tempe, Arizona was in a collision involving a motorcycle on [XXX] at [XXX]. 
The Waymo AV was traveling north in the rightmost lane on [XXX] and began slowing with its right turn signal activated in preparation for a right turn into a parking lot at [XXX], yielding to a pedestrian crossing the driveway entrance to the parking lot on the right-hand sidewalk. While the Waymo AV was slowing with its right turn signal activated, a motorcycle in the rightmost lane approached the Waymo AV from behind and the front of the motorcycle made contact with the rear left corner of the Waymo AV. The impact with the Waymo AV resulted in the motorcyclist falling from the motorcycle and into the roadway to the left of the Waymo AV. Immediately afterwards, a passenger car in the second-from-the-rightmost lane passed the Waymo AV on the left and struck the motorcyclist in the roadway. The passenger car did not stop and left the scene. The motorcyclist was transported from the scene to a hospital, where they were declared deceased. At the time of impact, the Waymo AV's Level 4 ADS was engaged in autonomous mode, and the Waymo AV was not carrying passengers. Following contact with the motorcycle, the Waymo AV came to a complete stop and remained stopped until the vehicle was towed away several hours later. The Waymo AV and the motorcycle sustained damage. The extent of the damage to the passenger car that left the scene is unknown at this time.
Waymo is reporting this crash under Request No. 1 of Standing General Order 2021-01 because of a fatality. Waymo may supplement or correct its reporting with additional information as it may become available.", ,False,85281,PHOENIX,Motorcycle,True,True,post_june16,Y, ,"5th Generation ADS, Version 10", ,Verified Engaged, , , , , , , ,Y, , , , , , , , , , , ,"No Subject Vehicle, No Crash Partner","Yes Subject Vehicle, Unknown Crash Partner",Subject Vehicle - No Passenger In Vehicle
30270-11715,1,Waymo LLC,Monthly,9.0,2025.0,OCT-2025,SADHW2S17M1,,,JAGUAR,I-PACE, ,2021.0, ,2e36ef5640679ec,,,,,,,,,,,,,,,,,,,,,,,ADS,Waymo LLC, , ,Y, , , , ,,,SEP-2025, ,,11:08, ,c16a7bfefae2ea5,[MAY CONTAIN PERSONALLY IDENTIFIABLE INFORMATION], ,[MAY CONTAIN PERSONALLY IDENTIFIABLE INFORMATION], ,[MAY CONTAIN PERSONALLY IDENTIFIABLE INFORMATION], ,Phoenix, ,AZ,[MAY CONTAIN PERSONALLY IDENTIFIABLE INFORMATION], ,Parking Lot,,,,,,Y, , ,, , ,,,,Heavy Truck,Property Damage. No Injured Reported,,Backing,,, , , , , , ,Y, , , , ,Stopped,,,,0.0, , , , , , , , , ,Y, , , , ,Y, ,Y, , , ,,, ,,,,,,,,Yes, ,"On September 14, 2025 at 11:08 AM MT a Waymo Autonomous Vehicle (""Waymo AV"") operating in Phoenix, Arizona was in a collision involving a heavy truck in a parking lot at 291 E. Buckeye Road.
The Waymo AV was traveling northbound through a parking lot at 291 E. Buckeye Road when it made a left turn and slowed to a stop to yield to a heavy truck blocking the roadway. Another Waymo AV was attempting to maneuver around the stopped heavy truck and came to a stop to its left. While the other Waymo AV remained stopped, the heavy truck reversed and the rear of the heavy truck made contact with the front of the stationary Waymo AV. At the time of the impact, the Waymo AV's Level 4 ADS was engaged in autonomous mode. The Waymo AV sustained damage.

Waymo is reporting this crash under Request No. 2 of Standing General Order 2021-01. Waymo may supplement or correct its reporting with additional information as it may become available.", ,True,85004,PHOENIX,V2V Backing,False,False,post_june16,Y, ,"5th Generation ADS, Version 10", ,Verified Engaged, , , , , , , ,Y, , , , , , , , , , , ,"No Subject Vehicle, No Crash Partner","No Subject Vehicle, No Crash Partner",Subject Vehicle - No Passenger In Vehicle