Report ID,Report Version,Reporting Entity,Report Type,Report Month,Report Year,Report Submission Date,VIN,VIN - Unknown,Serial Number,Make,Model,Model - Unknown,Model Year,Model Year - Unknown,Same Vehicle ID,Mileage,Mileage - Unknown,Driver / Operator Type,ADAS/ADS System Version,ADAS/ADS System Version - Unk,ADAS/ADS System Version CBI,ADAS/ADS Hardware Version,ADAS/ADS Hardware Version - Unk,ADAS/ADS Hardware Version CBI,ADAS/ADS Software Version,ADAS/ADS Software Version - Unk,ADAS/ADS Software Version CBI,Other Reporting Entities?,Other Reporting Entities? - Unk,Other Reporting Entities? - NA,Federal Regulatory Exemption?,Other Federal Reg. Exemption,Federal Reg. Exemption - Unk,Federal Reg. Exemption - No,State or Local Permit?,State or Local Permit,ADS Equipped?,Automation System Engaged?,Operating Entity,Operating Entity - Unknown,Source - Complaint/Claim,Source - Telematics,Source - Law Enforcement,Source - Field Report,Source - Testing,Source - Media,Source - Other,Source - Other Text,Incident Date,Incident Date - Unknown,Notice Received Date,Incident Time (24:00),Incident Time - Unknown,Same Incident ID,Latitude,Latitude - Unknown,Longitude,Longitude - Unknown,Address,Address - Unknown,City,City - Unknown,State,Zip Code,Zip Code - Unknown,Roadway Type,Roadway Surface,Roadway Description,Posted Speed Limit (MPH),Posted Speed Limit - Unknown,Lighting,Weather - Clear,Weather - Snow,Weather - Cloudy,Weather - Fog/Smoke,Weather - Rain,Weather - Severe Wind,Weather - Unknown,Weather - Other,Weather - Other Text,Crash With,Highest Injury Severity Alleged,Property Damage?,CP Pre-Crash Movement,CP Any Air Bags Deployed?,CP Was Vehicle Towed?,CP Contact Area - Rear Left,CP Contact Area - Left,CP Contact Area - Front Left,CP Contact Area - Rear,CP Contact Area - Top,CP Contact Area - Front,CP Contact Area - Rear Right,CP Contact Area - Right,CP Contact Area - Front Right,CP Contact Area - Bottom,CP Contact Area - Unknown,SV Pre-Crash Movement,SV Any Air Bags Deployed?,SV Was Vehicle Towed?,SV Were All Passengers Belted?,SV Precrash Speed (MPH),SV Pre-crash Speed - Unknown,SV Contact Area - Rear Left,SV Contact Area - Left,SV Contact Area - Front Left,SV Contact Area - Rear,SV Contact Area - Top,SV Contact Area - Front,SV Contact Area - Rear Right,SV Contact Area - Right,SV Contact Area - Front Right,SV Contact Area - Bottom,SV Contact Area - Unknown,Data Availability - EDR,Data Availability - Police Rpt,Data Availability - Telematics,Data Availability - Complaints,Data Availability - Video,Data Availability - Other,Data Availability - No Data,Data Availability - Unknown,Law Enforcement Investigating?,Investigating Agency,Investigating Agency - Unknown,Rep Ent Or Mfr Investigating?,Investigating Officer Name,Inv. Officer Name - Unknown,Investigating Officer Phone,Inv. Officer Phone - Unknown,Investigating Officer Email,Inv. Officer Email - Unknown,Within ODD?,Within ODD? - CBI,Narrative,Narrative - CBI?,hub_delta_v_less_than_1mph,hub_zip_code,hub_location,hub_crash_type,hub_is_police_reported,hub_is_any_injury_reported,data_period,VIN Decoded,Make - Unknown,Automation Feature Version,Automation Feature Version CBI,Engagement Status,Source - Internal Process Review,Source - NHTSA VOQ,Source - Other - See Narrative,Source - Other Entity,Source - State or Other Agency,Roadway-Degraded Surface,Roadway-Missing/Degraded Marking,Roadway-No Unusual Conditions,Roadway-Other-See Narrative,Roadway-Traffic Incident,Roadway-Unknown,Roadway-Wet Surface Condition,Roadway-Work Zone,Weather - Partly Cloudy,Weather - Fog/Smoke/Haze,Weather - Dust Storm,Weather - Severe Hurricane,Weather - Structure-Indoor,Weather - Unk - See Narrative,Any Air Bags Deployed?,Was Any Vehicle Towed?,Were All Passengers Belted?
30270-10690,1,Waymo LLC,Monthly,4.0,2025.0,MAY-2025,SADHW2S14R1, ,,Jaguar,I-PACE, ,2024.0, ,09106b9119c28ba,7213.0, ,,5th Generation ADS, , ,5th Generation, , ,Version 9, , ,, ,Y,,, ,Y,Yes (specify below),"CA DMV, CA PUC",Yes,ADS,Waymo LLC, , ,Y, , , , , ,,APR-2025, ,APR-2025,14:30, ,44aa78f82f08885,[MAY CONTAIN PERSONALLY IDENTIFIABLE INFORMATION], ,[MAY CONTAIN PERSONALLY IDENTIFIABLE INFORMATION], ,[MAY CONTAIN PERSONALLY IDENTIFIABLE INFORMATION], ,Los Angeles, ,CA ,[MAY CONTAIN PERSONALLY IDENTIFIABLE INFORMATION], ,Intersection,Dry,No Unusual Conditions,35.0, ,Daylight,Y, , , , , , , ,,Pickup Truck,Minor,Yes,"Other, see Narrative",No,No, , , ,Y, , , , , , , ,Stopped,No,No,Yes,0.0, , , , , , ,Y, , , , , , , ,Y, ,Y,Y, , ,Yes,Los Angeles Police Department, ,Yes,[MAY CONTAIN PERSONALLY IDENTIFIABLE INFORMATION], ,,Y,,Y,Yes, ,"On April [XXX], 2025 at 2:30 PM PT a Waymo Autonomous Vehicle (""Waymo AV"") operating in Los Angeles, California was in a collision involving a pickup truck on [XXX] at [XXX]. 
The Waymo AV was traveling eastbound in the rightmost lane on [XXX] and came to a stop for a red light at the intersection with [XXX]. A passenger car that was towing a pickup truck directly in front of the Waymo AV stopped in the intersection and the pickup truck came loose from the passenger car. As the pickup truck rolled backwards in the Waymo AV's lane of travel, the Waymo AV reversed slightly and then came to a stop to yield to another passenger car directly behind the Waymo AV, and the rear of the pickup truck made contact with the front of the stationary Waymo AV. At the time of the impact, the Waymo AV's Level 4 ADS was engaged in autonomous mode. Both vehicles sustained damage.
Waymo is reporting this crash under Request No. 2 of Standing General Order 2021-01. Waymo may supplement or correct its reporting with additional information as it may become available.", ,False,90004,LOS_ANGELES,V2V Backing,True,True,prior_june16,,,,,,,,,,,,,,,,,,,,,,,,,,,
30270-10713,1,Waymo LLC,Monthly,4.0,2025.0,MAY-2025,SADHW2S18R1, ,,Jaguar,I-Pace, ,2024.0, ,a80825dd01400ad,21587.0, ,,5th Generation ADS, , ,5th Generation, , ,Version 9, , ,, ,Y,,, ,Y,Yes (specify below),"CA DMV, CA PUC",Yes,ADS,Waymo LLC, , ,Y, , , , , ,,APR-2025, ,APR-2025,00:36, ,da37ed084b7182d,[MAY CONTAIN PERSONALLY IDENTIFIABLE INFORMATION], ,[MAY CONTAIN PERSONALLY IDENTIFIABLE INFORMATION], ,[MAY CONTAIN PERSONALLY IDENTIFIABLE INFORMATION], ,Los Angeles, ,CA ,[MAY CONTAIN PERSONALLY IDENTIFIABLE INFORMATION], ,Street,Dry,No Unusual Conditions,25.0, ,Dark - Lighted,Y, , , , , , , ,,SUV,No Injuries Reported,Yes,Backing,No,No, , , ,Y, , , , , , , ,Parked,No,No,"No, see Narrative",0.0, , , , , , , , ,Y, , , , , ,Y, ,Y,Y, , ,No,, ,Yes,, ,, ,, ,Yes, ,"On April [XXX], 2025 at 12:36 AM PT a Waymo Autonomous Vehicle (""Waymo AV"") operating in Los Angeles, California was in a collision involving an SUV on [XXX] near [XXX]. 
The Waymo AV was parked in-lane facing south on [XXX] for a passenger drop-off.  A passenger opened the rear passenger side door and was exiting the Waymo AV when an SUV reversed out of a driveway and the rear of the SUV made contact with the open rear passenger side door of the Waymo AV. At the time of the impact, the Waymo AV's Level 4 ADS was engaged in autonomous mode. Both vehicles sustained damage. The passenger in the Waymo AV was not belted at the time of the collision as they were preparing to exit the Waymo AV.
Waymo is reporting this crash under Request No. 2 of Standing General Order 2021-01. Waymo may supplement or correct its reporting with additional information as it may become available.", ,False,90004,LOS_ANGELES,V2V Backing,False,False,prior_june16,,,,,,,,,,,,,,,,,,,,,,,,,,,
30270-10714,1,Waymo LLC,Monthly,4.0,2025.0,MAY-2025,SADHW2S1XR1, ,,Jaguar,I-Pace, ,2024.0, ,aca840db6563bbb,4676.0, ,,5th Generation ADS, , ,5th Generation, , ,Version 9, , ,, ,Y,,, ,Y,Yes (specify below),"CA DMV, CA PUC",Yes,ADS,Waymo LLC, , ,Y, , , , , ,,APR-2025, ,APR-2025,16:14, ,5bfa8081ac63312,[MAY CONTAIN PERSONALLY IDENTIFIABLE INFORMATION], ,[MAY CONTAIN PERSONALLY IDENTIFIABLE INFORMATION], ,[MAY CONTAIN PERSONALLY IDENTIFIABLE INFORMATION], ,San Francisco, ,CA ,[MAY CONTAIN PERSONALLY IDENTIFIABLE INFORMATION], ,Street,Dry,No Unusual Conditions,25.0, ,Daylight,Y, , , , , , , ,,Passenger Car,No Injuries Reported,Yes,Parking Maneuver,No,No, , ,Y, , , , , , , , ,Passing,No,No,Yes,4.0, , , ,Y, , , , , , , , , , ,Y, ,Y,Y, , ,Yes,San Francisco Police Department, ,Yes,[MAY CONTAIN PERSONALLY IDENTIFIABLE INFORMATION], ,[MAY CONTAIN PERSONALLY IDENTIFIABLE INFORMATION], ,,Y,Yes, ,"On April [XXX], 2025 at 4:14 PM PT a Waymo Autonomous Vehicle (""Waymo AV"") operating in San Francisco, California was in a collision involving a passenger car on [XXX] near [XXX]. 
The Waymo AV was traveling eastbound on a narrow portion of [XXX] when it came to a stop yielding to a passenger car that was stopped with hazard lights on in-lane facing east on [XXX]. As the Waymo AV maneuvered partially into the opposing lane to pass to the left of  the stopped passenger car, another passenger car facing west on [XXX] that was attempting to parallel park reversed and the front driver side of the passenger car made contact with the front driver side of the Waymo AV. At the time of the impact, the Waymo AV's Level 4 ADS was engaged in autonomous mode. Both vehicles sustained damage.
Waymo is reporting this crash under Request No. 2 of Standing General Order 2021-01. Waymo may supplement or correct its reporting with additional information as it may become available.", ,True,94113,SAN_FRANCISCO,V2V Backing,True,False,prior_june16,,,,,,,,,,,,,,,,,,,,,,,,,,,
30270-10715,1,Waymo LLC,Monthly,4.0,2025.0,MAY-2025,SADHW2S12R1, ,,Jaguar,I-Pace, ,2024.0, ,f07aedd654e601f,64095.0, ,,5th Generation ADS, , ,5th Generation, , ,Version 9, , ,, ,Y,,, ,Y,Yes (specify below),"CA DMV, CA PUC",Yes,ADS,Waymo LLC, , ,Y, , , , , ,,APR-2025, ,APR-2025,16:39, ,c0ab826dd6f7a39,[MAY CONTAIN PERSONALLY IDENTIFIABLE INFORMATION], ,[MAY CONTAIN PERSONALLY IDENTIFIABLE INFORMATION], ,[MAY CONTAIN PERSONALLY IDENTIFIABLE INFORMATION], ,Los Angeles, ,CA ,[MAY CONTAIN PERSONALLY IDENTIFIABLE INFORMATION], ,Street,Dry,No Unusual Conditions,25.0, ,Daylight,Y, , , , , , , ,,Passenger Car,No Injuries Reported,Yes,Proceeding Straight,No,No, , , , , ,Y, , , , , ,Proceeding Straight,No,No,Yes,1.0, , , , ,Y, , , , , , , , , ,Y, ,Y,Y, , ,No,, ,Yes,, ,, ,, ,Yes, ,"On April [XXX], 2025 at 4:39 PM PT a Waymo Autonomous Vehicle (""Waymo AV"") operating in Los Angeles, California was in a collision involving a passenger car on [XXX] near [XXX]. 
The Waymo AV was traveling southwestbound on [XXX], slowing for a queue of traffic ahead. A passenger car traveling southwestbound on [XXX] approached the Waymo AV from behind and the front of the passenger car made contact with the rear of the Waymo AV. At the time of the impact, the Waymo AV's Level 4 ADS was engaged in autonomous mode. Both vehicles sustained damage.
Waymo is reporting this crash under Request No. 2 of Standing General Order 2021-01. Waymo may supplement or correct its reporting with additional information as it may become available.", ,False,90013,LOS_ANGELES,V2V F2R,False,False,prior_june16,,,,,,,,,,,,,,,,,,,,,,,,,,,
30270-10717,1,Waymo LLC,Monthly,4.0,2025.0,MAY-2025,SADHW2S17M1, ,,Jaguar,I-Pace, ,2021.0, ,652e9973dc88545,163111.0, ,,5th Generation ADS, , ,5th Generation, , ,Version 9, , ,, ,Y,,, ,Y,Yes (specify below),"CA DMV, CA PUC",Yes,ADS,Waymo LLC, , ,Y, , , , , ,,APR-2025, ,APR-2025,21:44, ,3d1197234733445,[MAY CONTAIN PERSONALLY IDENTIFIABLE INFORMATION], ,[MAY CONTAIN PERSONALLY IDENTIFIABLE INFORMATION], ,[MAY CONTAIN PERSONALLY IDENTIFIABLE INFORMATION], ,San Francisco, ,CA ,[MAY CONTAIN PERSONALLY IDENTIFIABLE INFORMATION], ,Intersection,Dry,No Unusual Conditions,25.0, ,Dark - Lighted,Y, , , , , , , ,,Passenger Car,No Injuries Reported,Yes,Making Left Turn,No,No, , , , , , , , ,Y, , ,Making Left Turn,No,No,Yes,9.0, , ,Y, , , , , , , , , , , ,Y, ,Y,Y, , ,No,, ,Yes,, ,, ,, ,Yes, ,"On April [XXX], 2025 at 9:44 PM PT a Waymo Autonomous Vehicle (""Waymo AV"") operating in San Francisco, California was in a collision involving a passenger car on [XXX] at [XXX]. 
The Waymo AV was traveling northeastbound on [XXX] in the rightmost dedicated left turn lane and made an unprotected left turn onto [XXX]. As the Waymo AV completed the left turn onto [XXX], a passenger car turning left in the leftmost dedicated left turn lane directly next to the Waymo AV crossed into the lane of the Waymo AV and the front passenger side of the passenger car made contact with the driver side of the Waymo AV. At the time of the impact, the Waymo AV's Level 4 ADS was engaged in autonomous mode. Both vehicles sustained damage.
Waymo is reporting this crash under Request No. 2 of Standing General Order 2021-01. Waymo may supplement or correct its reporting with additional information as it may become available.", ,False,94107,SAN_FRANCISCO,V2V Lateral,False,False,prior_june16,,,,,,,,,,,,,,,,,,,,,,,,,,,
30270-10419,1,Waymo LLC,5-Day,,,APR-2025,SADHW2S15R1, ,,Jaguar,I-PACE, ,2024.0, ,acbc4e0db69cef8,35283.0, ,,5th Generation ADS, , ,5th Generation, , ,Version 9, , ,, ,Y,,, ,Y,Yes (specify below),"CA DMV, CA PUC",Yes,ADS,Waymo LLC, , ,Y, , , , , ,,APR-2025, ,APR-2025,18:55, ,301c535041d56a9,[MAY CONTAIN PERSONALLY IDENTIFIABLE INFORMATION], ,[MAY CONTAIN PERSONALLY IDENTIFIABLE INFORMATION], ,[MAY CONTAIN PERSONALLY IDENTIFIABLE INFORMATION], ,San Francisco, ,CA ,[MAY CONTAIN PERSONALLY IDENTIFIABLE INFORMATION], ,Street,Dry,No Unusual Conditions,25.0, ,Daylight,Y, , , , , , , ,,Passenger Car,No Injuries Reported,Yes,Proceeding Straight,No,No, , , , , , , , ,Y, , ,Parked,No,Yes,No Passengers in Vehicle,0.0, ,Y, , , , , , , , , , , , ,Y, ,Y,Y, , ,Yes,San Francisco Police Department, ,Yes,[MAY CONTAIN PERSONALLY IDENTIFIABLE INFORMATION], ,[MAY CONTAIN PERSONALLY IDENTIFIABLE INFORMATION], ,,Y,Yes, ,"On April [XXX], 2025 at 6:55 PM PT a Waymo Autonomous Vehicle (""Waymo AV"") operating in San Francisco, California was in a collision involving a passenger car on [XXX] near [XXX]. 
The Waymo AV was stopped facing east on [XXX] partially in the rightmost vehicle lane with hazard lights activated for a passenger pick-up. A passenger car traveling eastbound on [XXX] approached the Waymo AV from behind, and the front passenger side of the passenger car made contact with the rear driver side of the Waymo AV. At the time of the impact, the Waymo AV's Level 4 ADS was engaged in autonomous mode. Both vehicles sustained damage.
Waymo is reporting this crash under Request No. 1 of Standing General Order 2021-01 because a vehicle involved was towed away. Waymo may supplement or correct its reporting with additional information as it may become available.", ,True,94123,SAN_FRANCISCO,V2V F2R,True,False,prior_june16,,,,,,,,,,,,,,,,,,,,,,,,,,,
30270-10678,1,Waymo LLC,Monthly,4.0,2025.0,MAY-2025,SADHW2S18R1, ,,Jaguar,I-Pace, ,2024.0, ,006ffe23c5da72b,15441.0, ,,5th Generation ADS, , ,5th Generation, , ,Version 9, , ,, ,Y,,, ,Y,Yes (specify below),"CA DMV, CA PUC",Yes,ADS,Waymo LLC, , ,Y, , , , , ,,APR-2025, ,APR-2025,09:04, ,2b08326e556afc7,[MAY CONTAIN PERSONALLY IDENTIFIABLE INFORMATION], ,[MAY CONTAIN PERSONALLY IDENTIFIABLE INFORMATION], ,[MAY CONTAIN PERSONALLY IDENTIFIABLE INFORMATION], ,San Francisco, ,CA ,[MAY CONTAIN PERSONALLY IDENTIFIABLE INFORMATION], ,Street,Dry,No Unusual Conditions,25.0, ,Daylight,Y, , , , , , , ,,SUV,No Injuries Reported,Yes,Proceeding Straight,No,No, , , , , , , ,Y, , , ,Stopped,No,No,"No, see Narrative",0.0, ,Y, , , , , , , , , , , , ,Y, ,Y,Y, , ,No,, ,Yes,, ,, ,, ,Yes, ,"On April [XXX], 2025 at 6:10 PM PT a Waymo Autonomous Vehicle (""Waymo AV"") operating in San Francisco, California was in a collision involving an SUV on [XXX] near [XXX]. 
The Waymo AV was stopped facing east in a passenger loading zone at the right curb on [XXX] with its left signal light activated to merge into traffic. An SUV traveling eastbound on [XXX] in a passenger loading zone, began to unpark. While maneuvering around the Waymo AV and into the lane of travel, the passenger side of the SUV made contact with the rear driver side of the stationary Waymo AV. The passenger, who was seated in the rear of the Waymo AV, was not belted at the time of the collision as they were preparing to exit the Waymo AV. At the time of the impact, the Waymo AV's Level 4 ADS was engaged in autonomous mode. The SUV sustained damage.
Waymo is reporting this crash under Request No. 2 of Standing General Order 2021-01. Waymo may supplement or correct its reporting with additional information as it may become available.", ,True,94105,SAN_FRANCISCO,V2V Lateral,False,False,prior_june16,,,,,,,,,,,,,,,,,,,,,,,,,,,
30270-10497,1,Waymo LLC,5-Day,,,APR-2025,SADHW2S12M1, ,,Jaguar,I-Pace, ,2021.0, ,b6ab54ad1accaba,132178.0, ,,5th Generation ADS, , ,5th Generation, , ,Version 9, , ,, ,Y,,, ,Y,Yes (specify below),"CA DMV, CA PUC",Yes,ADS,Waymo LLC, , ,Y, , , , , ,,APR-2025, ,APR-2025,11:17, ,36299db7911dfd0,[MAY CONTAIN PERSONALLY IDENTIFIABLE INFORMATION], ,[MAY CONTAIN PERSONALLY IDENTIFIABLE INFORMATION], ,[MAY CONTAIN PERSONALLY IDENTIFIABLE INFORMATION], ,San Francisco, ,CA ,[MAY CONTAIN PERSONALLY IDENTIFIABLE INFORMATION], ,Street,Dry,No Unusual Conditions,25.0, ,Daylight, , ,Y, , , , , ,,Other Fixed Object,No Injuries Reported,Yes,,,, , , , , , , , , , , ,Proceeding Straight,No,Yes,Yes,15.0, , , , , , , , , , ,Y, , , ,Y, ,Y,Y, , ,No,, ,Yes,, ,, ,, ,Yes, ,"On April [XXX], 2025 at 11:17 AM PT a Waymo Autonomous Vehicle (""Waymo AV"") operating in San Francisco, California was in a collision involving a curb on [XXX] near [XXX]. 
The Waymo AV was traveling eastbound on [XXX] in the left lane when the passenger side front tire made contact with the curb of the [XXX], [XXX] and [XXX] causing the tire to deflate. At the time of the impact, the Waymo AV's Level 4 ADS was engaged in autonomous mode. The Waymo AV sustained damage.
Waymo is reporting this crash under Request No. 1 of Standing General Order 2021-01 because a vehicle involved was towed away. Waymo may supplement or correct its reporting with additional information as it may become available.", ,False,94112,SAN_FRANCISCO,Single Vehicle,False,False,prior_june16,,,,,,,,,,,,,,,,,,,,,,,,,,,
30270-10528,1,Waymo LLC,5-Day,,,APR-2025,SADHW2S18R1, ,,Jaguar,I-Pace, ,2024.0, ,e46f47b5aae4a42,40381.0, ,,5th Generation ADS, , ,5th Generation, , ,Version 9, , ,, ,Y,,, ,Y,Yes (specify below),"CA DMV, CA PUC",Yes,ADS,Waymo LLC, , ,Y, , , , , ,,APR-2025, ,APR-2025,11:29, ,bd1ce4d304e6e1c,[MAY CONTAIN PERSONALLY IDENTIFIABLE INFORMATION], ,[MAY CONTAIN PERSONALLY IDENTIFIABLE INFORMATION], ,[MAY CONTAIN PERSONALLY IDENTIFIABLE INFORMATION], ,San Francisco, ,CA ,[MAY CONTAIN PERSONALLY IDENTIFIABLE INFORMATION], ,Street,Dry,No Unusual Conditions,30.0, ,Daylight,Y, , , , , , , ,,SUV,No Injuries Reported,Yes,Proceeding Straight,No,No, , , , , , , ,Y, , , ,"Other, see Narrative",No,Yes,"No, see Narrative",0.0, , ,Y, , , , , , , , , , , ,Y, ,Y,Y, , ,No,, ,Yes,, ,, ,, ,Yes, ,"On April [XXX], 2025 at 11:29 AM PT a Waymo Autonomous Vehicle (""Waymo AV"") operating in San Francisco, California was in a collision involving an SUV on [XXX] near [XXX]. 
The Waymo AV was parked in the designated parking area along the northwest side of [XXX]. While the Waymo AV remained parked, a rider in the Waymo AV opened the rear driver side door as an SUV was approaching from the rear in the lane to the left side of the Waymo AV. The passenger side of the SUV made contact with the Waymo AV's opened rear driver side door. Four of the five passengers in the Waymo AV were not belted at the time of impact as they were preparing to exit the Waymo AV. At the time of the impact, the Waymo AV's Level 4 ADS was engaged in autonomous mode. Both vehicles sustained damage.
Waymo is reporting this crash under Request No. 1 of Standing General Order 2021-01 because a vehicle involved was towed away. Waymo may supplement or correct its reporting with additional information as it may become available.", ,False,94111,SAN_FRANCISCO,All Others,False,False,prior_june16,,,,,,,,,,,,,,,,,,,,,,,,,,,
30270-10638,2,Waymo LLC,10-Day Update,,,MAY-2025,SADHW2S14R1, ,,Jaguar,I-Pace, ,2024.0, ,4428f871e71092a,55892.0, ,,5th Generation ADS, , ,5th Generation, , ,Version 9, , ,, ,Y,,, ,Y,Yes (specify below),"CA DMV, CA PUC",Yes,ADS,Waymo LLC, , ,Y, , , , , ,,APR-2025, ,MAY-2025,14:48, ,1e50d4eb4d0bbd7,[MAY CONTAIN PERSONALLY IDENTIFIABLE INFORMATION], ,[MAY CONTAIN PERSONALLY IDENTIFIABLE INFORMATION], ,[MAY CONTAIN PERSONALLY IDENTIFIABLE INFORMATION], ,San Francisco, ,CA ,[MAY CONTAIN PERSONALLY IDENTIFIABLE INFORMATION], ,Street,Dry,No Unusual Conditions,25.0, ,Daylight,Y, , , , , , , ,,Motorcycle,No Injuries Reported,Yes,Passing,No,No, , , , , , , ,Y, , , ,Stopped,No,No,Yes,0.0, ,Y, , , , , , , , , , , , ,Y, ,Y,Y, , ,No,, ,Yes,, ,, ,, ,Yes, ,"The content of this report is unchanged from the initial report submitted on May 2, 2025 [REDACTED, MAY CONTAIN CONFIDENTIAL BUSINESS INFORMATION]. 
On April [XXX], 2025 at 2:48 PM PT a Waymo Autonomous Vehicle (""Waymo AV"") operating in San Francisco, California was in a collision involving a motorcycle on [XXX] at [XXX]. 
The Waymo AV was stopped facing southwest in the third to the right lane on [XXX] in a queue of traffic for a red light at the intersection with [XXX]. A motorcycle traveling southwest on [XXX] proceeded to pass the Waymo AV on the left, maneuvering between the Waymo AV and a vehicle in the adjacent lane. As the motorcycle passed the Waymo AV, the motorcycle made contact with the driver side of the Waymo AV. At the time of the impact, the Waymo AV's Level 4 ADS was engaged in autonomous mode. The Waymo AV sustained damage.
Waymo is reporting this crash under Request No. 1 of Standing General Order 2021-01 because a vulnerable road user was involved. Waymo identified damage to the Waymo AV on April 30, 2025, and identified that the damage was caused by contact from a vulnerable road user on May 1, 2025. Waymo may supplement or correct its reporting with additional information as it may become available.", ,False,94107,SAN_FRANCISCO,Motorcycle,False,False,prior_june16,,,,,,,,,,,,,,,,,,,,,,,,,,,
30270-10630,1,Waymo LLC,Monthly,4.0,2025.0,MAY-2025,SADHW2S18R1, ,,Jaguar,I-PACE, ,2024.0, ,d532e82c07faf0b,37536.0, ,,5th Generation ADS, , ,5th Generation, , ,Version 9, , ,, ,Y,,, ,Y,Yes (specify below),"CA DMV, CA PUC",Yes,ADS,Waymo LLC, , ,Y, , , , , ,,APR-2025, ,APR-2025,09:10, ,8932666da33677f,[MAY CONTAIN PERSONALLY IDENTIFIABLE INFORMATION], ,[MAY CONTAIN PERSONALLY IDENTIFIABLE INFORMATION], ,[MAY CONTAIN PERSONALLY IDENTIFIABLE INFORMATION], ,San Francisco, ,CA ,[MAY CONTAIN PERSONALLY IDENTIFIABLE INFORMATION], ,Street,Dry,No Unusual Conditions,25.0, ,Daylight, , ,Y, , , , , ,,Passenger Car,No Injuries Reported,Yes,Making Left Turn,No,No, ,Y, , , , , , , , , ,Proceeding Straight,No,No,Yes,0.0, ,Y, , , , , , , , , , , , ,Y, ,Y,Y, , ,Yes,San Francisco Police Department, ,Yes,[MAY CONTAIN PERSONALLY IDENTIFIABLE INFORMATION], ,,Y,,Y,Yes, ,"On April [XXX], 2025 at 9:10 AM PT a Waymo Autonomous Vehicle (""Waymo AV"") operating in San Francisco, California was in a collision involving a passenger car on [XXX] at [XXX]. 
The Waymo AV was traveling northbound on [XXX] and came to a stop, allowing for a passenger car to exit a parking lot  on the east side of the roadway. As the passenger car turned left onto [XXX] and attempted to pass the Waymo AV, the driver side of the passenger car made contact with the rear driver side of the stationary Waymo AV. At the time of the impact, the Waymo AV's Level 4 ADS was engaged in autonomous mode. The passenger car sustained damage.
Waymo is reporting this crash under Request No. 2 of Standing General Order 2021-01. Waymo may supplement or correct its reporting with additional information as it may become available.", ,False,94112,SAN_FRANCISCO,V2V Head-on,True,False,prior_june16,,,,,,,,,,,,,,,,,,,,,,,,,,,
30270-10615,1,Waymo LLC,Monthly,4.0,2025.0,MAY-2025,SADHW2S19R1, ,,Jaguar,I-PACE, ,2024.0, ,7ee7c4e46749510,7764.0, ,,5th Generation ADS, , ,5th Generation, , ,Version 9, , ,, ,Y,,, ,Y,Yes (specify below),"CA DMV, CA PUC",Yes,ADS,Waymo LLC, , ,Y, , , , , ,,APR-2025, ,APR-2025,01:57, ,3250f12d8808f2a,[MAY CONTAIN PERSONALLY IDENTIFIABLE INFORMATION], ,[MAY CONTAIN PERSONALLY IDENTIFIABLE INFORMATION], ,[MAY CONTAIN PERSONALLY IDENTIFIABLE INFORMATION], ,Venice, ,CA ,[MAY CONTAIN PERSONALLY IDENTIFIABLE INFORMATION], ,Parking Lot,Dry,No Unusual Conditions,15.0, ,Dark - Lighted,Y, , , , , , , ,,Passenger Car,No Injuries Reported,Yes,Backing,No,No, , , , , , ,Y, , , , ,Parked,No,No,No Passengers in Vehicle,0.0, , , , , , , , , ,Y, , , , ,Y, ,Y,Y, , ,Yes,Los Angeles Police Department, ,Yes,,Y,,Y,,Y,Yes, ,"On April [XXX], 2025 at 1:57 AM PT a Waymo Autonomous Vehicle (""Waymo AV"") operating in Venice, California was in a collision involving a passenger car in a parking lot at [XXX].
The Waymo AV was parked with its hazard lights activated for a passenger pick-up facing southwest in a parking lot at [XXX]. A passenger car parked in a parking stall in front and to the right of the Waymo AV reversed out of the parking stall, and the rear passenger side of the passenger car made contact with the front passenger side of the Waymo AV. At the time of the impact, the Waymo AV's Level 4 ADS was engaged in autonomous mode. The Waymo AV sustained damage.
Waymo is reporting this crash under Request No. 2 of Standing General Order 2021-01. Waymo may supplement or correct its reporting with additional information as it may become available.", ,True,90291,LOS_ANGELES,V2V Backing,True,False,prior_june16,,,,,,,,,,,,,,,,,,,,,,,,,,,
30270-10613,1,Waymo LLC,Monthly,4.0,2025.0,MAY-2025,SADHW2S17M1, ,,Jaguar,I-PACE, ,2021.0, ,e99629229709aa3,142922.0, ,,5th Generation ADS, , ,5th Generation, , ,Version 9, , ,, ,Y,,, ,Y,Yes (specify below),"CA DMV, CA PUC",Yes,ADS,Waymo LLC, , ,Y, , , , , ,,APR-2025, ,APR-2025,07:44, ,de693def5440138,[MAY CONTAIN PERSONALLY IDENTIFIABLE INFORMATION], ,[MAY CONTAIN PERSONALLY IDENTIFIABLE INFORMATION], ,[MAY CONTAIN PERSONALLY IDENTIFIABLE INFORMATION], ,San Francisco, ,CA ,[MAY CONTAIN PERSONALLY IDENTIFIABLE INFORMATION], ,Street,Dry,No Unusual Conditions,25.0, ,Daylight, , ,Y, , , , , ,,Heavy Truck,No Injuries Reported,Yes,Proceeding Straight,No,No, ,Y, , , , , , , , , ,Stopped,No,No,No Passengers in Vehicle,0.0, ,Y, , , , , , , , , , , , ,Y,Y,Y, , , ,No,, ,Yes,, ,, ,, ,Yes, ,"On April [XXX], 2025 at 7:44 AM PT a Waymo Autonomous Vehicle (""Waymo AV"") operating in San Francisco, California was in a collision involving a heavy truck on [XXX] near [XXX]. 
The Waymo AV was stopped facing southeast on [XXX], yielding to a heavy truck traveling northwest in a narrow roadway with parked vehicles on both sides of the street. As the heavy truck passed the stopped Waymo AV, the driver side of the heavy truck cab made contact with the rear driver side of the Waymo AV. At the time of the impact, the Waymo AV's Level 4 ADS was engaged in autonomous mode. The Waymo AV sustained damage.
Waymo is reporting this crash under Request No. 2 of Standing General Order 2021-01. Waymo may supplement or correct its reporting with additional information as it may become available.", ,True,94107,SAN_FRANCISCO,V2V Head-on,False,False,prior_june16,,,,,,,,,,,,,,,,,,,,,,,,,,,