Report ID,Report Version,Reporting Entity,Report Type,Report Month,Report Year,Report Submission Date,VIN,VIN - Unknown,Serial Number,Make,Model,Model - Unknown,Model Year,Model Year - Unknown,Same Vehicle ID,Mileage,Mileage - Unknown,Driver / Operator Type,ADAS/ADS System Version,ADAS/ADS System Version - Unk,ADAS/ADS System Version CBI,ADAS/ADS Hardware Version,ADAS/ADS Hardware Version - Unk,ADAS/ADS Hardware Version CBI,ADAS/ADS Software Version,ADAS/ADS Software Version - Unk,ADAS/ADS Software Version CBI,Other Reporting Entities?,Other Reporting Entities? - Unk,Other Reporting Entities? - NA,Federal Regulatory Exemption?,Other Federal Reg. Exemption,Federal Reg. Exemption - Unk,Federal Reg. Exemption - No,State or Local Permit?,State or Local Permit,ADS Equipped?,Automation System Engaged?,Operating Entity,Operating Entity - Unknown,Source - Complaint/Claim,Source - Telematics,Source - Law Enforcement,Source - Field Report,Source - Testing,Source - Media,Source - Other,Source - Other Text,Incident Date,Incident Date - Unknown,Notice Received Date,Incident Time (24:00),Incident Time - Unknown,Same Incident ID,Latitude,Latitude - Unknown,Longitude,Longitude - Unknown,Address,Address - Unknown,City,City - Unknown,State,Zip Code,Zip Code - Unknown,Roadway Type,Roadway Surface,Roadway Description,Posted Speed Limit (MPH),Posted Speed Limit - Unknown,Lighting,Weather - Clear,Weather - Snow,Weather - Cloudy,Weather - Fog/Smoke,Weather - Rain,Weather - Severe Wind,Weather - Unknown,Weather - Other,Weather - Other Text,Crash With,Highest Injury Severity Alleged,Property Damage?,CP Pre-Crash Movement,CP Any Air Bags Deployed?,CP Was Vehicle Towed?,CP Contact Area - Rear Left,CP Contact Area - Left,CP Contact Area - Front Left,CP Contact Area - Rear,CP Contact Area - Top,CP Contact Area - Front,CP Contact Area - Rear Right,CP Contact Area - Right,CP Contact Area - Front Right,CP Contact Area - Bottom,CP Contact Area - Unknown,SV Pre-Crash Movement,SV Any Air Bags Deployed?,SV Was Vehicle Towed?,SV Were All Passengers Belted?,SV Precrash Speed (MPH),SV Pre-crash Speed - Unknown,SV Contact Area - Rear Left,SV Contact Area - Left,SV Contact Area - Front Left,SV Contact Area - Rear,SV Contact Area - Top,SV Contact Area - Front,SV Contact Area - Rear Right,SV Contact Area - Right,SV Contact Area - Front Right,SV Contact Area - Bottom,SV Contact Area - Unknown,Data Availability - EDR,Data Availability - Police Rpt,Data Availability - Telematics,Data Availability - Complaints,Data Availability - Video,Data Availability - Other,Data Availability - No Data,Data Availability - Unknown,Law Enforcement Investigating?,Investigating Agency,Investigating Agency - Unknown,Rep Ent Or Mfr Investigating?,Investigating Officer Name,Inv. Officer Name - Unknown,Investigating Officer Phone,Inv. Officer Phone - Unknown,Investigating Officer Email,Inv. Officer Email - Unknown,Within ODD?,Within ODD? - CBI,Narrative,Narrative - CBI?,hub_delta_v_less_than_1mph,hub_zip_code,hub_location,hub_crash_type,hub_is_police_reported,hub_is_any_injury_reported,data_period,VIN Decoded,Make - Unknown,Automation Feature Version,Automation Feature Version CBI,Engagement Status,Source - Internal Process Review,Source - NHTSA VOQ,Source - Other - See Narrative,Source - Other Entity,Source - State or Other Agency,Roadway-Degraded Surface,Roadway-Missing/Degraded Marking,Roadway-No Unusual Conditions,Roadway-Other-See Narrative,Roadway-Traffic Incident,Roadway-Unknown,Roadway-Wet Surface Condition,Roadway-Work Zone,Weather - Partly Cloudy,Weather - Fog/Smoke/Haze,Weather - Dust Storm,Weather - Severe Hurricane,Weather - Structure-Indoor,Weather - Unk - See Narrative,Any Air Bags Deployed?,Was Any Vehicle Towed?,Were All Passengers Belted?
30270-11548,1,Waymo LLC,Monthly,8.0,2025.0,SEP-2025,SADHW2S17R1,,,JAGUAR,I-PACE, ,2024.0, ,88c94121ad1d443,,,,,,,,,,,,,,,,,,,,,,,ADS,Waymo LLC, , ,Y, , , , ,,,AUG-2025, ,,12:04, ,01fcea472941290,[MAY CONTAIN PERSONALLY IDENTIFIABLE INFORMATION], ,[MAY CONTAIN PERSONALLY IDENTIFIABLE INFORMATION], ,, ,Inglewood, ,CA,, ,Street,,,,,,Y, , ,, , ,,,,Other Fixed Object,Property Damage. No Injured Reported,,,,,,,,,,,,,,,,Passing,,,,2.0, , , , , , , , ,Y, , , , , ,Y, ,Y, , , ,,, ,,,,,,,,Yes, ,"On August [XXX], 2025 at 12:04 PM PT a Waymo Autonomous Vehicle (""Waymo AV"") operating in Inglewood, California was in a collision involving vegetation in an alley behind [XXX]. 
The Waymo AV was traveling westbound in an alley behind [XXX] and proceeding to pass to the right of a passenger car that was parked facing east. As the Waymo AV was maneuvering around the passenger car, the right of the Waymo AV made contact with vegetation growing on the north wall of the alley and extending into the roadway. At the time of the impact, the Waymo AV's Level 4 ADS was engaged in autonomous mode. The Waymo AV sustained damage.
Waymo is reporting this crash under Request No. 2 of Standing General Order 2021-01. Waymo may supplement or correct its reporting with additional information as it may become available.", ,True, ,LOS_ANGELES,Single Vehicle,False,False,post_june16,Y, ,"5th Generation ADS, Version 10", ,Verified Engaged, , , , , , , ,Y, , , , , , , , , , , ,"No Subject Vehicle, No Crash Partner","No Subject Vehicle, No Crash Partner",Subject Vehicle - No Passenger In Vehicle
30270-11433,1,Waymo LLC,5-Day,,,AUG-2025,SADHW2S11R1,,,JAGUAR,I-PACE, ,2024.0, ,40eadc5af7b8d6a,,,,,,,,,,,,,,,,,,,,,,,ADS,Waymo LLC, , ,Y, , , , ,,,AUG-2025, ,,02:48, ,966cc9f416e8092,[MAY CONTAIN PERSONALLY IDENTIFIABLE INFORMATION], ,[MAY CONTAIN PERSONALLY IDENTIFIABLE INFORMATION], ,, ,San Francisco, ,CA,, ,Intersection,,,,,,Y, , ,, , ,,,,Heavy Truck,Minor W/ Hospitalization,,Making Left Turn,,, ,Y, , , , , , , , , ,Stopped,,,,0.0, , , , ,Y, , , , , , , , , ,Y, ,Y, , , ,,San Francisco Police Department, ,,,,,,,,Yes, ,"On August [XXX], 2025 at 2:48 AM PT a Waymo Autonomous Vehicle (""Waymo AV"") operating in San Francisco, California was in a collision involving a heavy truck on [XXX] at [XXX].
The Waymo AV was traveling southbound on a narrow portion of [XXX] with vehicles parked at the curb in both directions when it approached a heavy truck that was traveling northbound on [XXX]. The Waymo AV reversed to yield to the heavy truck and came to a stop at the curb at the intersection with [XXX]. The heavy truck proceeded forward past the Waymo AV and began a left turn onto westbound [XXX] and the left side of the heavy truck made contact with the rear left of the Waymo AV. At the time of the impact, the Waymo AV's Level 4 ADS was engaged in autonomous mode. The Waymo AV sustained damage. The passenger in the Waymo AV alleged a minor injury and was transported to a hospital in an ambulance.
Waymo is reporting this crash under Request No. 1 of Standing General Order 2021-01 because an individual involved was transported from the scene to a hospital for medical treatment and a vehicle involved was towed away. Waymo may supplement or correct its reporting with additional information as it may become available.", ,False, ,SAN_FRANCISCO,V2V Intersection,True,True,post_june16,Y, ,5th Generation ADS, ,Verified Engaged, , , , , , , ,Y, , , , , , , , , , , ,"No Subject Vehicle, No Crash Partner","Yes Subject Vehicle, No Crash Partner",Subject Vehicle - All Belted
30270-11450,1,Waymo LLC,5-Day,,,AUG-2025,SADHW2S17R1,,,JAGUAR,I-PACE, ,2024.0, ,f4f776649f9d71e,,,,,,,,,,,,,,,,,,,,,,,ADS,Waymo LLC, , ,Y, , , , ,,,AUG-2025, ,,06:06, ,95004cd5904030e,[MAY CONTAIN PERSONALLY IDENTIFIABLE INFORMATION], ,[MAY CONTAIN PERSONALLY IDENTIFIABLE INFORMATION], ,, ,San Francisco, ,CA,, ,Street,,,,,, , ,Y,, , ,,,,SUV,Moderate W/O Hospitalization,,Traveling Wrong Way,,, ,Y, , , ,Y, , , , , ,Parked,,,,0.0, , ,Y, , , ,Y, , , , , , , ,Y, ,Y, , , ,,San Francisco Police Department, ,,,,,,,,Yes, ,"On August [XXX], 2025 at 6:06 AM PT a Waymo Autonomous Vehicle (""Waymo AV"") operating in San Francisco, California was in a collision involving an SUV on [XXX] near [XXX]. 
The Waymo AV was parked at the curb facing south on [XXX] when an SUV traveling northbound on [XXX] crossed into the southbound lane of traffic. The SUV continued towards the Waymo AV at a high rate of speed, and the front left of the SUV made contact with the front left of the stationary Waymo AV. The SUV then continued to proceed northbound in the southbound lane of [XXX], coming to a stop after making contact with a sign post at the intersection with [XXX]. At the time of the impact, the Waymo AV's Level 4 ADS was engaged in autonomous mode. Both vehicles sustained damage and the driver of the passenger car was transported to a hospital for medical treatment.
Waymo is reporting this crash under Request No. 1 of Standing General Order 2021-01 because an individual involved was transported from the scene to a hospital for medical treatment, vehicles involved were towed away, and because of airbag deployment. Waymo may supplement or correct its reporting with additional information as it may become available.", ,False, ,SAN_FRANCISCO,V2V Head-on,False,False,post_june16,Y, ,"5th Generation ADS, Version 10", ,Verified Engaged, , , , , , , ,Y, , , , , , , , , , , ,"Yes Subject Vehicle, Yes Crash Partner","Yes Subject Vehicle, Yes Crash Partner",Subject Vehicle - No Passenger In Vehicle
30270-11550,1,Waymo LLC,Monthly,8.0,2025.0,SEP-2025,SADHW2S19M1,,,JAGUAR,I-PACE, ,2021.0, ,d486f6b56e17cbc,,,In-Vehicle and Remote (Commercial / Test),,,,,,,,,,,,,,,,,,,,ADS,Waymo LLC, , ,Y, , , , ,,,AUG-2025, ,,10:33, ,0a13e468fe82e15,[MAY CONTAIN PERSONALLY IDENTIFIABLE INFORMATION], ,[MAY CONTAIN PERSONALLY IDENTIFIABLE INFORMATION], ,, ,San Francisco, ,CA,, ,Street,,,,,,Y, , ,, , ,,,,Passenger Car,Property Damage. No Injured Reported,,Backing,,, , , , , , ,Y, , , , ,Stopped,,,,0.0, , , , , , , , , ,Y, , , , ,Y, ,Y, , , ,,, ,,,,,,,,Yes, ,"On August [XXX], 2025 at 10:33 AM PT a Waymo Autonomous Vehicle (""Waymo AV"") operating in San Francisco, California was in a collision involving a passenger car on [XXX] near [XXX]. 
The Waymo AV was traveling southwestbound on [XXX] when it slowed to a stop to yield to a passenger car stopped in-lane. While the Waymo AV was stopped, the passenger car reversed and the rear of the passenger car made contact with the front of the Waymo AV. At the time of the impact, the Waymo AV's Level 4 ADS was engaged in autonomous mode, and a test driver was present (in the driver's seating position). Both vehicles sustained damage.
Waymo is reporting this crash under Request No. 2 of Standing General Order 2021-01. Waymo may supplement or correct its reporting with additional information as it may become available.", ,,,,,,,post_june16,Y, ,"5th Generation ADS, Version 10", ,Verified Engaged, , , , , , , ,Y, , , , , , , , , , , ,"No Subject Vehicle, No Crash Partner","No Subject Vehicle, No Crash Partner",Subject Vehicle - All Belted
30270-11469,1,Waymo LLC,5-Day,,,AUG-2025,SADHW2S15R1,,,JAGUAR,I-PACE, ,2024.0, ,605f7e26bb1b5e5,,,,,,,,,,,,,,,,,,,,,,,ADS,Waymo LLC, , ,Y, , , , ,,,AUG-2025, ,,09:06, ,e50c2bf2e2ca222,[MAY CONTAIN PERSONALLY IDENTIFIABLE INFORMATION], ,[MAY CONTAIN PERSONALLY IDENTIFIABLE INFORMATION], ,, ,San Francisco, ,CA,, ,Intersection,,,,,,Y, , ,, , ,,,,Bus,Property Damage. No Injured Reported,,Stopped,,, ,Y, , , , , , , , , ,Making Left Turn,,,,0.0, , , , ,Y, , , , , , , , , ,Y, ,Y, , , ,,, ,,,,,,,,Yes, ,"On August [XXX], 2025 at 9:06 AM PT a Waymo Autonomous Vehicle (""Waymo AV"") operating in San Francisco, California was in a collision involving a coach bus on [XXX] at [XXX]. 
The Waymo AV was traveling southbound on [XXX] through the intersection at [XXX] when it came to a stop for a queue of traffic yielding to a coach bus that was traveling northbound on [XXX]. Once traffic ahead advanced, the Waymo AV proceeded forward momentarily and came to a stop to yield to the coach bus. The coach bus stopped at the intersection at [XXX], preparing to make a left turn. The Waymo AV reversed and came to a stop within the intersection to yield to the coach bus. While the coach bus was still stopped, the Waymo AV proceeded forward and stopped to the front left of the coach bus. While the Waymo AV was stopped, the coach bus proceeded to turn left, and the left of the coach bus made contact with the rear left of the stationary Waymo AV. At the time of the impact, the Waymo AV's Level 4 ADS was engaged in autonomous mode. Both vehicles sustained damage. The passenger in the Waymo AV was not belted at the time of the collision.
Waymo is reporting this crash under Request No. 1 of Standing General Order 2021-01 because a vehicle involved was towed away. Waymo may supplement or correct its reporting with additional information as it may become available.", ,False, ,SAN_FRANCISCO,V2V Intersection,False,False,post_june16,Y, ,"5th Generation ADS, Version 10", ,Verified Engaged, , , , , , , ,Y, , , , , , , , , , , ,"No Subject Vehicle, No Crash Partner","Yes Subject Vehicle, No Crash Partner",Subject Vehicle - Not Belted - see Narrative
30270-11474,1,Waymo LLC,5-Day,,,AUG-2025,SADHW2S13R1,,,JAGUAR,I-PACE, ,2024.0, ,b0bffaff0b2b514,,,,,,,,,,,,,,,,,,,,,,,ADS,Waymo LLC, , ,Y, , , , ,,,AUG-2025, ,,08:36, ,44a3e9735d95629,[MAY CONTAIN PERSONALLY IDENTIFIABLE INFORMATION], ,[MAY CONTAIN PERSONALLY IDENTIFIABLE INFORMATION], ,, ,West Hollywood, ,CA,, ,Intersection,,,,,,Y, , ,, , ,,,,SUV,Property Damage. No Injured Reported,,Proceeding Straight,,, , , , , ,Y, , , , , ,Stopped,,,,0.0, ,Y, , , , , , , , , , , , ,Y, ,Y, , , ,,LASD, ,,,,,,,,Yes, ,"On August [XXX], 2025 at 8:36 AM PT a Waymo Autonomous Vehicle (""Waymo AV"") operating in West Hollywood, California was in a collision involving an SUV on [XXX] at [XXX]. 
The Waymo AV was traveling southbound on [XXX] in the right lane and slowed to a stop for a red light at the intersection with [XXX]. An SUV approached the Waymo AV from behind, and the front left side of the SUV made contact with the rear right side of the stationary Waymo AV. At the time of the impact, the Waymo AV's Level 4 ADS was engaged in autonomous mode. Both vehicles sustained damage.
Waymo is reporting this crash under Request No. 1 of Standing General Order 2021-01 because a vehicle involved was towed away. Waymo may supplement or correct its reporting with additional information as it may become available.", ,False, ,LOS_ANGELES,V2V F2R,True,False,post_june16,Y, ,"5th Generation ADS, Version 10", ,Verified Engaged, , , , , , , ,Y, , , , , , , , , , , ,"No Subject Vehicle, No Crash Partner","Yes Subject Vehicle, No Crash Partner",Subject Vehicle - All Belted
30270-11475,1,Waymo LLC,5-Day,,,AUG-2025,SADHW2S12R1,,,JAGUAR,I-PACE, ,2024.0, ,f66e77e52939f05,,,,,,,,,,,,,,,,,,,,,,,ADS,Waymo LLC, , ,Y, , , , ,,,AUG-2025, ,,03:49, ,95250f9715252ce,[MAY CONTAIN PERSONALLY IDENTIFIABLE INFORMATION], ,[MAY CONTAIN PERSONALLY IDENTIFIABLE INFORMATION], ,, ,Los Angeles, ,CA,, ,Intersection,,,,,,Y, , ,, , ,,,,Van,Minor W/O Hospitalization,,Proceeding Straight,,, , , , , , , , ,Y, , ,Stopped,,,,0.0, , , , , , , ,Y, , , , , , ,Y, ,Y, , , ,,, ,,,,,,,,Yes, ,"On August [XXX], 2025 at 3:49 AM PT a Waymo Autonomous Vehicle (""Waymo AV"") operating in Los Angeles, California was in a collision involving a minivan on [XXX] at [XXX]. 
The Waymo AV was traveling eastbound in the third to the right lane on [XXX] when it came to a stop for a red light at the intersection at [XXX]. While the Waymo AV remained stopped, a minivan approached the Waymo AV from behind and the front of the minivan made contact with the rear of the Waymo AV. At the time of the impact, the Waymo AV's Level 4 ADS was engaged in autonomous mode. Both vehicles sustained damage. The passenger in the Waymo AV alleged minor injuries. 
Waymo is reporting this crash under Request No. 1 of Standing General Order 2021-01 because a vehicle involved was towed away. Waymo may supplement or correct its reporting with additional information as it may become available.", ,False, ,LOS_ANGELES,V2V F2R,True,True,post_june16,Y, ,"5th Generation ADS, Version 10", ,Verified Engaged, , , , , , , ,Y, , , , , , , , , , , ,"No Subject Vehicle, No Crash Partner","Yes Subject Vehicle, No Crash Partner",Subject Vehicle - All Belted
30270-11476,1,Waymo LLC,5-Day,,,AUG-2025,SADHW2S1XR1,,,JAGUAR,I-PACE, ,2024.0, ,f1a941b14721f78,,,,,,,,,,,,,,,,,,,,,,,ADS,Waymo LLC, , ,Y, , , , ,,,AUG-2025, ,,22:23, ,866839b247a16d6,[MAY CONTAIN PERSONALLY IDENTIFIABLE INFORMATION], ,[MAY CONTAIN PERSONALLY IDENTIFIABLE INFORMATION], ,, ,Los Angeles, ,CA,, ,Street,,,,,,Y, , ,, , ,,,,Passenger Car,Minor W/O Hospitalization,,Passing,,, , ,Y, , , , , , , , ,Proceeding Straight,,,,24.0, , , , ,Y, , , , , , , , , ,Y, ,Y, , , ,,, ,,,,,,,,Yes, ,"On August [XXX], 2025 at 10:23 PM PT a Waymo Autonomous Vehicle (""Waymo AV"") operating in Los Angeles, California was in a collision involving a passenger car on [XXX] near [XXX]. 
The Waymo AV was traveling southbound on [XXX] when a passenger car approached the Waymo AV from behind and the front right side of the passenger car made contact with the rear left side of the Waymo AV. The passenger car continued southbound to pass the Waymo AV and then swerved right, coming to a stop when the passenger car hit a sign post on the west curb of [XXX]. At the time of the impact, the Waymo AV's Level 4 ADS was engaged in autonomous mode. Both vehicles sustained damage. The two passengers in the Waymo AV alleged minor injuries.
Waymo is reporting this crash under Request No. 1 of Standing General Order 2021-01 a vehicle involved was towed away. Waymo may supplement or correct its reporting with additional information as it may become available.", ,False, ,LOS_ANGELES,V2V F2R,False,True,post_june16,Y, ,"5th Generation ADS, Version 10", ,Verified Engaged, , , , , , , ,Y, , , , , , , , , , , ,"No Subject Vehicle, No Crash Partner","Yes Subject Vehicle, No Crash Partner",Subject Vehicle - All Belted
30270-11488,2,Waymo LLC,Update,,,SEP-2025,SADHW2S11R1,,,JAGUAR,I-PACE, ,2024.0, ,9bb28c83869f0d5,,,,,,,,,,,,,,,,,,,,,,,ADS,Waymo LLC, , ,Y, , , , ,,,AUG-2025, ,,16:54, ,88bcb808d90373f,[MAY CONTAIN PERSONALLY IDENTIFIABLE INFORMATION], ,[MAY CONTAIN PERSONALLY IDENTIFIABLE INFORMATION], ,, ,San Francisco, ,CA,, ,Street,,,,,,Y, , ,, , ,,,,Passenger Car,Minor W/O Hospitalization,,Proceeding Straight,,, , , , , , , , ,Y, , ,Stopped,,,,0.0, , , , , , , ,Y, , , , , , ,Y, ,Y, , , ,,, ,,,,,,,,Yes, ,"Other than an update to the highest severity injury alleged field to reflect a minor injury (which is also reflected in the narrative below), the content of this report is unchanged from the initial report submitted on August 12, 2025 [REDACTED, MAY CONTAIN CONFIDENTIAL BUSINESS INFORMATION].
On August [XXX], 2025 at 4:54 PM PT a Waymo Autonomous Vehicle (""Waymo AV"") operating in San Francisco, California was in a collision involving a passenger car on [XXX] at [XXX]. 
The Waymo AV was stopped in the rightmost lane facing northeast on [XXX] in a queue of traffic at the intersection with [XXX] at a location where the rightmost lane and leftmost lane are separated by a raised transit boarding island. As the queue of traffic advanced, the Waymo AV began moving forward. A scooterist traveling northeastbound in the rightmost lane proceeded to pass to the right of the Waymo AV followed closely by a cyclist, and the Waymo AV shifted left towards the raised boarding island and slowed to a stop to yield to the scooterist and cyclist. A passenger car traveling behind the Waymo AV approached the Waymo AV from behind and the front of the passenger car made contact with the rear of the stationary Waymo AV. At the time of the impact, the Waymo AV's Level 4 ADS was engaged in autonomous mode. Both vehicles sustained damage. The passenger of the Waymo AV later alleged a minor injury.
Waymo is reporting this crash under Request No. 1 of Standing General Order 2021-01 because a vehicle involved was towed away. Waymo may supplement or correct its reporting with additional information as it may become available.", ,False, ,SAN_FRANCISCO,V2V F2R,False,True,post_june16,Y, ,"5th Generation ADS, Version 10", ,Verified Engaged, , , , , , , ,Y, , , , , , , , , , , ,"No Subject Vehicle, No Crash Partner","Yes Subject Vehicle, No Crash Partner",Subject Vehicle - All Belted
30270-11490,1,Waymo LLC,5-Day,,,AUG-2025,SADHW2S13M1,,,JAGUAR,I-PACE, ,2021.0, ,69f9ac55561d6ff,,,,,,,,,,,,,,,,,,,,,,,ADS,Waymo LLC, , ,Y, , , , ,,,AUG-2025, ,,11:43, ,f954a67865eecaa,[MAY CONTAIN PERSONALLY IDENTIFIABLE INFORMATION], ,[MAY CONTAIN PERSONALLY IDENTIFIABLE INFORMATION], ,, ,San Francisco, ,CA,, ,Street,,,,,,Y, , ,, , ,,,,Passenger Car,Property Damage. No Injured Reported,,Proceeding Straight,,, , ,Y, , , , , , , , ,Parked,,,,0.0, , , , ,Y, , , , , , , , , ,Y, ,Y, , , ,,, ,,,,,,,,Yes, ,"On August [XXX], 2025 at 11:43 AM PT a Waymo Autonomous Vehicle (""Waymo AV"") operating in San Francisco, California was in a collision involving a passenger car on [XXX] near [XXX]. 
The Waymo AV was parked in the right lane facing north on [XXX] for a passenger drop-off with hazard lights activated and the trunk open. After the passengers exited the Waymo AV, a passenger car that was stopped directly behind the parked Waymo AV began to change lanes to the left lane. As the passenger car crossed the lane line, the front right side of a pickup truck that was traveling northbound in the second to the right lane made contact with the left side of the passenger car, causing the front right side of the passenger car to then make contact with the rear left side of the stationary Waymo AV. At the time of the impact, the Waymo AV's Level 4 ADS was engaged in autonomous mode. The Waymo AV, passenger car, and pickup truck sustained damage.
Waymo is reporting this crash under Request No. 1 of Standing General Order 2021-01 because a vehicle involved was towed away. Waymo may supplement or correct its reporting with additional information as it may become available.", ,True, ,SAN_FRANCISCO,V2V F2R,False,False,post_june16,Y, ,"5th Generation ADS, Version 10", ,Verified Engaged, , , , , , , ,Y, , , , , , , , , , , ,"No Subject Vehicle, No Crash Partner","Yes Subject Vehicle, No Crash Partner",Subject Vehicle - No Passenger In Vehicle
30270-11495,1,Waymo LLC,5-Day,,,AUG-2025,SADHW2S15R1,,,JAGUAR,I-PACE, ,2024.0, ,5f8c7c157411267,,,,,,,,,,,,,,,,,,,,,,,ADS,Waymo LLC, , ,Y, , , , ,,,AUG-2025, ,,00:04, ,d977b50f4d37e80,[MAY CONTAIN PERSONALLY IDENTIFIABLE INFORMATION], ,[MAY CONTAIN PERSONALLY IDENTIFIABLE INFORMATION], ,, ,Los Angeles, ,CA,, ,Street,,,,,,Y, , ,, , ,,,,Bus,Property Damage. No Injured Reported,,Proceeding Straight,,, , , , , , , ,Y, , , ,Parked,,,,0.0, , , , ,Y, , , , , , , , , ,Y, ,Y, , , ,,, ,,,,,,,,Yes, ,"On August [XXX], 2025 at 12:04 AM PT a Waymo Autonomous Vehicle (""Waymo AV"") operating in Los Angeles, California was in a collision involving a city bus on [XXX] near [XXX]. 
The Waymo AV was parked at the curb facing south on [XXX] for a passenger drop-off with hazard lights activated. A bus was traveling southbound on [XXX] in the left adjacent lane. As the bus approached the parked Waymo AV, a Waymo AV passenger opened the rear left door and the right side of the bus made contact with the open left rear door of the Waymo AV. At the time of the impact, the Waymo AV's Level 4 ADS was engaged in autonomous mode. The Waymo AV sustained damage. A passenger in the Waymo AV was not belted at the time of the collision as they were preparing to exit the Waymo AV.
Waymo is reporting this crash under Request No. 1 of Standing General Order 2021-01 because a vehicle involved was towed away. Waymo may supplement or correct its reporting with additional information as it may become available.", ,True, ,LOS_ANGELES,V2V Lateral,False,False,post_june16,Y, ,"5th Generation ADS, Version 10", ,Verified Engaged, , , , , , , ,Y, , , , , , , , , , , ,"No Subject Vehicle, No Crash Partner","Yes Subject Vehicle, No Crash Partner",Subject Vehicle - Not Belted - see Narrative
30270-11496,1,Waymo LLC,Monthly,8.0,2025.0,SEP-2025,SADHW2S18R1,,,JAGUAR,I-PACE, ,2024.0, ,ee788936a3a0791,,,,,,,,,,,,,,,,,,,,,,,ADS,Waymo LLC, , ,Y, , , , ,,,AUG-2025, ,,13:50, ,e5ece9ed52c6255,[MAY CONTAIN PERSONALLY IDENTIFIABLE INFORMATION], ,[MAY CONTAIN PERSONALLY IDENTIFIABLE INFORMATION], ,, ,San Francisco, ,CA,, ,Street,,,,,,Y, , ,, , ,,,,Motorcycle,Minor W/O Hospitalization,,"Other, see Narrative",,, , , , , , , , ,Y, , ,Stopped,,,,0.0, , , , , , , , ,Y, , , , , ,Y, ,Y, , , ,,SFPD, ,,,,,,,,Yes, ,"On August [XXX], 2025 at 1:50 PM PT a Waymo Autonomous Vehicle (""Waymo AV"") operating in San Francisco, California was in a collision involving a motorcycle on [XXX] at [XXX]. 
The Waymo AV was traveling southbound in the left lane on [XXX] when it slowed to a stop for a queue of traffic for a red light at the intersection with [XXX]. A motorcycle traveling southbound in the left lane on [XXX] began passing the Waymo AV on the right side, maneuvering between the Waymo AV and a passenger car stopped in the right lane. As the motorcycle passed between the Waymo AV and the stationary passenger car, a passenger in the passenger car opened the rear left side door and the motorcycle made contact with the open rear left side door of the passenger car. As the motorcycle fell to the left, the motorcycle made contact with the right side of the stationary Waymo AV. At the time of the impact, the Waymo AV's Level 4 ADS was engaged in autonomous mode. The Waymo AV and the passenger car sustained damage. The motorcyclist alleged a minor injury.
Waymo is reporting this crash under Request No. 2. Waymo may supplement or correct its reporting with additional information as it may become available.", ,False, ,SAN_FRANCISCO,Motorcycle,True,True,post_june16,Y, ,"5th Generation ADS, Version 10", ,Verified Engaged, , , , , , , ,Y, , , , , , , , , , , ,"No Subject Vehicle, No Crash Partner","No Subject Vehicle, No Crash Partner",Subject Vehicle - All Belted