Report ID,Report Version,Reporting Entity,Report Type,Report Month,Report Year,Report Submission Date,VIN,VIN - Unknown,Serial Number,Make,Model,Model - Unknown,Model Year,Model Year - Unknown,Same Vehicle ID,Mileage,Mileage - Unknown,Driver / Operator Type,ADAS/ADS System Version,ADAS/ADS System Version - Unk,ADAS/ADS System Version CBI,ADAS/ADS Hardware Version,ADAS/ADS Hardware Version - Unk,ADAS/ADS Hardware Version CBI,ADAS/ADS Software Version,ADAS/ADS Software Version - Unk,ADAS/ADS Software Version CBI,Other Reporting Entities?,Other Reporting Entities? - Unk,Other Reporting Entities? - NA,Federal Regulatory Exemption?,Other Federal Reg. Exemption,Federal Reg. Exemption - Unk,Federal Reg. Exemption - No,State or Local Permit?,State or Local Permit,ADS Equipped?,Automation System Engaged?,Operating Entity,Operating Entity - Unknown,Source - Complaint/Claim,Source - Telematics,Source - Law Enforcement,Source - Field Report,Source - Testing,Source - Media,Source - Other,Source - Other Text,Incident Date,Incident Date - Unknown,Notice Received Date,Incident Time (24:00),Incident Time - Unknown,Same Incident ID,Latitude,Latitude - Unknown,Longitude,Longitude - Unknown,Address,Address - Unknown,City,City - Unknown,State,Zip Code,Zip Code - Unknown,Roadway Type,Roadway Surface,Roadway Description,Posted Speed Limit (MPH),Posted Speed Limit - Unknown,Lighting,Weather - Clear,Weather - Snow,Weather - Cloudy,Weather - Fog/Smoke,Weather - Rain,Weather - Severe Wind,Weather - Unknown,Weather - Other,Weather - Other Text,Crash With,Highest Injury Severity Alleged,Property Damage?,CP Pre-Crash Movement,CP Any Air Bags Deployed?,CP Was Vehicle Towed?,CP Contact Area - Rear Left,CP Contact Area - Left,CP Contact Area - Front Left,CP Contact Area - Rear,CP Contact Area - Top,CP Contact Area - Front,CP Contact Area - Rear Right,CP Contact Area - Right,CP Contact Area - Front Right,CP Contact Area - Bottom,CP Contact Area - Unknown,SV Pre-Crash Movement,SV Any Air Bags Deployed?,SV Was Vehicle Towed?,SV Were All Passengers Belted?,SV Precrash Speed (MPH),SV Pre-crash Speed - Unknown,SV Contact Area - Rear Left,SV Contact Area - Left,SV Contact Area - Front Left,SV Contact Area - Rear,SV Contact Area - Top,SV Contact Area - Front,SV Contact Area - Rear Right,SV Contact Area - Right,SV Contact Area - Front Right,SV Contact Area - Bottom,SV Contact Area - Unknown,Data Availability - EDR,Data Availability - Police Rpt,Data Availability - Telematics,Data Availability - Complaints,Data Availability - Video,Data Availability - Other,Data Availability - No Data,Data Availability - Unknown,Law Enforcement Investigating?,Investigating Agency,Investigating Agency - Unknown,Rep Ent Or Mfr Investigating?,Investigating Officer Name,Inv. Officer Name - Unknown,Investigating Officer Phone,Inv. Officer Phone - Unknown,Investigating Officer Email,Inv. Officer Email - Unknown,Within ODD?,Within ODD? - CBI,Narrative,Narrative - CBI?,hub_delta_v_less_than_1mph,hub_zip_code,hub_location,hub_crash_type,hub_is_police_reported,hub_is_any_injury_reported,data_period,VIN Decoded,Make - Unknown,Automation Feature Version,Automation Feature Version CBI,Engagement Status,Source - Internal Process Review,Source - NHTSA VOQ,Source - Other - See Narrative,Source - Other Entity,Source - State or Other Agency,Roadway-Degraded Surface,Roadway-Missing/Degraded Marking,Roadway-No Unusual Conditions,Roadway-Other-See Narrative,Roadway-Traffic Incident,Roadway-Unknown,Roadway-Wet Surface Condition,Roadway-Work Zone,Weather - Partly Cloudy,Weather - Fog/Smoke/Haze,Weather - Dust Storm,Weather - Severe Hurricane,Weather - Structure-Indoor,Weather - Unk - See Narrative,Any Air Bags Deployed?,Was Any Vehicle Towed?,Were All Passengers Belted?
30270-3437,1,Waymo LLC,Monthly,6.0,2022.0,JUL-2022,SADHW2S19M1, ,,Jaguar,I-Pace, ,2021.0, ,1f1e378b74b2187,24352.0, ,In-Vehicle (Commercial / Test),5th Generation ADS, , ,, , ,, , ,, , ,,, , ,,,Yes,ADS,Waymo LLC, , ,Y, , , , , ,,JUN-2022, ,JUN-2022,10:07, ,e6e94b9e10d5c39,[MAY CONTAIN PERSONALLY IDENTIFIABLE INFORMATION], ,[MAY CONTAIN PERSONALLY IDENTIFIABLE INFORMATION], ,[MAY CONTAIN PERSONALLY IDENTIFIABLE INFORMATION], ,San Francisco, ,CA ,[MAY CONTAIN PERSONALLY IDENTIFIABLE INFORMATION], ,Street,Wet,No Unusual Conditions,25.0, ,Daylight, , , , ,Y, , , ,,Passenger Car,No Injuries Reported,Yes,Backing,No,No,Y, , , , , , , , , , ,Stopped,No,No,Yes,0.0, , , , , , ,Y, , , , , , , ,Y, ,Y,Y, , ,No,, ,Yes,, ,, ,, ,Yes, ,"On June [XXX], 2022 at 10:07 AM PST a Waymo Autonomous Vehicle (Waymo AV) operating in San Francisco, California was in a collision involving a passenger vehicle on [XXX] and [XXX].
The Waymo AV was stopped in autonomous mode behind stopped traffic facing east on [XXX]. The passenger vehicle ahead of the Waymo AV transitioned into reverse and began to accelerate, making contact with the front sensor of the Waymo AV. At the time of the impact, the Waymo AVs Level 4 ADS was engaged in autonomous mode, and a test driver was present (in the drivers seating position). Both vehicles sustained minor damage.
Waymo is reporting this crash under Request No. 2 of Standing General Order 2021-01. Waymo may supplement or correct its reporting with additional information as it may become available. This report was submitted from the Eastern time zone on the required date.", ,,,,,,,prior_june16,,,,,,,,,,,,,,,,,,,,,,,,,,,
30270-3655,1,Waymo LLC,Monthly,7.0,2022.0,AUG-2022,SADHW2S13M1, ,,Jaguar,I-Pace, ,2021.0, ,ec3bbd986bcba9a,,Y,In-Vehicle (Commercial / Test),5th Generation ADS, , ,, , ,, , ,, , ,,, , ,,,Yes,ADS,Waymo LLC, ,Y, , , , , , ,,JUN-2022, ,JUL-2022,16:50, ,8c56b788577d262,[MAY CONTAIN PERSONALLY IDENTIFIABLE INFORMATION], ,[MAY CONTAIN PERSONALLY IDENTIFIABLE INFORMATION], ,[MAY CONTAIN PERSONALLY IDENTIFIABLE INFORMATION], ,San Francisco, ,CA ,[MAY CONTAIN PERSONALLY IDENTIFIABLE INFORMATION], ,Intersection,Dry,No Unusual Conditions,35.0, ,Daylight,Y, , , , , , , ,,"Other, see Narrative",Minor,Unknown,"Other, see Narrative",No,No, , , , , , , , , , ,Y,"Other, see Narrative",No,No,Yes,18.0, , , , , , , , , , , ,Y, , ,Y, ,Y,Y, , ,No,, ,Yes,, ,, ,, ,Yes, ,"On June [XXX], 2022 at approximately 4:50 PM PST a Waymo Autonomous Vehicle (Waymo AV) operating in San Francisco, California allegedly contributed to a collision between a passenger vehicle and a pickup truck on [XXX] at [XXX], according to a claim by the driver of the passenger vehicle. 
The Waymo AV was in autonomous mode and preparing to enter southbound [XXX] via the slip lane at southbound [XXX]. The Waymo AV proceeded to merge onto [XXX] as a passenger vehicle on [XXX] approached from behind. A pickup truck was traveling next to the passenger vehicle in the adjacent left lane. As the passenger vehicle approached the Waymo AV from behind, the passenger vehicle entered the adjacent left lane that was occupied by the pickup truck and maneuvered around the Waymo AV. The pickup truck proceeded without stopping, and the passenger vehicles driver shortly after signaled to the Waymo AV test driver to pull over. The Waymo AV test driver then transitioned to manual mode and pulled over. Waymo has no data or knowledge of any contact between any of the three vehicles. There was no contact or collision between the Waymo AV and any other vehicle. However, the driver and passenger in the passenger vehicle have subsequently alleged injuries based on alleged contact between the pick-up truck and passenger vehicle, which contact their allegations attribute to the behavior of Waymos AV in a bodily injury claim under Waymos insurance policy.  Waymo received notice of this insurance claim on July [XXX].
Waymo is reporting this event under Request No. 2 of Standing General Order 2021-01. Waymo may supplement or correct its reporting with additional information as it may become available. This report was submitted from the Eastern time zone on the required date.", ,,,,,,,prior_june16,,,,,,,,,,,,,,,,,,,,,,,,,,,
30270-3255,2,Waymo LLC,10-Day Update,,,JUL-2022,SADHW2S16M1, ,,Jaguar,I-Pace, ,2021.0, ,ef101729afc1d68,26479.0, ,In-Vehicle (Commercial / Test),5th Generation ADS, , ,, , ,, , ,, , ,,, , ,,,Yes,ADS,Waymo LLC, , ,Y, , , , , ,,JUN-2022, ,JUN-2022,12:50, ,729291cbc185f73,[MAY CONTAIN PERSONALLY IDENTIFIABLE INFORMATION], ,[MAY CONTAIN PERSONALLY IDENTIFIABLE INFORMATION], ,[MAY CONTAIN PERSONALLY IDENTIFIABLE INFORMATION], ,San Francisco, ,CA ,[MAY CONTAIN PERSONALLY IDENTIFIABLE INFORMATION], ,Parking Lot,Dry,No Unusual Conditions,25.0, ,Daylight,Y, , , , , , , ,,"Other, see Narrative",No Injuries Reported,Yes,"Other, see Narrative",Not Applicable,Not Applicable, , , , , , , , , , ,Y,Proceeding Straight,No,Yes,Yes,9.0, , , , , , , , , , ,Y, , , ,Y, ,Y,Y, , ,No,, ,Yes,, ,, ,, ,Yes, ," A Waymo Autonomous Vehicle (""Waymo AV"") operating in San Francisco, CA made contact with a parking lot driveway.
The Waymo AV approached a parking lot on [XXX] A Waymo Autonomous Vehicle (""Waymo AV"") operating in San Francisco, CA made contact with a parking lot driveway.
The Waymo AV approached a parking lot on [XXX] between [XXX] and [XXX]. As the Waymo AV turned left and into the parking lot, the Waymo AV's undercarriage made contact with the driveway pavement (the AV did not contact any vehicle or road user). At the time of the contact, the Waymo AV's Level 4 ADS was engaged in autonomous mode, and a test driver was present (in the driver's seating position). The Waymo AV sustained minor undercarriage damage.
Waymo is reporting this crash under Request No. 1 of Standing General Order 2021-01 because a vehicle involved was towed away. Waymo may supplement or correct its reporting with additional information as it may become available. This report was submitted from the Pacific time zone on the required date.", ,,,,,,,prior_june16,,,,,,,,,,,,,,,,,,,,,,,,,,,
30270-3435,1,Waymo LLC,Monthly,6.0,2022.0,JUL-2022,SADHW2S12M1, ,,Jaguar,I-Pace, ,2021.0, ,400295965fa177c,18090.0, ,In-Vehicle (Commercial / Test),5th Generation ADS, , ,, , ,, , ,, , ,,, , ,,,Yes,ADS,Waymo LLC, , ,Y, , , , , ,,JUN-2022, ,JUN-2022,07:26, ,9c542b98eb35e88,[MAY CONTAIN PERSONALLY IDENTIFIABLE INFORMATION], ,[MAY CONTAIN PERSONALLY IDENTIFIABLE INFORMATION], ,[MAY CONTAIN PERSONALLY IDENTIFIABLE INFORMATION], ,San Francisco, ,CA ,[MAY CONTAIN PERSONALLY IDENTIFIABLE INFORMATION], ,Intersection,Dry,No Unusual Conditions,25.0, ,Daylight,Y, , , , , , , ,,Pickup Truck,No Injuries Reported,Yes,Proceeding Straight,No,No, , ,Y, , ,Y, , ,Y, , ,Stopped,No,No,Yes,0.0, ,Y, , ,Y, , ,Y, , , , , , ,Y, ,Y,Y, , ,No,, ,Yes,, ,, ,, ,Yes, ,"On June [XXX], 2022 at 7:26 AM PST a Waymo Autonomous Vehicle (Waymo AV) operating in San Francisco, California was in a collision involving a pickup on [XXX] at [XXX].
While the Waymo AV was stopped at a red light on eastbound [XXX], a pickup that had previously been stopped behind the Waymo AV rolled forward and made contact with the rear of the Waymo AV. At the time of the impact, the Waymo AVs Level 4 ADS was engaged in autonomous mode, and a test driver was present (in the drivers seating position). The Waymo AV sustained minor damage.
Waymo is reporting this crash under Request No. 2 of Standing General Order 2021-01. Waymo may supplement or correct its reporting with additional information as it may become available. This report was submitted from the Eastern time zone on the required date.", ,,,,,,,prior_june16,,,,,,,,,,,,,,,,,,,,,,,,,,,
30270-5960,1,Waymo LLC,Monthly,6.0,2023.0,JUL-2023,SADHW2S16M1, ,,Jaguar,I-Pace, ,2021.0, ,9052d837901c491,49938.0, ,,5th Generation, , ,5th Generation, , ,Version 8, , ,, ,Y,,, ,Y,Yes (specify below),"DMV, CPUC",Yes,ADS,Waymo LLC, , ,Y, , , , , ,,JUN-2023, ,JUN-2023,21:19, ,92014d3d08a5b38,[MAY CONTAIN PERSONALLY IDENTIFIABLE INFORMATION], ,[MAY CONTAIN PERSONALLY IDENTIFIABLE INFORMATION], ,[MAY CONTAIN PERSONALLY IDENTIFIABLE INFORMATION], ,San Francisco, ,CA ,[MAY CONTAIN PERSONALLY IDENTIFIABLE INFORMATION], ,Street,Dry,No Unusual Conditions,25.0, ,Dark - Lighted,Y, , , , , , , ,,Pickup Truck,No Injuries Reported,Yes,Backing,No,No, , , , , , ,Y, , , , ,Parked,No,No,No Passengers in Vehicle,0.0, ,Y, , , , , , , , , , , , ,Y, ,Y,Y, , ,No,, ,Yes,, ,, ,, ,Yes, ,"On June [XXX], 2023 at 9:19 PM PT a Waymo Autonomous Vehicle (Waymo AV) operating in San Francisco, California was in a collision involving a pickup truck on [XXX] near [XXX]. 
The Waymo AV was parallel parked along the curb on southbound [XXX] when a pickup truck that was initially parked directly behind the Waymo AV began to maneuver out of its parking spot. As the pickup truck pulled out of the parking spot, it initiated a multi-turn maneuver and reversed into the parked Waymo AV. The rear passenger's side corner of the pickup truck made contact with the driver side rear of the Waymo AV. At the time of the impact, the Waymo AVs Level 4 ADS was engaged in autonomous mode. The Waymo AV sustained damage. 
Waymo is reporting this crash under Request No. 2 of Standing General Order 2021-01. Waymo may supplement or correct its reporting with additional information as it may become available.", ,False,94122,SAN_FRANCISCO,V2V Backing,False,False,prior_june16,,,,,,,,,,,,,,,,,,,,,,,,,,,
30270-5961,1,Waymo LLC,Monthly,6.0,2023.0,JUL-2023,SADHW2S10M1, ,,Jaguar,I-Pace, ,2021.0, ,2c2f75d23c37307,57031.0, ,,5th Generation, , ,5th Generation, , ,Version 8, , ,, ,Y,,, ,Y,Yes (specify below),"DMV, CPUC",Yes,ADS,Waymo LLC, , ,Y, , , , , ,,JUN-2023, ,JUN-2023,07:50, ,90198f7d6c26cf7,[MAY CONTAIN PERSONALLY IDENTIFIABLE INFORMATION], ,[MAY CONTAIN PERSONALLY IDENTIFIABLE INFORMATION], ,[MAY CONTAIN PERSONALLY IDENTIFIABLE INFORMATION], ,San Francisco, ,CA ,[MAY CONTAIN PERSONALLY IDENTIFIABLE INFORMATION], ,Intersection,Dry,No Unusual Conditions,25.0, ,Daylight, , ,Y, , , , , ,,Pickup Truck,No Injuries Reported,Yes,Proceeding Straight,No,No, , , , , ,Y, , , , , ,Stopped,No,No,Yes,0.0, , , , ,Y, , , , , , , , , ,Y, ,Y,Y, , ,No,, ,Yes,, ,, ,, ,Yes, ,"On June [XXX], 2023 at 7:50 AM PT a Waymo Autonomous Vehicle (Waymo AV) operating in San Francisco, CA was in a collision involving a pickup truck on [XXX] at [XXX]. 
The Waymo AV was traveling eastbound on [XXX] and stopped at a stop sign at the intersection of [XXX]. While yielding to pedestrians crossing the street, a pickup truck traveling directly behind the Waymo AV made contact with the rear of the Waymo AV. At the time of the impact, the Waymo AVs Level 4 ADS was engaged in autonomous mode. The Waymo AV sustained damage. 
Waymo is reporting this crash under Request No. 2 of Standing General Order 2021-01. Waymo may supplement or correct its reporting with additional information as it may become available.", ,True,94114,SAN_FRANCISCO,V2V F2R,False,False,prior_june16,,,,,,,,,,,,,,,,,,,,,,,,,,,
30270-5959,1,Waymo LLC,Monthly,6.0,2023.0,JUL-2023,SADHW2S18M1, ,,Jaguar,I-Pace, ,2021.0, ,0b5307ab029c107,47329.0, ,,5th Generation, , ,5th Generation, , ,Version 8, , ,, ,Y,,, ,Y,Yes (specify below),"DMV, CPUC",Yes,ADS,Waymo LLC, , ,Y, , , , , ,,JUN-2023, ,JUN-2023,17:06, ,ed409718b1d4e24,[MAY CONTAIN PERSONALLY IDENTIFIABLE INFORMATION], ,[MAY CONTAIN PERSONALLY IDENTIFIABLE INFORMATION], ,[MAY CONTAIN PERSONALLY IDENTIFIABLE INFORMATION], ,San Francisco, ,CA ,[MAY CONTAIN PERSONALLY IDENTIFIABLE INFORMATION], ,Intersection,Dry,No Unusual Conditions,30.0, ,Daylight,Y, , , , , , , ,,Passenger Car,No Injuries Reported,Yes,Proceeding Straight,No,No, , ,Y, , ,Y, , ,Y, , ,Making Left Turn,No,No,Yes,1.0, ,Y, , ,Y, , ,Y, , , , , , ,Y, ,Y,Y, , ,No,, ,Yes,, ,, ,, ,Yes, ,"On June [XXX], 2023 at 5:06 PM PT a Waymo Autonomous Vehicle (Waymo AV) operating in San Francisco, California was in a collision involving a passenger vehicle on [XXX] at [XXX].
The Waymo AV was stopped for a red light on [XXX] at [XXX] with its turn signal activated to indicate intent to turn left onto [XXX]. The traffic light turned green, and the Waymo AV slowly moved forward, yielding to oncoming traffic, when the vehicle that had been previously stopped behind the Waymo AV proceeded forward, making contact with the rear bumper of the Waymo AV. The other party immediately left the scene of the event. At the time of the impact, the Waymo AVs Level 4 ADS was engaged in autonomous mode. Both vehicles sustained damage.
Waymo is reporting this crash under Request No. 2 of Standing General Order 2021-01. Waymo may supplement or correct its reporting with additional information as it may become available.", ,False,94114,SAN_FRANCISCO,V2V F2R,False,False,prior_june16,,,,,,,,,,,,,,,,,,,,,,,,,,,
30270-5958,1,Waymo LLC,Monthly,6.0,2023.0,JUL-2023,SADHW2S10M1, ,,Jaguar,I-Pace, ,2021.0, ,3cf7c25f2209456,43926.0, ,,5th Generation, , ,5th Generation, , ,Version 8, , ,, ,Y,,, ,Y,Yes (specify below),"DMV, CPUC",Yes,ADS,Waymo LLC, , ,Y, , , , , ,,JUN-2023, ,JUN-2023,15:44, ,18a2469ec1e6c36,[MAY CONTAIN PERSONALLY IDENTIFIABLE INFORMATION], ,[MAY CONTAIN PERSONALLY IDENTIFIABLE INFORMATION], ,[MAY CONTAIN PERSONALLY IDENTIFIABLE INFORMATION], ,San Francisco, ,CA ,[MAY CONTAIN PERSONALLY IDENTIFIABLE INFORMATION], ,Street,Dry,No Unusual Conditions,25.0, ,Daylight, , ,Y, , , , , ,,Passenger Car,No Injuries Reported,Yes,Parking Maneuver,No,No, , ,Y, , ,Y, , , , , ,Parked,No,No,No Passengers in Vehicle,0.0, , , , , , , ,Y, , , , , , ,Y, ,Y,Y, , ,No,, ,Yes,, ,, ,, ,Yes, ,"On June [XXX], 2023 at 3:44 PM PT a Waymo Autonomous Vehicle (Waymo AV) operating in San Francisco, California was in a collision involving a passenger car on [XXX] near [XXX].
The Waymo AV was parallel parked along the curb on eastbound [XXX] when a passenger car pulled up behind the Waymo AV. The front of the passenger car made contact with the rear of the Waymo AV. At the time of the impact, the Waymo AVs Level 4 ADS was engaged in autonomous mode. The Waymo AV sustained damage. 
Waymo is reporting this crash under Request No. 2 of Standing General Order 2021-01. Waymo may supplement or correct its reporting with additional information as it may become available.", ,False,94116,SAN_FRANCISCO,V2V F2R,False,False,prior_june16,,,,,,,,,,,,,,,,,,,,,,,,,,,
30270-5957,1,Waymo LLC,Monthly,6.0,2023.0,JUL-2023,SADHW2S15M1, ,,Jaguar,I-Pace, ,2021.0, ,85a9f39d9ae609d,38714.0, ,,5th Generation, , ,5th Generation, , ,Version 8, , ,, ,Y,,, ,Y,Yes (specify below),"DMV, CPUC",Yes,ADS,Waymo LLC, , ,Y, , , , , ,,JUN-2023, ,JUN-2023,12:35, ,e25dd6e0c11c934,[MAY CONTAIN PERSONALLY IDENTIFIABLE INFORMATION], ,[MAY CONTAIN PERSONALLY IDENTIFIABLE INFORMATION], ,[MAY CONTAIN PERSONALLY IDENTIFIABLE INFORMATION], ,San Francisco, ,CA ,[MAY CONTAIN PERSONALLY IDENTIFIABLE INFORMATION], ,Parking Lot,Dry,No Unusual Conditions,15.0, ,Daylight, , ,Y, , , , , ,,Van,No Injuries Reported,Yes,Backing,No,No,Y, , ,Y, , ,Y, , , , ,Stopped,No,No,Yes,0.0, , , , , , , , ,Y, , , , , ,Y, ,Y,Y, , ,No,, ,Yes,, ,, ,, ,Yes, ,"On June [XXX], 2023 at 12:53 PM PT a Waymo Autonomous Vehicle (Waymo AV) operating in San Francisco, California was in a collision involving a van in a parking lot at [XXX].
The Waymo AV came to a stop while yielding to a pickup truck which was reversing into a perpendicular parking space in front of the Waymo AV. While the Waymo AV was stopped, a van which was in a parking space immediately to the right of the Waymo AV began reversing out of the parking space. The rear of the van made contact with the right side of the Waymo AV. The Waymo AV sustained damage. At the time of the impact, the Waymo AVs Level 4 ADS was engaged in autonomous mode.
Waymo is reporting this crash under Request No. 2 of Standing General Order 2021-01. Waymo may supplement or correct its reporting with additional information as it may become available.", ,True,94124,SAN_FRANCISCO,V2V Backing,False,False,prior_june16,,,,,,,,,,,,,,,,,,,,,,,,,,,
30270-5817,2,Waymo LLC,Update,,,JUL-2023,SADHW2S18M1, ,,Jaguar,I-Pace, ,2021.0, ,9f856ec3c68a0d1,49116.0, ,In-Vehicle (Commercial / Test),5th Generation, , ,5th Generation, , ,Version 8, , ,Transdev Alternative Services, , ,,, ,Y,Yes (specify below),"DMV, CPUC",Yes,ADS,Waymo LLC, , ,Y, , , , , ,,JUN-2023, ,JUN-2023,23:18, ,afac5d277fdfeb9,[MAY CONTAIN PERSONALLY IDENTIFIABLE INFORMATION], ,[MAY CONTAIN PERSONALLY IDENTIFIABLE INFORMATION], ,[MAY CONTAIN PERSONALLY IDENTIFIABLE INFORMATION], ,Los Angeles, ,CA ,[MAY CONTAIN PERSONALLY IDENTIFIABLE INFORMATION], ,Intersection,Dry,No Unusual Conditions,30.0, ,Dark - Lighted,Y, , , , , , , ,,Pickup Truck,Minor,Yes,"Other, see Narrative",No,No, , ,Y, , ,Y, , ,Y, , ,"Other, see Narrative",No,Yes,Yes,0.0, , , , ,Y, ,Y,Y, ,Y, , , , ,Y, ,Y,Y, , ,Yes,LAPD - Wilshire Division, ,Yes,[MAY CONTAIN PERSONALLY IDENTIFIABLE INFORMATION], ,,Y,,Y,Yes, ,"Other than adding the law enforcement investigation details, the content of this report is unchanged from the initial report submitted on July 4, 2023 [REDACTED, MAY CONTAIN CONFIDENTIAL BUSINESS INFORMATION]. 
On June [XXX], 2023 at 11:18 PM PT a Waymo Autonomous Vehicle (Waymo AV) operating in Los Angeles, California was in a collision involving a pick-up truck on [XXX] at [XXX]. 
The Waymo AV was traveling eastbound on [XXX] and stopped at a stop sign at the intersection of [XXX] when a pick-up truck approached the Waymo AV from behind and made contact with the rear of the Waymo AV. At the time of the impact, the Waymo AVs Level 4 ADS was engaged in autonomous mode, and a test driver was present (in the drivers seating position).
The Waymo AV test driver then took manual control of the Waymo AV and the pick-up truck then made contact with the rear of the Waymo AV again. The Waymo AV test driver pulled towards the side of the road and stopped. TThe pick-up truck then made contact with the rear of the Waymo AV again and when the test driver of the Waymo AV resumed movement, the pick-up truck followed the Waymo AV and repeatedly made further contact with the Waymo AV. At one point the pick-up truck driver verbally harassed the Waymo AV test driver. The Waymo AV test driver was eventually able to elude the pickup truck and wait nearby for law enforcement to arrive. The Waymo AV sustained damage.
Waymo is reporting this crash under Request No. 1 of Standing General Order 2021-01 because a vehicle involved was towed away. Waymo may supplement or correct its reporting with additional information as it may become available.", ,,,,,,,prior_june16,,,,,,,,,,,,,,,,,,,,,,,,,,,
30270-8141,1,Waymo LLC,Monthly,6.0,2024.0,JUL-2024,SADHW2S15M1, ,,Jaguar,I-Pace, ,2021.0, ,cf47330bf588a9a,85292.0, ,,5th Generation ADS, , ,5th Generation, , ,Version 9, , ,, ,Y,,, ,Y,Yes (specify below),"CA DMV, CA PUC						",Yes,ADS,Waymo LLC, , ,Y, , , , , ,,JUN-2024, ,JUN-2024,18:05, ,a95a53d3d5c107d,[MAY CONTAIN PERSONALLY IDENTIFIABLE INFORMATION], ,[MAY CONTAIN PERSONALLY IDENTIFIABLE INFORMATION], ,[MAY CONTAIN PERSONALLY IDENTIFIABLE INFORMATION], ,San Francisco, ,CA ,[MAY CONTAIN PERSONALLY IDENTIFIABLE INFORMATION], ,Street,Dry,No Unusual Conditions,25.0, ,Daylight, , ,Y, , , , , ,,Pickup Truck,No Injuries Reported,Yes,Proceeding Straight,No,No,Y, , , , , , , , , , ,Stopped,No,No,No Passengers in Vehicle,0.0, ,Y, , , , , , , , , , , , ,Y, ,Y,Y, , ,No,, ,Yes,, ,, ,, ,Yes, ,"On June [XXX], 2024 at 6:05 PM PT a Waymo Autonomous Vehicle (Waymo AV) operating in [XXX], California was in a collision involving a pickup truck on [XXX] near [XXX]. 
The Waymo AV was traveling east on [XXX] at a location where the width of the roadway is narrow, and there were lines of parked vehicles on both sides of the roadway. A pickup truck traveling west on [XXX] approached the Waymo AV and the Waymo AV shifted to the right side of the road and came to a stop to allow the pickup truck to pass. As the pickup truck passed the Waymo AV, the rear driver side fender of the pickup truck made contact with the rear driver side corner of the Waymo AV.  At the time of the impact, the Waymo AVs Level 4 ADS was engaged in autonomous mode. Both vehicles sustained damage.
Waymo is reporting this crash under Request No. 2 of Standing General Order 2021-01. Waymo may supplement or correct its reporting with additional information as it may become available.", ,False,94122,SAN_FRANCISCO,V2V Head-on,False,False,prior_june16,,,,,,,,,,,,,,,,,,,,,,,,,,,
30270-8144,1,Waymo LLC,Monthly,6.0,2024.0,JUL-2024,SADHW2S17M1, ,,Jaguar,I-Pace, ,2021.0, ,f5bb635090c4b1a,90236.0, ,,5th Generation ADS, , ,5th Generation, , ,Version 9, , ,, ,Y,,, ,Y,Yes (specify below),"CA DMV, CA PUC						",Yes,ADS,Waymo LLC, , ,Y, , , , , ,,JUN-2024, ,JUN-2024,21:20, ,ab92f55b1bd5c9b,[MAY CONTAIN PERSONALLY IDENTIFIABLE INFORMATION], ,[MAY CONTAIN PERSONALLY IDENTIFIABLE INFORMATION], ,[MAY CONTAIN PERSONALLY IDENTIFIABLE INFORMATION], ,Los Angeles, ,CA ,[MAY CONTAIN PERSONALLY IDENTIFIABLE INFORMATION], ,Intersection,Dry,No Unusual Conditions,35.0, ,Dark - Lighted,Y, , , , , , , ,,SUV,No Injuries Reported,Yes,Proceeding Straight,No,No, , ,Y, , ,Y, , , , , ,Stopped,No,No,No Passengers in Vehicle,0.0, , , , ,Y, , ,Y, , , , , , ,Y, ,Y,Y, , ,No,, ,Yes,, ,, ,, ,Yes, ,"On June [XXX], 2024 at 9:20 PM PT a Waymo Autonomous Vehicle (Waymo AV) operating in [XXX], California was in a collision involving an SUV on [XXX]. 
The Waymo AV was traveling south on [XXX] and stopped in the left lane to yield to approaching traffic in preparation for an unprotected left turn on to [XXX]. While the Waymo AV was stopped, an SUV traveling behind the Waymo AV made contact with the rear of the Waymo AV.  At the time of the impact, the Waymo AVs Level 4 ADS was engaged in autonomous mode. Both vehicles sustained damage.
Waymo is reporting this crash under Request No. 2 of Standing General Order 2021-01. Waymo may supplement or correct its reporting with additional information as it may become available.", ,False,90006,LOS_ANGELES,V2V F2R,False,False,prior_june16,,,,,,,,,,,,,,,,,,,,,,,,,,,
30270-8145,1,Waymo LLC,Monthly,6.0,2024.0,JUL-2024,SADHW2S18R1, ,,Jaguar,I-Pace, ,2024.0, ,d674426385f0fc8,1436.0, ,,5th Generation ADS, , ,5th Generation, , ,Version 9, , ,, ,Y,,, ,Y,Yes (specify below),"CA DMV, CA PUC						",Yes,ADS,Waymo LLC, , ,Y, , , , , ,,JUN-2024, ,JUN-2024,08:47, ,19284fe3327827b,[MAY CONTAIN PERSONALLY IDENTIFIABLE INFORMATION], ,[MAY CONTAIN PERSONALLY IDENTIFIABLE INFORMATION], ,[MAY CONTAIN PERSONALLY IDENTIFIABLE INFORMATION], ,San Francisco, ,CA ,[MAY CONTAIN PERSONALLY IDENTIFIABLE INFORMATION], ,Parking Lot,Dry,No Unusual Conditions,15.0, ,Daylight,Y, , , , , , , ,,Other Fixed Object,No Injuries Reported,Yes,,,, , , , , , , , , , , ,Making Left Turn,No,No,No Passengers in Vehicle,2.0, , , , , , ,Y, , , , , , , ,Y, ,Y,Y, , ,Yes,Department of Public Safety, ,Yes,[MAY CONTAIN PERSONALLY IDENTIFIABLE INFORMATION], ,[MAY CONTAIN PERSONALLY IDENTIFIABLE INFORMATION], ,[MAY CONTAIN PERSONALLY IDENTIFIABLE INFORMATION], ,Yes, ,"On June [XXX], 2024 at 8:47 AM PT a Waymo Autonomous Vehicle (Waymo AV) operating in [XXX], California was in a collision involving a fixed object (gate reader box) at [XXX]. 
The Waymo AV was turning left to exit a driveway at [XXX] when the front of the Waymo AV made contact with a gate reader box on the right side of the driveway. At the time of the impact, the Waymo AVs Level 4 ADS was engaged in autonomous mode. The Waymo AV and the gate reader box sustained damage.
Waymo is reporting this crash under Request No. 2 of Standing General Order 2021-01. Waymo may supplement or correct its reporting with additional information as it may become available.", ,True,94117,SAN_FRANCISCO,Single Vehicle,True,False,prior_june16,,,,,,,,,,,,,,,,,,,,,,,,,,,