Report ID,Report Version,Reporting Entity,Report Type,Report Month,Report Year,Report Submission Date,VIN,VIN - Unknown,Serial Number,Make,Model,Model - Unknown,Model Year,Model Year - Unknown,Same Vehicle ID,Mileage,Mileage - Unknown,Driver / Operator Type,ADAS/ADS System Version,ADAS/ADS System Version - Unk,ADAS/ADS System Version CBI,ADAS/ADS Hardware Version,ADAS/ADS Hardware Version - Unk,ADAS/ADS Hardware Version CBI,ADAS/ADS Software Version,ADAS/ADS Software Version - Unk,ADAS/ADS Software Version CBI,Other Reporting Entities?,Other Reporting Entities? - Unk,Other Reporting Entities? - NA,Federal Regulatory Exemption?,Other Federal Reg. Exemption,Federal Reg. Exemption - Unk,Federal Reg. Exemption - No,State or Local Permit?,State or Local Permit,ADS Equipped?,Automation System Engaged?,Operating Entity,Operating Entity - Unknown,Source - Complaint/Claim,Source - Telematics,Source - Law Enforcement,Source - Field Report,Source - Testing,Source - Media,Source - Other,Source - Other Text,Incident Date,Incident Date - Unknown,Notice Received Date,Incident Time (24:00),Incident Time - Unknown,Same Incident ID,Latitude,Latitude - Unknown,Longitude,Longitude - Unknown,Address,Address - Unknown,City,City - Unknown,State,Zip Code,Zip Code - Unknown,Roadway Type,Roadway Surface,Roadway Description,Posted Speed Limit (MPH),Posted Speed Limit - Unknown,Lighting,Weather - Clear,Weather - Snow,Weather - Cloudy,Weather - Fog/Smoke,Weather - Rain,Weather - Severe Wind,Weather - Unknown,Weather - Other,Weather - Other Text,Crash With,Highest Injury Severity Alleged,Property Damage?,CP Pre-Crash Movement,CP Any Air Bags Deployed?,CP Was Vehicle Towed?,CP Contact Area - Rear Left,CP Contact Area - Left,CP Contact Area - Front Left,CP Contact Area - Rear,CP Contact Area - Top,CP Contact Area - Front,CP Contact Area - Rear Right,CP Contact Area - Right,CP Contact Area - Front Right,CP Contact Area - Bottom,CP Contact Area - Unknown,SV Pre-Crash Movement,SV Any Air Bags Deployed?,SV Was Vehicle Towed?,SV Were All Passengers Belted?,SV Precrash Speed (MPH),SV Pre-crash Speed - Unknown,SV Contact Area - Rear Left,SV Contact Area - Left,SV Contact Area - Front Left,SV Contact Area - Rear,SV Contact Area - Top,SV Contact Area - Front,SV Contact Area - Rear Right,SV Contact Area - Right,SV Contact Area - Front Right,SV Contact Area - Bottom,SV Contact Area - Unknown,Data Availability - EDR,Data Availability - Police Rpt,Data Availability - Telematics,Data Availability - Complaints,Data Availability - Video,Data Availability - Other,Data Availability - No Data,Data Availability - Unknown,Law Enforcement Investigating?,Investigating Agency,Investigating Agency - Unknown,Rep Ent Or Mfr Investigating?,Investigating Officer Name,Inv. Officer Name - Unknown,Investigating Officer Phone,Inv. Officer Phone - Unknown,Investigating Officer Email,Inv. Officer Email - Unknown,Within ODD?,Within ODD? - CBI,Narrative,Narrative - CBI?,hub_delta_v_less_than_1mph,hub_zip_code,hub_location,hub_crash_type,hub_is_police_reported,hub_is_any_injury_reported,data_period,VIN Decoded,Make - Unknown,Automation Feature Version,Automation Feature Version CBI,Engagement Status,Source - Internal Process Review,Source - NHTSA VOQ,Source - Other - See Narrative,Source - Other Entity,Source - State or Other Agency,Roadway-Degraded Surface,Roadway-Missing/Degraded Marking,Roadway-No Unusual Conditions,Roadway-Other-See Narrative,Roadway-Traffic Incident,Roadway-Unknown,Roadway-Wet Surface Condition,Roadway-Work Zone,Weather - Partly Cloudy,Weather - Fog/Smoke/Haze,Weather - Dust Storm,Weather - Severe Hurricane,Weather - Structure-Indoor,Weather - Unk - See Narrative,Any Air Bags Deployed?,Was Any Vehicle Towed?,Were All Passengers Belted?
30270-10344,1,Waymo LLC,Monthly,3.0,2025.0,APR-2025,SADHW2S16R1, ,,Jaguar,I-Pace, ,2024.0, ,6054018587d3c45,6942.0, ,,5th Generation ADS, , ,5th Generation, , ,Version 9, , ,, ,Y,,, ,Y,Yes (specify below),"CA DMV, CA PUC",Yes,ADS,Waymo LLC, , ,Y, , , , , ,,MAR-2025, ,MAR-2025,08:10, ,513a4876d6f7df2,[MAY CONTAIN PERSONALLY IDENTIFIABLE INFORMATION], ,[MAY CONTAIN PERSONALLY IDENTIFIABLE INFORMATION], ,[MAY CONTAIN PERSONALLY IDENTIFIABLE INFORMATION], ,San Francisco, ,CA ,[MAY CONTAIN PERSONALLY IDENTIFIABLE INFORMATION], ,Street,Dry,No Unusual Conditions,25.0, ,Daylight,Y, , , , , , , ,,Passenger Car,No Injuries Reported,Yes,Backing,No,No,Y, , , , , , , , , , ,Stopped,No,No,No Passengers in Vehicle,0.0, , , , , , , , , ,Y, , , , ,Y, ,Y,Y, , ,No,, ,Yes,, ,, ,, ,Yes, ,"On March [XXX], 2025 at 8:10 AM PT a Waymo Autonomous Vehicle (""Waymo AV"") operating in San Francisco, California was in a collision involving a passenger car near [XXX]. 
The Waymo AV had pulled up to the curb facing southbound on [XXX] for a requested passenger pickup. While awaiting the passenger, the Waymo AV was partially obstructing access to a residential garage and a passenger car began reversing out of the garage and the rear driver side of the passenger car made contact with the passenger side of the stopped Waymo AV. At the time of the impact, the Waymo AV's Level 4 ADS was engaged in autonomous mode. The passenger car sustained damage.
Waymo is reporting this crash under Request No. 2 of Standing General Order 2021-01. Waymo may supplement or correct its reporting with additional information as it may become available.", ,False,94102,SAN_FRANCISCO,V2V Backing,False,False,prior_june16,,,,,,,,,,,,,,,,,,,,,,,,,,,
30270-10347,1,Waymo LLC,Monthly,3.0,2025.0,APR-2025,SADHW2S19R1, ,,Jaguar,I-Pace, ,2024.0, ,5abf64e21df2b08,5847.0, ,,5th Generation ADS, , ,5th Generation, , ,Version 9, , ,, ,Y,,, ,Y,Yes (specify below),"CA DMV, CA PUC",Yes,ADS,Waymo LLC, , ,Y, , , , , ,,MAR-2025, ,MAR-2025,17:09, ,04571dd36a8589e,[MAY CONTAIN PERSONALLY IDENTIFIABLE INFORMATION], ,[MAY CONTAIN PERSONALLY IDENTIFIABLE INFORMATION], ,[MAY CONTAIN PERSONALLY IDENTIFIABLE INFORMATION], ,San Francisco, ,CA ,[MAY CONTAIN PERSONALLY IDENTIFIABLE INFORMATION], ,Street,Dry,No Unusual Conditions,25.0, ,Daylight, , ,Y, , , , , ,,Passenger Car,No Injuries Reported,Yes,Proceeding Straight,No,No, , , , , ,Y, , , , , ,Stopped,No,No,"No, see Narrative",0.0, , , , ,Y, , , , , , , , , ,Y, ,Y,Y, , ,No,, ,Yes,, ,, ,, ,Yes, ,"On March [XXX], 2025 at 5:09 PM PT a Waymo Autonomous Vehicle (""Waymo AV"") operating in San Francisco, California was in a collision involving a passenger car on [XXX] near [XXX]. 
The Waymo AV was traveling southbound on [XXX] when it slowed to a stop for a queue of traffic. A passenger car approached the Waymo AV from behind, and the front of the passenger car made contact with the rear of the stationary Waymo AV. At the time of the impact, the Waymo AV's Level 4 ADS was engaged in autonomous mode and none of the passengers were wearing a seat belt. The Waymo AV sustained damage. 
Waymo is reporting this crash under Request No. 2 of Standing General Order 2021-01. Waymo may supplement or correct its reporting with additional information as it may become available.", ,False,94102,SAN_FRANCISCO,V2V F2R,False,False,prior_june16,,,,,,,,,,,,,,,,,,,,,,,,,,,
30270-10360,1,Waymo LLC,Monthly,3.0,2025.0,APR-2025,SADHW2S13R1, ,,Jaguar,I-PACE, ,2024.0, ,ffa7f9ea6625ecf,35726.0, ,,5th Generation ADS, , ,5th Generation, , ,Version 9, , ,, ,Y,,, ,Y,Yes (specify below),"CA DMV, CA PUC",Yes,ADS,Waymo LLC, , ,Y, , , , , ,,MAR-2025, ,MAR-2025,23:21, ,11e9a791b2b6ea6,[MAY CONTAIN PERSONALLY IDENTIFIABLE INFORMATION], ,[MAY CONTAIN PERSONALLY IDENTIFIABLE INFORMATION], ,[MAY CONTAIN PERSONALLY IDENTIFIABLE INFORMATION], ,Los Angeles, ,CA ,[MAY CONTAIN PERSONALLY IDENTIFIABLE INFORMATION], ,Intersection,Wet,No Unusual Conditions,35.0, ,Dark - Lighted, , , , ,Y, , , ,,Passenger Car,No Injuries Reported,Yes,"Other, see Narrative",No,No,Y, ,Y,Y, , ,Y, , , , ,Stopped,No,No,Yes,0.0, , , , , , , ,Y, , , , , , ,Y, ,Y,Y, , ,No,, ,Yes,, ,, ,, ,Yes, ,"On March [XXX], 2025 at 11:21 PM PT a Waymo Autonomous Vehicle (""Waymo AV"") operating in Los Angeles, California was in a collision involving a passenger car on [XXX] at [XXX].
The Waymo AV was stopped for a red light on westbound [XXX] when a passenger car approached the stopped Waymo AV from behind and began to slow. As the passenger car was slowing, an SUV behind the passenger car made contact with the rear of the passenger car. The front driver side of the passenger car then made contact with the rear passenger side of the Waymo AV. At the time of the impact, the Waymo AV's Level 4 ADS was engaged in autonomous mode. All three vehicles sustained damage.
Waymo is reporting this crash under Request No. 2 of Standing General Order 2021-01. Waymo may supplement or correct its reporting with additional information as it may become available.", ,False,90019,LOS_ANGELES,Secondary Crash,False,False,prior_june16,,,,,,,,,,,,,,,,,,,,,,,,,,,
30270-10363,1,Waymo LLC,Monthly,3.0,2025.0,APR-2025,SADHW2S16R1, ,,Jaguar,I-PACE, ,2024.0, ,6054018587d3c45,7130.0, ,,5th Generation ADS, , ,5th Generation, , ,Version 9, , ,, ,Y,,, ,Y,Yes (specify below),"CA DMV, CA PUC",Yes,ADS,Waymo LLC, , ,Y, , , , , ,,MAR-2025, ,MAR-2025,19:04, ,cd66eb3a1b6a758,[MAY CONTAIN PERSONALLY IDENTIFIABLE INFORMATION], ,[MAY CONTAIN PERSONALLY IDENTIFIABLE INFORMATION], ,[MAY CONTAIN PERSONALLY IDENTIFIABLE INFORMATION], ,San Francisco, ,CA ,[MAY CONTAIN PERSONALLY IDENTIFIABLE INFORMATION], ,Parking Lot,Dry,No Unusual Conditions,25.0, ,Daylight, , ,Y, , , , , ,,Passenger Car,No Injuries Reported,Yes,Backing,No,No, , , ,Y, , , , , , , ,Stopped,No,No,Yes,0.0, , , , , , , , , ,Y, , , , ,Y, ,Y,Y, , ,No,, ,Yes,, ,, ,, ,Yes, ,"On March [XXX], 2025 at 7:04 PM PT a Waymo Autonomous Vehicle (""Waymo AV"") operating in San Francisco, California was in a collision involving a passenger car in a parking lot (for BoConcept) on [XXX] near [XXX]. 
The Waymo AV was stopped in a parking lot on [XXX] for a requested passenger pickup with a moped parked at the curb directly in front and parked vehicles in parking stalls to the adjacent right. After the Waymo AV completed the passenger pickup, it reversed briefly to create space between itself and the moped before slowing to a stop. While the Waymo AV remained stopped, a passenger car to its right began to reverse out of a parking stall. The rear of the passenger car then made contact with the front passenger side of the stationary Waymo AV. At the time of the impact, the Waymo AV's Level 4 ADS was engaged in autonomous mode. The Waymo AV sustained damage.
Waymo is reporting this crash under Request No. 2 of Standing General Order 2021-01. Waymo may supplement or correct its reporting with additional information as it may become available.", ,True,94103,SAN_FRANCISCO,V2V Backing,False,False,prior_june16,,,,,,,,,,,,,,,,,,,,,,,,,,,
30270-10425,1,Waymo LLC,Monthly,3.0,2025.0,APR-2025,SADHW2S11R1, ,,Jaguar,I-PACE, ,2024.0, ,705d1bd1776b1ad,43118.0, ,,5th Generation ADS, , ,5th Generation, , ,Version 9, , ,, ,Y,,, ,Y,Yes (specify below),"CA DMV, CA PUC",Yes,ADS,Waymo LLC, , ,Y, , , , , ,,MAR-2025, ,MAR-2025,10:42, ,5caf4743543d731,[MAY CONTAIN PERSONALLY IDENTIFIABLE INFORMATION], ,[MAY CONTAIN PERSONALLY IDENTIFIABLE INFORMATION], ,[MAY CONTAIN PERSONALLY IDENTIFIABLE INFORMATION], ,San Francisco, ,CA ,[MAY CONTAIN PERSONALLY IDENTIFIABLE INFORMATION], ,Street,Dry,No Unusual Conditions,25.0, ,Daylight,Y, , , , , , , ,,Passenger Car,No Injuries Reported,Yes,Parking Maneuver,No,No, , ,Y, , , , , , , , ,Proceeding Straight,No,No,Yes,21.0, , , , , , , ,Y, , , , , , ,Y, ,Y,Y, , ,Yes,San Francisco Police Department, ,Yes,[MAY CONTAIN PERSONALLY IDENTIFIABLE INFORMATION], ,,Y,,Y,Yes, ,"On March [XXX], 2025 at 10:42 AM PT a Waymo Autonomous Vehicle (""Waymo AV"") operating in San Francisco, California was in a collision involving a passenger car on [XXX] near [XXX]. 
The Waymo AV was traveling north on [XXX] when it approached a passenger car that was stopped in the bike lane to the right of the Waymo AV. As the Waymo AV passed by the passenger car, the passenger car maneuvered into the roadway and the front driver side of the passenger car made contact with the rear passenger side of the Waymo AV. At the time of the impact, the Waymo AV's Level 4 ADS was engaged in autonomous mode. The Waymo AV sustained damage.
Waymo is reporting this crash under Request No. 2 of Standing General Order 2021-01. Waymo may supplement or correct its reporting with additional information as it may become available.", ,False,94103,SAN_FRANCISCO,V2V Lateral,True,False,prior_june16,,,,,,,,,,,,,,,,,,,,,,,,,,,
30270-10439,1,Waymo LLC,Monthly,3.0,2025.0,APR-2025,SADHW2S11R1, ,,Jaguar,I-Pace, ,2024.0, ,ae984a34c3207c6,33137.0, ,,5th Generation ADS, , ,5th Generation, , ,Version 9, , ,, ,Y,,, ,Y,Yes (specify below),"CA DMV, CA PUC",Yes,ADS,Waymo LLC, , ,Y, , , , , ,,MAR-2025, ,MAR-2025,16:30, ,870bb81b8b87f76,[MAY CONTAIN PERSONALLY IDENTIFIABLE INFORMATION], ,[MAY CONTAIN PERSONALLY IDENTIFIABLE INFORMATION], ,[MAY CONTAIN PERSONALLY IDENTIFIABLE INFORMATION], ,Venice, ,CA ,[MAY CONTAIN PERSONALLY IDENTIFIABLE INFORMATION], ,Street,Dry,No Unusual Conditions,15.0, ,Daylight, , ,Y, , , , , ,,SUV,No Injuries Reported,Yes,Passing,No,No, , , , , , , , ,Y, , ,Parked,No,No,"No, see Narrative",0.0, ,Y, , , , , , , , , , , , ,Y, ,Y,Y, , ,No,, ,Yes,, ,, ,, ,Yes, ,"On March [XXX], 2025 at 4:30 PM PT a Waymo Autonomous Vehicle (""Waymo AV"") operating in Venice, California was in a collision involving an SUV on [XXX] near [XXX]. 
The Waymo AV was traveling southeastbound on [XXX] when it came to a stop for a passenger drop-off. An SUV traveling directly behind the parked Waymo AV attempted to pass on the left of the Waymo AV. As the SUV passed the Waymo AV, the front passenger side of the SUV made contact with the rear driver side of the Waymo AV. At the time of the impact, the Waymo AV's Level 4 ADS was engaged in autonomous mode. The passenger in the vehicle was not belted at the time of the collision as they were preparing to exit the Waymo AV. The SUV sustained damage.
Waymo is reporting this crash under Request No. 2 of Standing General Order 2021-01. Waymo may supplement or correct its reporting with additional information as it may become available.", ,True,90291,LOS_ANGELES,V2V Lateral,True,False,prior_june16,,,,,,,,,,,,,,,,,,,,,,,,,,,
30270-10326,1,Waymo LLC,Monthly,3.0,2025.0,APR-2025,SADHW2S19R1, ,,Jaguar,I-Pace, ,2024.0, ,4397efdcc60adba,1225.0, ,,5th Generation ADS, , ,5th Generation, , ,Version 9, , ,, ,Y,,, ,Y,Yes (specify below),"CA DMV, CA PUC",Yes,ADS,Waymo LLC, , ,Y, , , , , ,,MAR-2025, ,MAR-2025,08:36, ,f4c74c5f46b77e2,[MAY CONTAIN PERSONALLY IDENTIFIABLE INFORMATION], ,[MAY CONTAIN PERSONALLY IDENTIFIABLE INFORMATION], ,[MAY CONTAIN PERSONALLY IDENTIFIABLE INFORMATION], ,San Francisco, ,CA ,[MAY CONTAIN PERSONALLY IDENTIFIABLE INFORMATION], ,Street,Dry,No Unusual Conditions,25.0, ,Daylight,Y, , , , , , , ,,Heavy Truck,No Injuries Reported,Yes,Proceeding Straight,No,No, , ,Y, , , , , , , , ,Stopped,No,No,No Passengers in Vehicle,0.0, ,Y, , , , , , , , , , , , ,Y, ,Y,Y, , ,No,, ,Yes,, ,, ,, ,Yes, ,"On March [XXX], 2025 at 8:36 AM PT a Waymo Autonomous Vehicle (""Waymo AV"") operating in San Francisco, California was in a collision involving a heavy truck on [XXX] near [XXX]. 
The Waymo AV was stopped facing west on [XXX], yielding to a stopped garbage truck facing east in a narrow roadway with parked vehicles on both sides of the street. As the garbage truck proceeded to move forward and pass the stopped Waymo AV, the driver side of the garbage truck made contact with the rear driver side of the Waymo AV. At the time of the impact, the Waymo AV's Level 4 ADS was engaged in autonomous mode. Both vehicles sustained damage.
Waymo is reporting this crash under Request No. 2 of Standing General Order 2021-01. Waymo may supplement or correct its reporting with additional information as it may become available.", ,True,94114,SAN_FRANCISCO,V2V Head-on,False,False,prior_june16,,,,,,,,,,,,,,,,,,,,,,,,,,,
30270-10327,1,Waymo LLC,Monthly,3.0,2025.0,APR-2025,SADHW2S15R1, ,,Jaguar,I-Pace, ,2024.0, ,9ce87e9f64b38aa,15971.0, ,,5th Generation ADS, , ,5th Generation, , ,Version 9, , ,, ,Y,,, ,Y,Yes (specify below),"CA DMV, CA PUC",Yes,ADS,Waymo LLC, , ,Y, , , , , ,,MAR-2025, ,MAR-2025,14:09, ,7387be18790a2af,[MAY CONTAIN PERSONALLY IDENTIFIABLE INFORMATION], ,[MAY CONTAIN PERSONALLY IDENTIFIABLE INFORMATION], ,[MAY CONTAIN PERSONALLY IDENTIFIABLE INFORMATION], ,Beverly Hills, ,CA ,[MAY CONTAIN PERSONALLY IDENTIFIABLE INFORMATION], ,Street,Dry,No Unusual Conditions,25.0, ,Daylight, , ,Y, , , , , ,,SUV,No Injuries Reported,Yes,Proceeding Straight,No,No, , , , , , , ,Y, , , ,Parked,No,No,"No, see Narrative",0.0, ,Y, , , , , , , , , , , , ,Y, ,Y,Y, , ,No,, ,Yes,, ,, ,, ,Yes, ,"On March [XXX], 2025 at 2:09 PM PT a Waymo Autonomous Vehicle (""Waymo AV"") operating in Beverly Hills, California was in a collision involving an SUV on [XXX] near [XXX].  
The Waymo AV was parked near the curb facing east on [XXX] for a passenger pickup when an SUV traveling east on [XXX] began to pass the Waymo AV. As the SUV passed the parked Waymo AV, the passenger side of the SUV made contact with the rear driver side of the stationary Waymo AV. The passenger, who was seated in the front of the Waymo AV, was not belted at the time of the collision, having just entered the vehicle. At the time of the impact, the Waymo AV's Level 4 ADS was engaged in autonomous mode. Both vehicles sustained damage.
Waymo is reporting this crash under Request No. 2 of Standing General Order 2021-01. Waymo may supplement or correct its reporting with additional information as it may become available.", ,False,90212,LOS_ANGELES,V2V Lateral,False,False,prior_june16,,,,,,,,,,,,,,,,,,,,,,,,,,,
30270-10332,1,Waymo LLC,Monthly,3.0,2025.0,APR-2025,SADHW2S13R1, ,,Jaguar,I-PACE, ,2024.0, ,3a41fdf19a1379a,29688.0, ,,5th Generation ADS, , ,5th Generation, , ,Version 9, , ,, ,Y,,, ,Y,Yes (specify below),"CA DMV, CA PUC",Yes,ADS,Waymo LLC, , ,Y, , , , , ,,MAR-2025, ,MAR-2025,09:29, ,1da574bf86e86e6,[MAY CONTAIN PERSONALLY IDENTIFIABLE INFORMATION], ,[MAY CONTAIN PERSONALLY IDENTIFIABLE INFORMATION], ,[MAY CONTAIN PERSONALLY IDENTIFIABLE INFORMATION], ,San Francisco, ,CA ,[MAY CONTAIN PERSONALLY IDENTIFIABLE INFORMATION], ,Intersection,Dry,No Unusual Conditions,25.0, ,Daylight,Y, , , , , , , ,,Pickup Truck,No Injuries Reported,Yes,Proceeding Straight,No,No, , , , , ,Y, , , , , ,Stopped,No,No,Yes,0.0, , , , ,Y, , , , , , , , , ,Y, ,Y,Y, , ,No,, ,Yes,, ,, ,, ,Yes, ,"On March [XXX], 2025 at 9:29 AM PT a Waymo Autonomous Vehicle (""Waymo AV"") operating in San Francisco, California was in a collision involving a pickup truck on [XXX] at [XXX]. 
The Waymo AV was traveling eastbound on [XXX] came to a stop for a right light at the intersection of [XXX].  When the traffic light turned green, the Waymo AV remained stopped as there were vehicles traveling southbound on [XXX] still occupying the intersection. While the Waymo AV remained stopped, a pickup truck approached the Waymo AV from behind, and the front of the pickup truck made contact with the rear of the stationary Waymo AV. At the time of the impact, the Waymo AV's Level 4 ADS was engaged in autonomous mode. The Waymo AV sustained damage.
Waymo is reporting this crash under Request No. 2 of Standing General Order 2021-01. Waymo may supplement or correct its reporting with additional information as it may become available.", ,True,94104,SAN_FRANCISCO,V2V F2R,False,False,prior_june16,,,,,,,,,,,,,,,,,,,,,,,,,,,
30270-10349,2,Waymo LLC,10-Day Update,,,APR-2025,SADHW2S12R1, ,,Jaguar,I-Pace, ,2024.0, ,c3868a60524aabc,34894.0, ,,5th Generation ADS, , ,5th Generation, , ,Version 9, , ,, ,Y,,, ,Y,Yes (specify below),"CA DMV, CA PUC",Yes,ADS,Waymo LLC, , ,Y, , , , , ,,MAR-2025, ,MAR-2025,14:48, ,3b84b8c3a920423,[MAY CONTAIN PERSONALLY IDENTIFIABLE INFORMATION], ,[MAY CONTAIN PERSONALLY IDENTIFIABLE INFORMATION], ,[MAY CONTAIN PERSONALLY IDENTIFIABLE INFORMATION], ,San Francisco, ,CA ,[MAY CONTAIN PERSONALLY IDENTIFIABLE INFORMATION], ,Intersection,Dry,No Unusual Conditions,25.0, ,Daylight, , ,Y, , , , , ,,Motorcycle,No Injuries Reported,Yes,Passing,No,No, , ,Y, , , , , , , , ,Stopped,No,No,No Passengers in Vehicle,0.0, ,Y, , , , , , , , , , , , ,Y, ,Y,Y, , ,No,, ,Yes,, ,, ,, ,Yes, ,"The content of this report is unchanged from the initial report submitted on March 28, 2025 [REDACTED, MAY CONTAIN CONFIDENTIAL BUSINESS INFORMATION]. 
On March [XXX], 2025 at 2:48 PM PT a Waymo Autonomous Vehicle (""Waymo AV"") operating in San Francisco, California was in a collision involving a motorcycle on [XXX] at [XXX]. 
The Waymo AV was traveling westbound on [XXX] and came to a stop at the stop sign at the intersection with [XXX]. A motorcycle traveling westbound on [XXX] approached the Waymo AV from behind, and the left side of the motorcycle made contact with the rear passenger side of the stationary Waymo AV. The rider and motorcycle fell to the ground to the right of the Waymo AV, and then returned to a standing position. At the time of the impact, the Waymo AV's Level 4 ADS was engaged in autonomous mode. The motorcycle sustained damage.
Waymo is reporting this crash under Request No. 1 of Standing General Order 2021-01 because a vulnerable road user influenced the driving task of a vehicle involved. Waymo may supplement or correct its reporting with additional information as it may become available.", ,False,94103,SAN_FRANCISCO,Motorcycle,False,False,prior_june16,,,,,,,,,,,,,,,,,,,,,,,,,,,
30270-10438,1,Waymo LLC,Monthly,3.0,2025.0,APR-2025,SADHW2S12R1, ,,Jaguar,I-Pace, ,2024.0, ,e7c7d499b6f8f51,23138.0, ,,5th Generation ADS, , ,5th Generation, , ,Version 9, , ,, ,Y,,, ,Y,Yes (specify below),"CA DMV, CA PUC",Yes,ADS,Waymo LLC, , ,Y, , , , , ,,MAR-2025, ,MAR-2025,11:01, ,a2fc403c2ef36ee,[MAY CONTAIN PERSONALLY IDENTIFIABLE INFORMATION], ,[MAY CONTAIN PERSONALLY IDENTIFIABLE INFORMATION], ,[MAY CONTAIN PERSONALLY IDENTIFIABLE INFORMATION], ,Los Angeles, ,CA ,[MAY CONTAIN PERSONALLY IDENTIFIABLE INFORMATION], ,Intersection,Dry,No Unusual Conditions,35.0, ,Daylight,Y, , , , , , , ,,Pickup Truck,No Injuries Reported,Yes,Proceeding Straight,No,No, , , , , ,Y, , , , , ,Stopped,No,No,Yes,0.0, , , , ,Y, , , , , , , , , ,Y, ,Y,Y, , ,No,, ,Yes,, ,, ,, ,Yes, ,"On March [XXX], 2025 at 11:01 AM PT a Waymo Autonomous Vehicle (""Waymo AV"") operating in Los Angeles, California was in a collision involving a pickup truck on [XXX] at [XXX]. 
The Waymo AV was stopped facing southwest on [XXX] in the left turn lane at the intersection of [XXX] waiting for northeastbound traffic to clear before proceeding to turn left onto [XXX]. While the Waymo AV remained stopped as it yielded to traffic, a pickup truck that was stopped directly behind the Waymo AV moved forward and the front of the pickup truck made contact with the rear of the stationary Waymo AV. At the time of the impact, the Waymo AV's Level 4 ADS was engaged in autonomous mode. Both vehicles sustained damage.
Waymo is reporting this crash under Request No. 2 of Standing General Order 2021-01. Waymo may supplement or correct its reporting with additional information as it may become available.", ,False,90025,LOS_ANGELES,V2V F2R,False,False,prior_june16,,,,,,,,,,,,,,,,,,,,,,,,,,,
30270-10335,1,Waymo LLC,Monthly,3.0,2025.0,APR-2025,SADHW2S13R1, ,,Jaguar,I-Pace, ,2024.0, ,b5ce786e1bf0900,7509.0, ,,5th Generation ADS, , ,5th Generation, , ,Version 9, , ,, ,Y,,, ,Y,Yes (specify below),"CA DMV, CA PUC",Yes,ADS,Waymo LLC, , ,Y, , , , , ,,MAR-2025, ,MAR-2025,13:11, ,2b4ae7e6e7a0b7e,[MAY CONTAIN PERSONALLY IDENTIFIABLE INFORMATION], ,[MAY CONTAIN PERSONALLY IDENTIFIABLE INFORMATION], ,[MAY CONTAIN PERSONALLY IDENTIFIABLE INFORMATION], ,Los Angeles, ,CA ,[MAY CONTAIN PERSONALLY IDENTIFIABLE INFORMATION], ,Intersection,Dry,No Unusual Conditions,35.0, ,Daylight,Y, , , , , , , ,,SUV,No Injuries Reported,Yes,Changing Lanes,No,No, , , , , , , ,Y, , , ,Stopped,No,No,No Passengers in Vehicle,0.0, ,Y, , , , , , , , , , , , ,Y, ,Y,Y, , ,No,, ,Yes,, ,, ,, ,Yes, ,"On March [XXX], 2025 at 1:11 PM PT a Waymo Autonomous Vehicle (""Waymo AV"") operating in Los Angeles, California was in a collision involving an SUV on [XXX] at [XXX]. 
The Waymo AV was traveling eastbound in the second from the right lane on [XXX] and came to a stop for a red light at [XXX].  As the light turned green, the Waymo AV remained stationary due to an earlier gesture from the pedestrian directing traffic. An SUV traveling eastbound, directly behind the Waymo AV maneuvered into the left turn lane to pass the Waymo AV, and the rear passenger side of the SUV made contact with the rear driver side of the stationary Waymo AV.  At the time of the impact, the Waymo AV's Level 4 ADS was engaged in autonomous mode. The SUV sustained damage.
Waymo is reporting this crash under Request No. 2 of Standing General Order 2021-01. Waymo may supplement or correct its reporting with additional information as it may become available.", ,True,90036,LOS_ANGELES,V2V Lateral,False,False,prior_june16,,,,,,,,,,,,,,,,,,,,,,,,,,,
30270-10336,1,Waymo LLC,Monthly,3.0,2025.0,APR-2025,SADHW2S18R1, ,,Jaguar,I-Pace, ,2024.0, ,31e7a222dd92db2,1557.0, ,,5th Generation ADS, , ,5th Generation, , ,Version 9, , ,, ,Y,,, ,Y,Yes (specify below),"CA DMV, CA PUC",Yes,ADS,Waymo LLC, , ,Y, , , , , ,,MAR-2025, ,MAR-2025,23:00, ,41e60e15cc0ccfa,[MAY CONTAIN PERSONALLY IDENTIFIABLE INFORMATION], ,[MAY CONTAIN PERSONALLY IDENTIFIABLE INFORMATION], ,[MAY CONTAIN PERSONALLY IDENTIFIABLE INFORMATION], ,West Hollywood, ,CA ,[MAY CONTAIN PERSONALLY IDENTIFIABLE INFORMATION], ,Street,Dry,No Unusual Conditions,30.0, ,Dark - Lighted,Y, , , , , , , ,,Passenger Car,No Injuries Reported,Yes,Proceeding Straight,No,No, , , , , , , , ,Y, , ,Parked,No,No,"No, see Narrative",0.0, , ,Y, , , , , , , , , , , ,Y, ,Y,Y, , ,No,, ,Yes,, ,, ,, ,Yes, ,"On March [XXX], 2025 at 11:00 PM PT a Waymo Autonomous Vehicle (""Waymo AV"") operating in West Hollywood, California was in a collision involving a passenger car on [XXX] near [XXX]. 
The Waymo AV was parked at the curb with hazard lights activated, facing eastbound on [XXX] for a passenger pickup. The Waymo AV passenger opened the rear driver side door as a passenger car was traveling eastbound on [XXX] in the adjacent lane. As the passenger car passed by the Waymo AV, the front passenger side of the passenger car made contact with the open driver side rear door of the Waymo AV. The passenger was not belted at the time of the collision as they were still in the process of entering the Waymo AV. At the time of the impact, the Waymo AV's Level 4 ADS was engaged in autonomous mode. Both vehicles sustained damage. 
Waymo is reporting this crash under Request No. 2 of Standing General Order 2021-01. Waymo may supplement or correct its reporting with additional information as it may become available.", ,False,90046,LOS_ANGELES,All Others,False,False,prior_june16,,,,,,,,,,,,,,,,,,,,,,,,,,,