Report ID,Report Version,Reporting Entity,Report Type,Report Month,Report Year,Report Submission Date,VIN,VIN - Unknown,Serial Number,Make,Model,Model - Unknown,Model Year,Model Year - Unknown,Same Vehicle ID,Mileage,Mileage - Unknown,Driver / Operator Type,ADAS/ADS System Version,ADAS/ADS System Version - Unk,ADAS/ADS System Version CBI,ADAS/ADS Hardware Version,ADAS/ADS Hardware Version - Unk,ADAS/ADS Hardware Version CBI,ADAS/ADS Software Version,ADAS/ADS Software Version - Unk,ADAS/ADS Software Version CBI,Other Reporting Entities?,Other Reporting Entities? - Unk,Other Reporting Entities? - NA,Federal Regulatory Exemption?,Other Federal Reg. Exemption,Federal Reg. Exemption - Unk,Federal Reg. Exemption - No,State or Local Permit?,State or Local Permit,ADS Equipped?,Automation System Engaged?,Operating Entity,Operating Entity - Unknown,Source - Complaint/Claim,Source - Telematics,Source - Law Enforcement,Source - Field Report,Source - Testing,Source - Media,Source - Other,Source - Other Text,Incident Date,Incident Date - Unknown,Notice Received Date,Incident Time (24:00),Incident Time - Unknown,Same Incident ID,Latitude,Latitude - Unknown,Longitude,Longitude - Unknown,Address,Address - Unknown,City,City - Unknown,State,Zip Code,Zip Code - Unknown,Roadway Type,Roadway Surface,Roadway Description,Posted Speed Limit (MPH),Posted Speed Limit - Unknown,Lighting,Weather - Clear,Weather - Snow,Weather - Cloudy,Weather - Fog/Smoke,Weather - Rain,Weather - Severe Wind,Weather - Unknown,Weather - Other,Weather - Other Text,Crash With,Highest Injury Severity Alleged,Property Damage?,CP Pre-Crash Movement,CP Any Air Bags Deployed?,CP Was Vehicle Towed?,CP Contact Area - Rear Left,CP Contact Area - Left,CP Contact Area - Front Left,CP Contact Area - Rear,CP Contact Area - Top,CP Contact Area - Front,CP Contact Area - Rear Right,CP Contact Area - Right,CP Contact Area - Front Right,CP Contact Area - Bottom,CP Contact Area - Unknown,SV Pre-Crash Movement,SV Any Air Bags Deployed?,SV Was Vehicle Towed?,SV Were All Passengers Belted?,SV Precrash Speed (MPH),SV Pre-crash Speed - Unknown,SV Contact Area - Rear Left,SV Contact Area - Left,SV Contact Area - Front Left,SV Contact Area - Rear,SV Contact Area - Top,SV Contact Area - Front,SV Contact Area - Rear Right,SV Contact Area - Right,SV Contact Area - Front Right,SV Contact Area - Bottom,SV Contact Area - Unknown,Data Availability - EDR,Data Availability - Police Rpt,Data Availability - Telematics,Data Availability - Complaints,Data Availability - Video,Data Availability - Other,Data Availability - No Data,Data Availability - Unknown,Law Enforcement Investigating?,Investigating Agency,Investigating Agency - Unknown,Rep Ent Or Mfr Investigating?,Investigating Officer Name,Inv. Officer Name - Unknown,Investigating Officer Phone,Inv. Officer Phone - Unknown,Investigating Officer Email,Inv. Officer Email - Unknown,Within ODD?,Within ODD? - CBI,Narrative,Narrative - CBI?,hub_delta_v_less_than_1mph,hub_zip_code,hub_location,hub_crash_type,hub_is_police_reported,hub_is_any_injury_reported,data_period,VIN Decoded,Make - Unknown,Automation Feature Version,Automation Feature Version CBI,Engagement Status,Source - Internal Process Review,Source - NHTSA VOQ,Source - Other - See Narrative,Source - Other Entity,Source - State or Other Agency,Roadway-Degraded Surface,Roadway-Missing/Degraded Marking,Roadway-No Unusual Conditions,Roadway-Other-See Narrative,Roadway-Traffic Incident,Roadway-Unknown,Roadway-Wet Surface Condition,Roadway-Work Zone,Weather - Partly Cloudy,Weather - Fog/Smoke/Haze,Weather - Dust Storm,Weather - Severe Hurricane,Weather - Structure-Indoor,Weather - Unk - See Narrative,Any Air Bags Deployed?,Was Any Vehicle Towed?,Were All Passengers Belted?
30270-11821,1,Waymo LLC,5-Day,,,OCT-2025,SADHW2S15R1,,,JAGUAR,I-PACE, ,2024.0, ,15a27e37627e8f0,,,,,,,,,,,,,,,,,,,,,,,ADS,Waymo LLC, , ,Y, , , , ,,,SEP-2025, ,,04:51, ,d23ce59f22e299f,[MAY CONTAIN PERSONALLY IDENTIFIABLE INFORMATION], ,[MAY CONTAIN PERSONALLY IDENTIFIABLE INFORMATION], ,[MAY CONTAIN PERSONALLY IDENTIFIABLE INFORMATION], ,Los Angeles, ,CA,[MAY CONTAIN PERSONALLY IDENTIFIABLE INFORMATION], ,Street,,,,,,Y, , ,, , ,,,,SUV,Property Damage. No Injured Reported,,Backing,,, , , , , , ,Y, , , , ,Stopped,,,,0.0, , , , , , , , , ,Y, , , , ,Y, ,Y, , , ,,, ,,,,,,,,Yes, ,"On September 28, 2025 at 4:51 AM PT a Waymo Autonomous Vehicle (""Waymo AV"") operating in Los Angeles, California was in a collision involving an SUV on Beverly Boulevard at W. Temple Street. 
The Waymo AV was stopped in a queue of traffic facing northwest in the left lane on Beverly Boulevard for the red light at the intersection with W. Temple Street. An SUV that was stopped directly in front of the Waymo AV activated its hazard lights. The SUV then reversed and the rear of the SUV made contact with the front of the stationary Waymo AV. The driver and passenger of the SUV then exited their vehicle and at 4:54 AM the passenger of the SUV tore off the Waymo AV's right side mirror. At the time of the impact, the Waymo AV's Level 4 ADS was engaged in autonomous mode. Both vehicles sustained damage.

Waymo is reporting this crash under Request No. 1 of Standing General Order 2021-01 because a vehicle involved was towed away. Waymo may supplement or correct its reporting with additional information as it may become available.", ,False,90004,LOS_ANGELES,V2V Backing,False,False,post_june16,Y, ,"5th Generation ADS, Version 10", ,Verified Engaged, , , , , , , ,Y, , , , , , , , , , , ,"No Subject Vehicle, No Crash Partner","Yes Subject Vehicle, No Crash Partner",Subject Vehicle - No Passenger In Vehicle
30270-11839,1,Waymo LLC,Monthly,9.0,2025.0,OCT-2025,SADHW2S16R1,,,JAGUAR,I-PACE, ,2024.0, ,f48ff35eafa2b0b,,,,,,,,,,,,,,,,,,,,,,,ADS,Waymo LLC, , ,Y, , , , ,,,SEP-2025, ,,17:41, ,d8b6f7f5b4b77bf,[MAY CONTAIN PERSONALLY IDENTIFIABLE INFORMATION], ,[MAY CONTAIN PERSONALLY IDENTIFIABLE INFORMATION], ,[MAY CONTAIN PERSONALLY IDENTIFIABLE INFORMATION], ,San Francisco, ,CA,[MAY CONTAIN PERSONALLY IDENTIFIABLE INFORMATION], ,Intersection,,,,,,Y, , ,, , ,,,,Passenger Car,Property Damage. No Injured Reported,,Proceeding Straight,,, , , , , , , , ,Y, , ,Stopped,,,,0.0, , , , , , , ,Y, , , , , , ,Y, ,Y, , , ,,, ,,,,,,,,Yes, ,"On September 6, 2025 at 5:41 PM PT a Waymo Autonomous Vehicle (""Waymo AV"") operating in San Francisco, California was in a collision involving a passenger car on Divisadero Street at Chestnut Street. 
The Waymo AV was stopped facing north on Divisadero Street for a stop sign at the intersection at Chestnut Street. While the Waymo AV remained stopped to yield to pedestrians crossing the street, a passenger car with hazard lights activated approached the Waymo AV from behind and the front of the passenger car made contact with the rear of the stationary Waymo AV. At the time of the impact, the Waymo AV's Level 4 ADS was engaged in autonomous mode. Both vehicles sustained damage.

Waymo is reporting this crash under Request No. 2 of Standing General Order 2021-01. Waymo may supplement or correct its reporting with additional information as it may become available.", ,False,94123,SAN_FRANCISCO,V2V F2R,False,False,post_june16,Y, ,"5th Generation ADS, Version 10", ,Verified Engaged, , , , , , , ,Y, , , , , , , , , , , ,"No Subject Vehicle, No Crash Partner","No Subject Vehicle, No Crash Partner",Subject Vehicle - All Belted
30270-11851,1,Waymo LLC,Monthly,9.0,2025.0,OCT-2025,SADHW2S10R1,,,JAGUAR,I-PACE, ,2024.0, ,d8b37d0763f2362,,,,,,,,,,,,,,,,,,,,,,,ADS,Waymo LLC, , ,Y, , , , ,,,SEP-2025, ,,10:35, ,5f7ba65a97e90d7,[MAY CONTAIN PERSONALLY IDENTIFIABLE INFORMATION], ,[MAY CONTAIN PERSONALLY IDENTIFIABLE INFORMATION], ,[MAY CONTAIN PERSONALLY IDENTIFIABLE INFORMATION], ,South San Francisco, ,CA,[MAY CONTAIN PERSONALLY IDENTIFIABLE INFORMATION], ,Street,,,,,,Y, , ,, , ,,,,Passenger Car,Property Damage. No Injured Reported,,Proceeding Straight,,, , ,Y, , , , , , , , ,Stopped,,,,0.0, , , , ,Y, , , , , , , , , ,Y, ,Y, , , ,,, ,,,,,,,,Yes, ,"On September 23, 2025 at 10:35 AM PT a Waymo Autonomous Vehicle (""Waymo AV"") operating in South San Francisco, California was in a collision involving a passenger car on San Mateo Avenue near Lowrie Avenue. 
The Waymo AV was traveling southbound on San Mateo Avenue when it came to a stop behind a heavy truck that was parked in-lane, yielding to oncoming northbound traffic before passing the heavy truck. After traffic cleared, the Waymo AV began to maneuver around the heavy truck, but stopped as a forklift operating at the rear of the heavy truck and to the right of the Waymo AV began to move. A passenger car that was traveling directly behind the Waymo AV approached the Waymo AV from behind and the front right of the passenger car made contact with the rear left of the stationary Waymo AV. At the time of the impact, the Waymo AV's Level 4 ADS was engaged in autonomous mode. The passenger car sustained damage.

Waymo is reporting this crash under Request No. 2 of Standing General Order 2021-01. Waymo may supplement or correct its reporting with additional information as it may become available.", ,False,94080,SAN_FRANCISCO,V2V F2R,False,False,post_june16,Y, ,"5th Generation ADS, Version 10", ,Verified Engaged, , , , , , , ,Y, , , , , , , , , , , ,"No Subject Vehicle, No Crash Partner","No Subject Vehicle, No Crash Partner",Subject Vehicle - No Passenger In Vehicle
30270-11853,1,Waymo LLC,Monthly,9.0,2025.0,OCT-2025,SADHW2S19R1,,,JAGUAR,I-PACE, ,2024.0, ,4e3337ffd13d65a,,,,,,,,,,,,,,,,,,,,,,,ADS,Waymo LLC, , ,Y, , , , ,,,SEP-2025, ,,13:08, ,7d9661d6d9464e2,[MAY CONTAIN PERSONALLY IDENTIFIABLE INFORMATION], ,[MAY CONTAIN PERSONALLY IDENTIFIABLE INFORMATION], ,[MAY CONTAIN PERSONALLY IDENTIFIABLE INFORMATION], ,San Francisco, ,CA,[MAY CONTAIN PERSONALLY IDENTIFIABLE INFORMATION], ,Street,,,,,,Y, , ,, , ,,,,Heavy Truck,Property Damage. No Injured Reported,,Passing,,, ,Y, , , , , , , , , ,Stopped,,,,0.0, , , , ,Y, , , , , , , , , ,Y, ,Y, , , ,,, ,,,,,,,,Yes, ,"On September 18, 2025 at 1:08 PM PT a Waymo Autonomous Vehicle (""Waymo AV"") operating in San Francisco, California was in a collision involving a heavy truck on Florida Street near 24th Street.
The Waymo AV was traveling southbound on a narrow portion of Florida Street with vehicles parked at the curb in both directions when it slowed to a stop to yield to a heavy truck traveling northbound on Florida Street. As the heavy truck passed the stationary Waymo AV, the left side of the heavy truck trailer made contact with the rear left side of the Waymo AV. At the time of the impact, the Waymo AV's Level 4 ADS was engaged in autonomous mode. The Waymo AV sustained damage.

Waymo is reporting this crash under Request No. 2 of Standing General Order 2021-01. Waymo may supplement or correct its reporting with additional information as it may become available.", ,True,94110,SAN_FRANCISCO,V2V Head-on,False,False,post_june16,Y, ,"5th Generation ADS, Version 10", ,Verified Engaged, , , , , , , ,Y, , , , , , , , , , , ,"No Subject Vehicle, No Crash Partner","No Subject Vehicle, No Crash Partner",Subject Vehicle - No Passenger In Vehicle
30270-11756,1,Waymo LLC,5-Day,,,SEP-2025,SADHW2S14R1,,,JAGUAR,I-PACE, ,2024.0, ,12d3a1a35e1a982,,,,,,,,,,,,,,,,,,,,,,,ADS,Waymo LLC, , ,Y, , , , ,,,SEP-2025, ,,15:18, ,7b542085705b355,[MAY CONTAIN PERSONALLY IDENTIFIABLE INFORMATION], ,[MAY CONTAIN PERSONALLY IDENTIFIABLE INFORMATION], ,[MAY CONTAIN PERSONALLY IDENTIFIABLE INFORMATION], ,San Francisco, ,CA,[MAY CONTAIN PERSONALLY IDENTIFIABLE INFORMATION], ,Intersection,,,,,,Y, , ,, , ,,,,Bus,Property Damage. No Injured Reported,,Proceeding Straight,,, , , , , , , ,Y, , , ,Stopped,,,,0.0, , , , ,Y, , , , , , , , , ,Y, ,Y, , , ,,, ,,,,,,,,Yes, ,"On September [XXX], 2025 at 3:18 PM PT a Waymo Autonomous Vehicle (""Waymo AV"") operating in San Francisco, California was in a collision involving a bus on [XXX] at [XXX]. 
The Waymo AV was traveling westbound on [XXX] with its right turn signal activated, intending to turn right on [XXX], when it came to a stop, positioned to the right side of the lane at the stop sign with [XXX].  After coming to a stop, the Waymo AV remained stopped, yielding to pedestrians in the crosswalk crossing [XXX]. A bus traveling westbound on [XXX] approached the stop sign at the intersection, maneuvered partially into the oncoming lane, and stopped adjacent to the Waymo AV. After the pedestrians finished crossing [XXX] the bus began to proceed straight through the intersection and the right side of the bus made contact with the left side of the Waymo AV. At the time of the impact, the Waymo AV's Level 4 ADS was engaged in autonomous mode. The Waymo AV sustained damage.
Waymo is reporting this crash under Request No. 1 of Standing General Order 2021-01 because a vehicle involved was towed away. Waymo may supplement or correct its reporting with additional information as it may become available.", ,True,94117,SAN_FRANCISCO,V2V Lateral,False,False,post_june16,Y, ,"5th Generation ADS, Version 10", ,Verified Engaged, , , , , , , ,Y, , , , , , , , , , , ,"No Subject Vehicle, No Crash Partner","Yes Subject Vehicle, No Crash Partner",Subject Vehicle - All Belted
30270-11753,1,Waymo LLC,5-Day,,,SEP-2025,SADHW2S10R1,,,JAGUAR,I-PACE, ,2024.0, ,1bf9c9b80410c95,,,,,,,,,,,,,,,,,,,,,,,ADS,Waymo LLC, , ,Y, , , , ,,,SEP-2025, ,,00:16, ,daa0c6e71de2c87,[MAY CONTAIN PERSONALLY IDENTIFIABLE INFORMATION], ,[MAY CONTAIN PERSONALLY IDENTIFIABLE INFORMATION], ,[MAY CONTAIN PERSONALLY IDENTIFIABLE INFORMATION], ,Los Angeles, ,CA,[MAY CONTAIN PERSONALLY IDENTIFIABLE INFORMATION], ,Street,,,,,,Y, , ,, , ,,,,SUV,Property Damage. No Injured Reported,,Proceeding Straight,,, , , , , , , ,Y, , , ,Stopped,,,,0.0, , , , ,Y, , , , , , , , , ,Y, ,Y, , , ,,, ,,,,,,,,Yes, ,"On September [XXX], 2025 at 12:16 AM PT a Waymo Autonomous Vehicle (""Waymo AV"") operating in Los Angeles, California was in a collision involving an SUV on [XXX] near [XXX]. 
The Waymo AV was traveling northbound on [XXX] when it slowed to a stop and parked in-lane for a passenger drop-off with hazard lights activated. While the Waymo AV was stopped, an SUV that was traveling northbound on [XXX] directly behind the Waymo AV proceeded to pass the Waymo AV on the left. While the SUV was maneuvering around the stationary Waymo AV, a passenger in the Waymo AV opened the rear left door and the open rear left door made contact with the right side of the SUV. At the time of the impact, the Waymo AV's Level 4 ADS was engaged in autonomous mode. Both vehicles sustained damage. A passenger in the Waymo AV was not belted at the time of the collision, likely as they were preparing to exit the Waymo AV.
Waymo is reporting this crash under Request No. 1 of Standing General Order 2021-01 because a vehicle involved was towed away. Waymo may supplement or correct its reporting with additional information as it may become available.", ,True,90028,LOS_ANGELES,All Others,False,False,post_june16,Y, ,"5th Generation ADS, Version 10", ,Verified Engaged, , , , , , , ,Y, , , , , , , , , , , ,"No Subject Vehicle, No Crash Partner","Yes Subject Vehicle, No Crash Partner",Subject Vehicle - Not Belted - see Narrative
30270-11609,1,Waymo LLC,5-Day,,,SEP-2025,SADHW2S13R1,,,JAGUAR,I-PACE, ,2024.0, ,01d7bab987ddc02,,,,,,,,,,,,,,,,,,,,,,,ADS,Waymo LLC, , ,Y, , , , ,,,SEP-2025, ,,19:17, ,4b5b13895842c1b,[MAY CONTAIN PERSONALLY IDENTIFIABLE INFORMATION], ,[MAY CONTAIN PERSONALLY IDENTIFIABLE INFORMATION], ,, ,San Francisco, ,CA,, ,Street,,,,,, , ,Y,, , ,,,,Bus,Property Damage. No Injured Reported,,Passing,,, , , , , , , ,Y, , , ,Stopped,,,,0.0, , , , ,Y, , , , , , , , , ,Y, ,Y, , , ,,, ,,,,,,,,Yes, ,"On September [XXX]\, 2025 at 7:17 PM PT a Waymo Autonomous Vehicle (""Waymo AV"") operating in San Francisco, California was in a collision involving a bus on [XXX] near [XXX]. 
The Waymo was traveling southeastbound on [XXX] when it came to a stop in a queue of traffic in the right lane. While the Waymo AV remained stopped, a bus that was traveling behind the Waymo AV proceeded to change lanes to maneuver around the left of the Waymo AV. As the bus proceeded alongside the Waymo AV, the right side of the bus made contact with the rear left side of the stationary Waymo AV. At the time of the impact, the Waymo AV's Level 4 ADS was engaged in autonomous mode. The Waymo AV sustained damage.
Waymo is reporting this crash under Request No. 1 of Standing General Order 2021-01 because a vehicle involved was towed away. Waymo may supplement or correct its reporting with additional information as it may become available.", ,True, ,SAN_FRANCISCO,V2V Lateral,False,False,post_june16,Y, ,"5th Generation ADS, Version 10", ,Verified Engaged, , , , , , , ,Y, , , , , , , , , , , ,"No Subject Vehicle, No Crash Partner","Yes Subject Vehicle, No Crash Partner",Subject Vehicle - No Passenger In Vehicle
30270-11618,1,Waymo LLC,5-Day,,,SEP-2025,SADHW2S12R1,,,JAGUAR,I-PACE, ,2024.0, ,4f4fd5c6484e8d2,,,,,,,,,,,,,,,,,,,,,,,ADS,Waymo LLC, , ,Y, , , , ,,,SEP-2025, ,,14:52, ,27673b8954d27c0,[MAY CONTAIN PERSONALLY IDENTIFIABLE INFORMATION], ,[MAY CONTAIN PERSONALLY IDENTIFIABLE INFORMATION], ,, ,San Francisco, ,CA,, ,Intersection,,,,,,Y, , ,, , ,,,,Heavy Truck,Property Damage. No Injured Reported,,Crossing into Opposing Lane,,, ,Y, , , , , , , , , ,Stopped,,,,0.0, , , , ,Y, , , , , , , , , ,Y, ,Y, , , ,,, ,,,,,,,,Yes, ,"On September [XXX], 2025 at 2:52 PM PT a Waymo Autonomous Vehicle (""Waymo AV"") operating in San Francisco, California was in a collision involving a heavy truck on [XXX] at [XXX]. 
The Waymo AV was traveling northbound on [XXX] when it came to a stop for a red light at the intersection with [XXX]. A heavy truck and trailer traveling eastbound on [XXX] initiated a right turn onto southbound [XXX]. As the heavy truck was completing the turn and passing the stationary Waymo AV, the left side of the heavy truck's cab made contact with the rear left side of the Waymo AV. At the time of the impact, the Waymo AV's Level 4 ADS was engaged in autonomous mode. The Waymo AV sustained damage.
Waymo is reporting this crash under Request No. 1 of Standing General Order 2021-01 because a vehicle involved was towed away. Waymo may supplement or correct its reporting with additional information as it may become available.", ,True, ,SAN_FRANCISCO,V2V Intersection,False,False,post_june16,Y, ,"5th Generation ADS, Version 10", ,Verified Engaged, , , , , , , ,Y, , , , , , , , , , , ,"No Subject Vehicle, No Crash Partner","Yes Subject Vehicle, No Crash Partner",Subject Vehicle - All Belted
30270-11625,1,Waymo LLC,5-Day,,,SEP-2025,SADHW2S15R1,,,JAGUAR,I-PACE, ,2024.0, ,e1804ae27c0a305,,,,,,,,,,,,,,,,,,,,,,,ADS,Waymo LLC, , ,Y, , , , ,,,SEP-2025, ,,23:08, ,6586da4de372b9e,[MAY CONTAIN PERSONALLY IDENTIFIABLE INFORMATION], ,[MAY CONTAIN PERSONALLY IDENTIFIABLE INFORMATION], ,, ,San Francisco, ,CA,, ,Street,,,,,,Y, , ,, , ,,,,Motorcycle,Property Damage. No Injured Reported,,Proceeding Straight,,, , , , , , , , ,Y, , ,Proceeding Straight,,,,1.0, , , , , , , ,Y, , , , , , ,Y, ,Y, , , ,,San Francisco Police Department, ,,,,,,,,Yes, ,"On September [XXX], 2025 at 11:08 PM PT a Waymo Autonomous Vehicle (""Waymo AV"") operating in San Francisco, California was in a collision involving a motorcycle on [XXX] at [XXX]. 
The Waymo AV was traveling southwestbound on [XXX] when it slowed to a stop to yield to a vehicle stopped in-lane facing southwest on [XXX].  A motorcycle that was traveling behind the Waymo AV approached the Waymo AV from behind and the front of the motorcycle made contact with the rear of the stationary Waymo AV. At the time of the impact, the Waymo AV's Level 4 ADS was engaged in autonomous mode. Both vehicles sustained damage.
Waymo is reporting this crash under Request No. 1 of Standing General Order 2021-01 because a vehicle involved was towed away. Waymo may supplement or correct its reporting with additional information as it may become available.", ,False, ,SAN_FRANCISCO,Motorcycle,True,False,post_june16,Y, ,"5th Generation ADS, Version 10", ,Verified Engaged, , , , , , , ,Y, , , , , , , , , , , ,"No Subject Vehicle, No Crash Partner","Yes Subject Vehicle, No Crash Partner",Subject Vehicle - No Passenger In Vehicle
30270-11627,1,Waymo LLC,5-Day,,,SEP-2025,SADHW2S14R1,,,JAGUAR,I-PACE, ,2024.0, ,d3d11a83f01da9b,,,,,,,,,,,,,,,,,,,,,,,ADS,Waymo LLC, , ,Y, , , , ,,,SEP-2025, ,,19:58, ,4d83937ba1de317,[MAY CONTAIN PERSONALLY IDENTIFIABLE INFORMATION], ,[MAY CONTAIN PERSONALLY IDENTIFIABLE INFORMATION], ,, ,San Francisco, ,CA,, ,Street,,,,,,Y, , ,, , ,,,,Van,Property Damage. No Injured Reported,,Passing,,, , , , , , , ,Y, , , ,Parked,,,,0.0, , ,Y, , , , , , , , , , , ,Y, ,Y, , , ,,, ,,,,,,,,Yes, ,"On September [XXX], 2025 at 7:58 PM PT a Waymo Autonomous Vehicle (""Waymo AV"") operating in San Francisco, California was in a collision involving a van on [XXX] at [XXX]. 
The Waymo AV was traveling northeastbound on [XXX] when it came to a stop for a passenger drop-off near the intersection with [XXX]. While the Waymo AV was parked with its hazard lights activated, a van approached the Waymo AV from behind and entered the oncoming lane of [XXX] to maneuver around the Waymo AV. As the van passed the stationary Waymo AV on the left, a rider in the Waymo AV opened the rear left side door and the right side of the van made contact with the left rear side door. The passenger of the Waymo AV was not belted at the time of the impact because they were preparing to exit. At the time of the impact, the Waymo AV's Level 4 ADS was engaged in autonomous mode. Both vehicles sustained damage. No injuries were reported. 
Waymo is reporting this crash under Request No. 1 of Standing General Order 2021-01 because a vehicle involved was towed away. Waymo may supplement or correct its reporting with additional information as it may become available.", ,True, ,SAN_FRANCISCO,V2V Lateral,False,False,post_june16,Y, ,"5th Generation ADS, Version 10", ,Verified Engaged, , , , , , , ,Y, , , , , , , , , , , ,"No Subject Vehicle, No Crash Partner","Yes Subject Vehicle, No Crash Partner",Subject Vehicle - Not Belted - see Narrative
30270-11629,1,Waymo LLC,5-Day,,,SEP-2025,SADHW2S19R1,,,JAGUAR,I-PACE, ,2024.0, ,e52d4a05880b9d6,,,,,,,,,,,,,,,,,,,,,,,ADS,Waymo LLC, , ,Y, , , , ,,,SEP-2025, ,,15:13, ,b0245a0ab94b3b5,[MAY CONTAIN PERSONALLY IDENTIFIABLE INFORMATION], ,[MAY CONTAIN PERSONALLY IDENTIFIABLE INFORMATION], ,, ,Santa Monica, ,CA,, ,Parking Lot,,,,,,Y, , ,, , ,,,,"Other, see Narrative",Property Damage. No Injured Reported,,"Other, see Narrative",,, , , , , , , , , , ,Y,Proceeding Straight,,,,3.0, , , , , , ,Y, , , , , , , ,Y, ,Y, , , ,,, ,,,,,,,,Yes, ,"On September [XXX], 2025 at 3:13 PM PT a Waymo Autonomous Vehicle (""Waymo AV"") operating in Santa Monica, California was in a collision involving one-way traffic spikes at the exit of a parking lot located at [XXX]. 
The Waymo AV was traveling northwestbound on [XXX] when it turned left to enter a parking lot located at [XXX] to complete a multi-point turn. As the Waymo AV proceeded straight through a exit-only gate opening to the parking lot, the front left tire of the Waymo AV made contact with a strip of one-way traffic spikes. At the time of the impact, the Waymo AV's Level 4 ADS was engaged in autonomous mode. The Waymo AV sustained damage.
Waymo is reporting this crash under Request No. 1 of Standing General Order 2021-01 because a vehicle involved was towed away. Waymo may supplement or correct its reporting with additional information as it may become available.", ,True, ,LOS_ANGELES,Single Vehicle,False,False,post_june16,Y, ,"5th Generation ADS, Version 10", ,Verified Engaged, , , , , , , , ,Y, , , , , , , , , , ,"No Subject Vehicle, No Crash Partner","Yes Subject Vehicle, No Crash Partner",Subject Vehicle - All Belted
30270-11637,1,Waymo LLC,5-Day,,,SEP-2025,SADHW2S19R1,,,JAGUAR,I-PACE, ,2024.0, ,395a0197ee6a0ad,,,,,,,,,,,,,,,,,,,,,,,ADS,Waymo LLC, , ,Y, , , , ,,,SEP-2025, ,,18:59, ,2f735ba978a44ff,[MAY CONTAIN PERSONALLY IDENTIFIABLE INFORMATION], ,[MAY CONTAIN PERSONALLY IDENTIFIABLE INFORMATION], ,, ,Los Angeles, ,CA,, ,Intersection,,,,,,Y, , ,, , ,,,,SUV,Property Damage. No Injured Reported,,Making Left Turn,,, , , , , ,Y, , , , , ,Proceeding Straight,,,,20.0, , ,Y, , , , , , , , , , , ,Y, ,Y, , , ,,, ,,,,,,,,Yes, ,"On September [XXX], 2025 at 6:59 PM PT a Waymo Autonomous Vehicle (""Waymo AV"") operating in Los Angeles, California was in a collision involving an SUV on [XXX] at [XXX]. 
The Waymo AV was stopped facing northwest on [XXX] for a red light at the intersection at [XXX], while an SUV was stopped facing southeast on [XXX] with its left turn signal activated. When the light turned green, the Waymo AV proceeded forward into the intersection. The SUV then began an unprotected  left turn onto northeastbound [XXX], and the front left of the SUV made contact with the left side of the Waymo AV. At the time of the impact, the Waymo AV's Level 4 ADS was engaged in autonomous mode. Both vehicles sustained damage.
Waymo is reporting this crash under Request No. 1 of Standing General Order 2021-01 because a vehicle involved was towed away. Waymo may supplement or correct its reporting with additional information as it may become available.", ,False, ,LOS_ANGELES,V2V Intersection,False,False,post_june16,Y, ,"5th Generation ADS, Version 10", ,Verified Engaged, , , , , , , ,Y, , , , , , , , , , , ,"No Subject Vehicle, No Crash Partner","Yes Subject Vehicle, No Crash Partner",Subject Vehicle - No Passenger In Vehicle
30270-11664,1,Waymo LLC,5-Day,,,SEP-2025,SADHW2S1XR1,,,JAGUAR,I-PACE, ,2024.0, ,cb1072ac0fd50b0,,,,,,,,,,,,,,,,,,,,,,,ADS,Waymo LLC, , ,Y, , , , ,,,SEP-2025, ,,20:16, ,d6ba83005d45c1c,[MAY CONTAIN PERSONALLY IDENTIFIABLE INFORMATION], ,[MAY CONTAIN PERSONALLY IDENTIFIABLE INFORMATION], ,, ,San Francisco, ,CA,, ,Intersection,,,,,,Y, , ,, , ,,,,SUV,Property Damage. No Injured Reported,,Stopped,,, , , , , , , ,Y, , , ,Proceeding Straight,,,,2.0, , , , ,Y, , , , , , , , , ,Y, ,Y, , , ,,, ,,,,,,,,Yes, ,"On September [XXX], 2025 at 8:16 PM PT a Waymo Autonomous Vehicle (""Waymo AV"") operating in San Francisco, California was in a collision involving an SUV on [XXX] at [XXX]. 
The Waymo AV was traveling westbound in the middle of three lanes on [XXX] and came to a stop for a red light at the intersection with [XXX]. An SUV was stopped facing west in the left lane with its hazard lights activated. While the Waymo AV remained stopped, passengers entering the stationary SUV opened the rear right side door. The traffic light then turned green and the Waymo AV remained stopped for the passenger of the SUV standing to the left of the Waymo AV. Once the passengers entered the SUV, the Waymo AV proceeded forward, and the opened rear right door made contact with the rear left side of the Waymo AV. At the time of the impact, the Waymo AV's Level 4 ADS was engaged in autonomous mode. Both vehicles sustained damage.
Waymo is reporting this crash under Request No. 1 of Standing General Order 2021-01 because a vehicle involved was towed away. Waymo may supplement or correct its reporting with additional information as it may become available.", ,True, ,SAN_FRANCISCO,All Others,False,False,post_june16,Y, ,"5th Generation ADS, Version 10", ,Verified Engaged, , , , , , , ,Y, , , , , , , , , , , ,"No Subject Vehicle, No Crash Partner","Yes Subject Vehicle, No Crash Partner",Subject Vehicle - All Belted